{"cameraMode":{"drawMode":0,"name":"Shaded","section":"Shading Mode"},"sceneLighting":true,"audioPlay":false,"sceneViewState":{"m_AlwaysRefresh":false,"showFog":true,"showSkybox":false,"showFlares":true,"showImageEffects":true,"showParticleSystems":true,"showVisualEffectGraphs":true,"m_FxEnabled":true},"in2DMode":false,"pivot":{"x":7.238389015197754,"y":-93.21063232421875,"z":118.00547790527344},"rotation":{"x":-0.33109086751937868,"y":-0.02008359506726265,"z":0.0069976369850337509,"w":-0.9434753656387329},"size":80.61489868164063,"orthographic":false}