{"cameraMode":{"drawMode":0,"name":"Shaded","section":"Shading Mode"},"sceneLighting":true,"audioPlay":false,"sceneViewState":{"m_AlwaysRefresh":false,"showFog":true,"showSkybox":false,"showFlares":true,"showImageEffects":true,"showParticleSystems":true,"showVisualEffectGraphs":true,"m_FxEnabled":true},"in2DMode":false,"pivot":{"x":24.200157165527345,"y":22.078327178955079,"z":-62.13582229614258},"rotation":{"x":0.03405744582414627,"y":-0.9559033513069153,"z":0.26490354537963869,"w":0.12379302084445954},"size":58.69347381591797,"orthographic":false}