{"cameraMode":{"drawMode":0,"name":"Shaded","section":"Shading Mode"},"sceneLighting":true,"audioPlay":false,"sceneViewState":{"m_AlwaysRefresh":false,"showFog":true,"showSkybox":false,"showFlares":true,"showImageEffects":true,"showParticleSystems":true,"showVisualEffectGraphs":true,"m_FxEnabled":true},"in2DMode":false,"pivot":{"x":70.94313049316406,"y":87.52578735351563,"z":78.12350463867188},"rotation":{"x":0.06311046332120896,"y":-0.9235836267471314,"z":0.17417912185192109,"w":0.33610910177230837},"size":14.350552558898926,"orthographic":false}