Using pre-set license
Built from '2022.3/staging' branch; Version is '2022.3.54f1 (129125d4e700) revision 1216805'; Using compiler version '192829333'; Build Type 'Release'
OS: 'Windows 10  (10.0.19045) 64bit Professional' Language: 'ru' Physical Memory: 12123 MB
BatchMode: 1, IsHumanControllingUs: 0, StartBugReporterOnCrash: 0, Is64bit: 1, IsPro: 1

COMMAND LINE ARGUMENTS:
C:\Program Files\Unity\Hub\Editor\2022.3.54f1\Editor\Unity.exe
-adb2
-batchMode
-noUpm
-name
AssetImportWorker0
-projectPath
C:/hackaton/there-then-back
-logFile
Logs/AssetImportWorker0.log
-srvPort
54878
Successfully changed project path to: C:/hackaton/there-then-back
C:/hackaton/there-then-back
[UnityMemory] Configuration Parameters - Can be set up in boot.config
    "memorysetup-bucket-allocator-granularity=16"
    "memorysetup-bucket-allocator-bucket-count=8"
    "memorysetup-bucket-allocator-block-size=33554432"
    "memorysetup-bucket-allocator-block-count=8"
    "memorysetup-main-allocator-block-size=16777216"
    "memorysetup-thread-allocator-block-size=16777216"
    "memorysetup-gfx-main-allocator-block-size=16777216"
    "memorysetup-gfx-thread-allocator-block-size=16777216"
    "memorysetup-cache-allocator-block-size=4194304"
    "memorysetup-typetree-allocator-block-size=2097152"
    "memorysetup-profiler-bucket-allocator-granularity=16"
    "memorysetup-profiler-bucket-allocator-bucket-count=8"
    "memorysetup-profiler-bucket-allocator-block-size=33554432"
    "memorysetup-profiler-bucket-allocator-block-count=8"
    "memorysetup-profiler-allocator-block-size=16777216"
    "memorysetup-profiler-editor-allocator-block-size=1048576"
    "memorysetup-temp-allocator-size-main=16777216"
    "memorysetup-job-temp-allocator-block-size=2097152"
    "memorysetup-job-temp-allocator-block-size-background=1048576"
    "memorysetup-job-temp-allocator-reduction-small-platforms=262144"
    "memorysetup-allocator-temp-initial-block-size-main=262144"
    "memorysetup-allocator-temp-initial-block-size-worker=262144"
    "memorysetup-temp-allocator-size-background-worker=32768"
    "memorysetup-temp-allocator-size-job-worker=262144"
    "memorysetup-temp-allocator-size-preload-manager=33554432"
    "memorysetup-temp-allocator-size-nav-mesh-worker=65536"
    "memorysetup-temp-allocator-size-audio-worker=65536"
    "memorysetup-temp-allocator-size-cloud-worker=32768"
    "memorysetup-temp-allocator-size-gi-baking-worker=262144"
    "memorysetup-temp-allocator-size-gfx=262144"
Player connection [6928]  Target information:

Player connection [6928]  * "[IP] 10.173.200.41 [Port] 0 [Flags] 2 [Guid] 1718365797 [EditorId] 1718365797 [Version] 1048832 [Id] WindowsEditor(7,DESKTOP-FS5UCSJ) [Debug] 1 [PackageName] WindowsEditor [ProjectName] Editor" 

Player connection [6928] Host joined multi-casting on [225.0.0.222:54997]...
Player connection [6928] Host joined alternative multi-casting on [225.0.0.222:34997]...
[PhysX] Initialized MultithreadedTaskDispatcher with 4 workers.
Refreshing native plugins compatible for Editor in 22.39 ms, found 2 plugins.
Preloading 0 native plugins for Editor in 0.00 ms.
Initialize engine version: 2022.3.54f1 (129125d4e700)
[Subsystems] Discovering subsystems at path C:/Program Files/Unity/Hub/Editor/2022.3.54f1/Editor/Data/Resources/UnitySubsystems
[Subsystems] Discovering subsystems at path C:/hackaton/there-then-back/Assets
GfxDevice: creating device client; threaded=0; jobified=0
Direct3D:
    Version:  Direct3D 11.0 [level 11.0]
    Renderer: NVIDIA GeForce GT 620M (ID=0x1140)
    Vendor:   NVIDIA
    VRAM:     969 MB
    Driver:   23.21.13.9135
Initialize mono
Mono path[0] = 'C:/Program Files/Unity/Hub/Editor/2022.3.54f1/Editor/Data/Managed'
Mono path[1] = 'C:/Program Files/Unity/Hub/Editor/2022.3.54f1/Editor/Data/MonoBleedingEdge/lib/mono/unityjit-win32'
Mono config path = 'C:/Program Files/Unity/Hub/Editor/2022.3.54f1/Editor/Data/MonoBleedingEdge/etc'
Using monoOptions --debugger-agent=transport=dt_socket,embedding=1,server=y,suspend=n,address=127.0.0.1:56696
Begin MonoManager ReloadAssembly
Registering precompiled unity dll's ...
Register platform support module: C:/Program Files/Unity/Hub/Editor/2022.3.54f1/Editor/Data/PlaybackEngines/WebGLSupport/UnityEditor.WebGL.Extensions.dll
Register platform support module: C:/Program Files/Unity/Hub/Editor/2022.3.54f1/Editor/Data/PlaybackEngines/AndroidPlayer/UnityEditor.Android.Extensions.dll
Register platform support module: C:/Program Files/Unity/Hub/Editor/2022.3.54f1/Editor/Data/PlaybackEngines/WindowsStandaloneSupport/UnityEditor.WindowsStandalone.Extensions.dll
Registered in 0.045683 seconds.
- Loaded All Assemblies, in  1.946 seconds
Native extension for WindowsStandalone target not found
Native extension for Android target not found
Android Extension - Scanning For ADB Devices 1416 ms
Native extension for WebGL target not found
Mono: successfully reloaded assembly
- Finished resetting the current domain, in  2.687 seconds
Domain Reload Profiling: 4627ms
	BeginReloadAssembly (371ms)
		ExecutionOrderSort (0ms)
		DisableScriptedObjects (0ms)
		BackupInstance (0ms)
		ReleaseScriptingObjects (0ms)
		CreateAndSetChildDomain (2ms)
	RebuildCommonClasses (124ms)
	RebuildNativeTypeToScriptingClass (34ms)
	initialDomainReloadingComplete (259ms)
	LoadAllAssembliesAndSetupDomain (1150ms)
		LoadAssemblies (367ms)
		RebuildTransferFunctionScriptingTraits (0ms)
		AnalyzeDomain (1141ms)
			TypeCache.Refresh (1137ms)
				TypeCache.ScanAssembly (1098ms)
			ScanForSourceGeneratedMonoScriptInfo (1ms)
			ResolveRequiredComponents (1ms)
	FinalizeReload (2688ms)
		ReleaseScriptCaches (0ms)
		RebuildScriptCaches (0ms)
		SetupLoadedEditorAssemblies (2545ms)
			LogAssemblyErrors (0ms)
			InitializePlatformSupportModulesInManaged (1980ms)
			SetLoadedEditorAssemblies (13ms)
			RefreshPlugins (0ms)
			BeforeProcessingInitializeOnLoad (7ms)
			ProcessInitializeOnLoadAttributes (388ms)
			ProcessInitializeOnLoadMethodAttributes (156ms)
			AfterProcessingInitializeOnLoad (0ms)
			EditorAssembliesLoaded (0ms)
		ExecutionOrderSort2 (0ms)
		AwakeInstancesAfterBackupRestoration (0ms)
========================================================================
Worker process is ready to serve import requests
Caller must complete domain reload
Begin MonoManager ReloadAssembly
- Loaded All Assemblies, in  1.510 seconds
Native extension for WindowsStandalone target not found
Native extension for Android target not found
Native extension for WebGL target not found
Package Manager log level set to [2]
[Package Manager] Server::EnsureServerProcessIsRunning -- launch failed, reason: Unity was launched with the -noUpm command-line argument
[Package Manager] UpmClient::Send -- Unable to send message (not connected to UPM process).
[Package Manager] Cannot connect to Unity Package Manager local server
Mono: successfully reloaded assembly
- Finished resetting the current domain, in  1.801 seconds
Domain Reload Profiling: 3303ms
	BeginReloadAssembly (454ms)
		ExecutionOrderSort (0ms)
		DisableScriptedObjects (19ms)
		BackupInstance (0ms)
		ReleaseScriptingObjects (0ms)
		CreateAndSetChildDomain (46ms)
	RebuildCommonClasses (124ms)
	RebuildNativeTypeToScriptingClass (31ms)
	initialDomainReloadingComplete (129ms)
	LoadAllAssembliesAndSetupDomain (763ms)
		LoadAssemblies (759ms)
		RebuildTransferFunctionScriptingTraits (0ms)
		AnalyzeDomain (278ms)
			TypeCache.Refresh (243ms)
				TypeCache.ScanAssembly (206ms)
			ScanForSourceGeneratedMonoScriptInfo (25ms)
			ResolveRequiredComponents (8ms)
	FinalizeReload (1802ms)
		ReleaseScriptCaches (0ms)
		RebuildScriptCaches (0ms)
		SetupLoadedEditorAssemblies (1399ms)
			LogAssemblyErrors (0ms)
			InitializePlatformSupportModulesInManaged (65ms)
			SetLoadedEditorAssemblies (7ms)
			RefreshPlugins (0ms)
			BeforeProcessingInitializeOnLoad (150ms)
			ProcessInitializeOnLoadAttributes (1090ms)
			ProcessInitializeOnLoadMethodAttributes (61ms)
			AfterProcessingInitializeOnLoad (25ms)
			EditorAssembliesLoaded (0ms)
		ExecutionOrderSort2 (0ms)
		AwakeInstancesAfterBackupRestoration (19ms)
Launched and connected shader compiler UnityShaderCompiler.exe after 0.14 seconds
Refreshing native plugins compatible for Editor in 9.37 ms, found 2 plugins.
Preloading 0 native plugins for Editor in 0.00 ms.
Unloading 1435 Unused Serialized files (Serialized files now loaded: 0)
Unloading 14 unused Assets / (52.9 KB). Loaded Objects now: 1910.
Memory consumption went from 84.5 MB to 84.5 MB.
Total: 8.921600 ms (FindLiveObjects: 0.366600 ms CreateObjectMapping: 0.130100 ms MarkObjects: 8.127000 ms  DeleteObjects: 0.295500 ms)

AssetImportParameters requested are different than current active one (requested -> active):
  custom:video-encoder-webm-vp8: eb34c28f22e8b96e1ab97ce403110664 -> 
  custom:video-decoder-webm-vp8: 9c59270c3fd7afecdb556c50c9e8de78 -> 
  custom:audio-decoder-ogg-vorbis: bf7c407c2cedff20999df2af8eb42d56 -> 
  custom:SearchIndexIgnoredProperties: e643bd26f0fe6173181afceb89e7c659 -> 
  custom:container-demuxer-ogg: 62fdf1f143b41e24485cea50d1cbac27 -> 
  custom:AudioImporter_EditorPlatform: d09bf68614088b80899f8185d706f6e7 -> 
  custom:CustomObjectIndexerAttribute: 9a22284fe3817be447336de3de66b15e -> 
  custom:container-demuxer-webm: 4f35f7cbe854078d1ac9338744f61a02 -> 
  custom:video-decoder-ogg-theora: a1e56fd34408186e4bbccfd4996cb3dc -> 
  custom:audio-encoder-webm-vorbis: bf7c407c2cedff20999df2af8eb42d56 -> 
  custom:framework-win-MediaFoundation: 216162199b28c13a410421893ffa2e32 -> 
  custom:container-muxer-webm: aa71ff27fc2769a1b78a27578f13a17b -> 
========================================================================
Received Import Request.
  Time since last request: 1216029.350871 seconds.
  path: Assets/Scripts/PlayerPhysicsMat.physicMaterial
  artifactKey: Guid(710c32a0f2d0ebf499ca76ed3e78211d) Importer(815301076,1909f56bfc062723c751e8b465ee728b)
Start importing Assets/Scripts/PlayerPhysicsMat.physicMaterial using Guid(710c32a0f2d0ebf499ca76ed3e78211d) Importer(815301076,1909f56bfc062723c751e8b465ee728b) [PhysX] Initialized MultithreadedTaskDispatcher with 4 workers.
 -> (artifact id: '5d9023028f685db43f81f907a9190be5') in 0.037551 seconds
Number of updated asset objects reloaded before import = 0
Number of asset objects unloaded after import = 1
========================================================================
Received Prepare
Caller must complete domain reload
Begin MonoManager ReloadAssembly
- Loaded All Assemblies, in  1.212 seconds
Native extension for WindowsStandalone target not found
Native extension for Android target not found
Native extension for WebGL target not found
[Package Manager] Server::EnsureServerProcessIsRunning -- launch failed, reason: Unity was launched with the -noUpm command-line argument
[Package Manager] UpmClient::Send -- Unable to send message (not connected to UPM process).
[Package Manager] Cannot connect to Unity Package Manager local server
Mono: successfully reloaded assembly
- Finished resetting the current domain, in  2.279 seconds
Domain Reload Profiling: 3484ms
	BeginReloadAssembly (448ms)
		ExecutionOrderSort (0ms)
		DisableScriptedObjects (14ms)
		BackupInstance (0ms)
		ReleaseScriptingObjects (0ms)
		CreateAndSetChildDomain (87ms)
	RebuildCommonClasses (143ms)
	RebuildNativeTypeToScriptingClass (45ms)
	initialDomainReloadingComplete (94ms)
	LoadAllAssembliesAndSetupDomain (473ms)
		LoadAssemblies (712ms)
		RebuildTransferFunctionScriptingTraits (0ms)
		AnalyzeDomain (23ms)
			TypeCache.Refresh (9ms)
				TypeCache.ScanAssembly (0ms)
			ScanForSourceGeneratedMonoScriptInfo (0ms)
			ResolveRequiredComponents (11ms)
	FinalizeReload (2280ms)
		ReleaseScriptCaches (0ms)
		RebuildScriptCaches (0ms)
		SetupLoadedEditorAssemblies (1325ms)
			LogAssemblyErrors (0ms)
			InitializePlatformSupportModulesInManaged (62ms)
			SetLoadedEditorAssemblies (8ms)
			RefreshPlugins (0ms)
			BeforeProcessingInitializeOnLoad (156ms)
			ProcessInitializeOnLoadAttributes (1024ms)
			ProcessInitializeOnLoadMethodAttributes (51ms)
			AfterProcessingInitializeOnLoad (23ms)
			EditorAssembliesLoaded (0ms)
		ExecutionOrderSort2 (0ms)
		AwakeInstancesAfterBackupRestoration (19ms)
Refreshing native plugins compatible for Editor in 5.46 ms, found 2 plugins.
Preloading 0 native plugins for Editor in 0.00 ms.
Unloading 1415 Unused Serialized files (Serialized files now loaded: 0)
Unloading 9 unused Assets / (25.9 KB). Loaded Objects now: 1914.
Memory consumption went from 80.6 MB to 80.5 MB.
Total: 9.417000 ms (FindLiveObjects: 0.200200 ms CreateObjectMapping: 0.160800 ms MarkObjects: 8.983000 ms  DeleteObjects: 0.070700 ms)

Prepare: number of updated asset objects reloaded= 0
AssetImportParameters requested are different than current active one (requested -> active):
  custom:video-encoder-webm-vp8: eb34c28f22e8b96e1ab97ce403110664 -> 
  custom:video-decoder-webm-vp8: 9c59270c3fd7afecdb556c50c9e8de78 -> 
  custom:audio-decoder-ogg-vorbis: bf7c407c2cedff20999df2af8eb42d56 -> 
  custom:SearchIndexIgnoredProperties: e643bd26f0fe6173181afceb89e7c659 -> 
  custom:container-demuxer-ogg: 62fdf1f143b41e24485cea50d1cbac27 -> 
  custom:AudioImporter_EditorPlatform: d09bf68614088b80899f8185d706f6e7 -> 
  custom:CustomObjectIndexerAttribute: 9a22284fe3817be447336de3de66b15e -> 
  custom:container-demuxer-webm: 4f35f7cbe854078d1ac9338744f61a02 -> 
  custom:video-decoder-ogg-theora: a1e56fd34408186e4bbccfd4996cb3dc -> 
  custom:audio-encoder-webm-vorbis: bf7c407c2cedff20999df2af8eb42d56 -> 
  custom:framework-win-MediaFoundation: 216162199b28c13a410421893ffa2e32 -> 
  custom:container-muxer-webm: aa71ff27fc2769a1b78a27578f13a17b -> 
========================================================================
Received Prepare
Caller must complete domain reload
Begin MonoManager ReloadAssembly
- Loaded All Assemblies, in  1.021 seconds
Native extension for WindowsStandalone target not found
Native extension for Android target not found
Native extension for WebGL target not found
[Package Manager] Server::EnsureServerProcessIsRunning -- launch failed, reason: Unity was launched with the -noUpm command-line argument
[Package Manager] UpmClient::Send -- Unable to send message (not connected to UPM process).
[Package Manager] Cannot connect to Unity Package Manager local server
Mono: successfully reloaded assembly
- Finished resetting the current domain, in  2.071 seconds
Domain Reload Profiling: 3086ms
	BeginReloadAssembly (360ms)
		ExecutionOrderSort (0ms)
		DisableScriptedObjects (10ms)
		BackupInstance (0ms)
		ReleaseScriptingObjects (0ms)
		CreateAndSetChildDomain (58ms)
	RebuildCommonClasses (91ms)
	RebuildNativeTypeToScriptingClass (33ms)
	initialDomainReloadingComplete (79ms)
	LoadAllAssembliesAndSetupDomain (450ms)
		LoadAssemblies (623ms)
		RebuildTransferFunctionScriptingTraits (0ms)
		AnalyzeDomain (65ms)
			TypeCache.Refresh (25ms)
				TypeCache.ScanAssembly (8ms)
			ScanForSourceGeneratedMonoScriptInfo (23ms)
			ResolveRequiredComponents (14ms)
	FinalizeReload (2072ms)
		ReleaseScriptCaches (0ms)
		RebuildScriptCaches (0ms)
		SetupLoadedEditorAssemblies (1222ms)
			LogAssemblyErrors (0ms)
			InitializePlatformSupportModulesInManaged (51ms)
			SetLoadedEditorAssemblies (11ms)
			RefreshPlugins (0ms)
			BeforeProcessingInitializeOnLoad (135ms)
			ProcessInitializeOnLoadAttributes (964ms)
			ProcessInitializeOnLoadMethodAttributes (42ms)
			AfterProcessingInitializeOnLoad (19ms)
			EditorAssembliesLoaded (0ms)
		ExecutionOrderSort2 (0ms)
		AwakeInstancesAfterBackupRestoration (13ms)
Refreshing native plugins compatible for Editor in 4.64 ms, found 2 plugins.
Preloading 0 native plugins for Editor in 0.00 ms.
Unloading 1580 Unused Serialized files (Serialized files now loaded: 0)
Unloading 11 unused Assets / (123.9 KB). Loaded Objects now: 2091.
Memory consumption went from 85.6 MB to 85.5 MB.
Total: 6.787000 ms (FindLiveObjects: 0.201000 ms CreateObjectMapping: 0.088800 ms MarkObjects: 6.305000 ms  DeleteObjects: 0.190300 ms)

Prepare: number of updated asset objects reloaded= 0
AssetImportParameters requested are different than current active one (requested -> active):
  custom:scripting/monoscript/fileName/CinemachineGroupComposerEditor.cs: 54a07f36704e77a685a5e7e8c8b2c216 -> 
  custom:video-decoder-webm-vp8: 9c59270c3fd7afecdb556c50c9e8de78 -> 
  custom:scripting/monoscript/fileName/CinemachineConfinerEditor.cs: cc6c898a3390647ab91613c8a96de4b4 -> 
  custom:scripting/monoscript/fileName/CinemachineHardLookAt.cs: 792580aec23d39bcecd7ceea4c27a0ce -> 
  custom:scripting/monoscript/fileName/CinemachineInputAxisDriver.cs: 7e424e54660fed310c58dc98ea41042e -> 
  custom:scripting/monoscript/fileName/CinemachineStoryboardEditor.cs: 2e7ec8bfb72013eaaff4873a27da019c -> 
  custom:scripting/monoscript/fileName/CinemachineBasicMultiChannelPerlin.cs: bd5416e75860cd63657371207eb79058 -> 
  custom:scripting/monoscript/fileName/CinemachineBlendDefinitionPropertyDrawer.cs: 7ae344d19d646b738f3c65294becf216 -> 
  custom:scripting/monoscript/fileName/CinemachineTrackedDollyEditor.cs: b4d6784c58752cea58aafd9a76ca4459 -> 
  custom:scripting/monoscript/fileName/CinemachineImpulseManager.cs: c34be3577a810e26fd0110c580799b88 -> 
  custom:scripting/monoscript/fileName/CinemachineSmoothPath.cs: c28db2688f35d70587b5f943431a010a -> 
  custom:SearchIndexIgnoredProperties: e643bd26f0fe6173181afceb89e7c659 -> 
  custom:scripting/monoscript/fileName/CinemachineStateDrivenCamera.cs: aea2468a7384be4ba6d1b043ccec135d -> 
  custom:container-demuxer-ogg: 62fdf1f143b41e24485cea50d1cbac27 -> 
  custom:scripting/monoscript/fileName/CinemachineBlenderSettings.cs: 9adcb80668a56be4cd8e31c1d3dc60ae -> 
  custom:AudioImporter_EditorPlatform: d09bf68614088b80899f8185d706f6e7 -> 
  custom:scripting/monoscript/fileName/SignalSourceAsset.cs: f7ffd463dece56bad278f5a8d3ed7fc6 -> 
  custom:scripting/monoscript/fileName/CinemachineMixingCamera.cs: 739c5ceb76c01023f431794ec46a0177 -> 
  custom:scripting/monoscript/fileName/CinemachineCore.cs: fe6c3be993819098833de1628bfd76b2 -> 
  custom:scripting/monoscript/fileName/CinemachinePath.cs: b443d3c8837a65ddc3c78741cd58ec71 -> 
  custom:scripting/monoscript/fileName/CinemachineImpulseChannelPropertyDrawer.cs: 4b6390a17916751618e2a45cb8d47a80 -> 
  custom:scripting/monoscript/fileName/SerializedPropertyHelper.cs: b04ac165255e34bc2935ca9bf180e209 -> 
  custom:scripting/monoscript/fileName/CinemachineFramingTransposer.cs: 7943c9d436748359882d8f978cf86c91 -> 
  custom:scripting/monoscript/fileName/CinemachineImpulseListenerEditor.cs: d5d28e418f87c111bce1c1b98f1f70ba -> 
  custom:scripting/monoscript/fileName/AxisState.cs: 1a494a66d8b9a58f4a6873f89bf5b094 -> 
  custom:scripting/monoscript/fileName/CinemachineDollyCart.cs: bbe9d07f4a2f7ee5ab002e66cb05f922 -> 
  custom:scripting/monoscript/fileName/CinemachineStoryboard.cs: 59a2099f76be9b47af1e12ed7d40f553 -> 
  custom:scripting/monoscript/fileName/CinemachineClearShot.cs: 1da15f5c7903497ce3ae982ee4ee4779 -> 
  custom:scripting/monoscript/fileName/CinemachinePOVEditor.cs: 71db5a9242a182995b4ca15db516f628 -> 
  custom:scripting/monoscript/fileName/CinemachineMixer.cs: 2e36eb9e732dd7c8a32e8f83daebd6f4 -> 
  custom:scripting/monoscript/fileName/CinemachinePixelPerfect.cs: 2f42bea4517739481ed2553d1616050e -> 
  custom:scripting/monoscript/fileName/CinemachineTrackedDolly.cs: f6a9c21b27ad86d45f62f6b444ccbb49 -> 
  custom:scripting/monoscript/fileName/CinemachineHardLookAtEditor.cs: 15b8f2af6a6d786898ce5dd6b0db26dc -> 
  custom:scripting/monoscript/fileName/CinemachineConfiner.cs: 3813336c17662a5cb6b59ce5f1954254 -> 
  custom:scripting/monoscript/fileName/CinemachineComposer.cs: e399dfd36807c341da7cd182ce299d1e -> 
  custom:scripting/monoscript/fileName/CinemachineTrack.cs: 4b50d47d507c57dc81b82253ec075194 -> 
  custom:scripting/monoscript/fileName/CinemachineSmoothPathEditor.cs: 7555bcba4eb760e012dd21c6730ae562 -> 
  custom:scripting/monoscript/fileName/ScriptableObjectUtility.cs: c529d074f6f57a07e3f410d488963bbc -> 
  custom:scripting/monoscript/fileName/CinemachineBrain.cs: 365b4e0b6319f064062e97b8f8e32c8e -> 
  custom:scripting/monoscript/fileName/CinemachineImpulseDefinitionPropertyDrawer.cs: 1b2fc77b0a80a7e0e9045e0d44fb761c -> 
  custom:scripting/monoscript/fileName/CinemachineColliderPrefs.cs: 47106451d4685409820905badf49b71f -> 
  custom:scripting/monoscript/fileName/CinemachineFollowZoom.cs: eb74e2e98d3dc4647324e113f34710ca -> 
  custom:scripting/monoscript/fileName/CinemachineDebug.cs: 3077ed3b64725184c652d4c07ac732fd -> 
  custom:scripting/monoscript/fileName/CinemachineLensPresets.cs: 014747fb0ab87178c677520d0bf20bf7 -> 
  custom:video-decoder-ogg-theora: a1e56fd34408186e4bbccfd4996cb3dc -> 
  custom:scripting/monoscript/fileName/CinemachineOrbitalTransposer.cs: 71c52878ba6d43827473a480056a99da -> 
  custom:scripting/monoscript/fileName/ICinemachineCamera.cs: 2faad4f04eaf5d98c2870adbfb06184e -> 
  custom:scripting/monoscript/fileName/CinemachineCameraOffset.cs: a6887f67d3eb83cc6393b822d4e65121 -> 
  custom:scripting/monoscript/fileName/CinemachinePathBase.cs: debb99764287c54cae06313e2d6a1fe1 -> 
  custom:scripting/monoscript/fileName/CinemachineImpulseSource.cs: ac073b8453e26c5dd422d5f1a90a7ff2 -> 
  custom:scripting/monoscript/fileName/CinemachineShotPlayable.cs: e346ad1ecb4af45da55274cb9abd9ec0 -> 
  custom:scripting/monoscript/fileName/CinemachineTagFieldPropertyDrawer.cs: e78491a12decd558a49d01cc583bfcfb -> 
  custom:framework-win-MediaFoundation: 216162199b28c13a410421893ffa2e32 -> 
  custom:scripting/monoscript/fileName/CinemachineImpulseEnvelopePropertyDrawer.cs: 07e00c9c84964a5c7e4f3f19e4263ec1 -> 
  custom:scripting/monoscript/fileName/CinemachineVolumeSettings.cs: 22782cc3dbf8dfd1cb54e8486f29fe0d -> 
  custom:scripting/monoscript/fileName/SplineHelpers.cs: 9e5bf4293b3828088291b7871e233a27 -> 
  custom:scripting/monoscript/fileName/CinemachineImpulseSourceEditor.cs: 0ef7804c69c18838aa65e6d5bae5b055 -> 
  custom:scripting/monoscript/fileName/CinemachineExternalCameraEditor.cs: d74df442250b898c9b40669a19100e9d -> 
  custom:scripting/monoscript/fileName/CinemachineSameAsFollowTargetEditor.cs: 6def40fc1e39b3242347b6630fb5127e -> 
  custom:scripting/monoscript/fileName/CinemachineTargetGroupEditor.cs: f70ac85df8c1c9bd0b83a35534bafd1f -> 
  custom:scripting/monoscript/fileName/CinemachineRecomposer.cs: 07354cca81f7d0775b027b5906330569 -> 
  custom:scripting/monoscript/fileName/CinemachineTransposer.cs: aa226dd144b3a977b86ea888b85df5fa -> 
  custom:scripting/monoscript/fileName/CinemachineBlendListCameraEditor.cs: dbc12d2a9f3e2999a067290c411b2aca -> 
  custom:scripting/monoscript/fileName/TargetPositionCache.cs: 49ce97e6930a536b43825141e0c2d3a4 -> 
  custom:scripting/monoscript/fileName/CinemachineShot.cs: 3d4d9d05534db20e82d871d98ea52716 -> 
  custom:scripting/monoscript/fileName/UnityVectorExtensions.cs: 052777772edecdffe26d41a6a989641e -> 
  custom:scripting/monoscript/fileName/CinemachineBasicMultiChannelPerlinEditor.cs: d6749cd6c482efa27bdd41f60394f1b9 -> 
  custom:scripting/monoscript/fileName/CinemachineHardLockToTarget.cs: d349308c5b4f600a345055c394206f52 -> 
  custom:scripting/monoscript/fileName/CinemachineImpulseChannels.cs: a9a39cc5ecea1f083db0fce154eec19c -> 
  custom:scripting/monoscript/fileName/CinemachineConfiner2D.cs: beb10be0db8ff9d3a94bd0a150963b9b -> 
  custom:scripting/monoscript/fileName/LensSettings.cs: 4335e899502c57ee4480b8c9aa915366 -> 
  custom:scripting/monoscript/fileName/CinemachineExternalCamera.cs: d76122377115c288d881064c3f07a3f1 -> 
  custom:scripting/monoscript/fileName/Cinemachine3rdPersonAim.cs: 4bd230d915f070bb3cae23bef6f7ab70 -> 
  custom:scripting/monoscript/fileName/ReflectionHelpers.cs: 60a5d38af3e775d0a421a7ff630d61cc -> 
  custom:scripting/monoscript/fileName/CinemachineVirtualCamera.cs: f16f2dc5bc1261579875c19605c45301 -> 
  custom:scripting/monoscript/fileName/Predictor.cs: d51584936cb5b31b30ee7b444e03385b -> 
  custom:scripting/monoscript/fileName/CinemachineImpulseListener.cs: 6aac146243d38e7a67346170caa40ea1 -> 
  custom:scripting/monoscript/fileName/CinemachineOrbitalTransposerEditor.cs: 5ea2e4bec7ee6c24917bd86647f4bffa -> 
  custom:scripting/monoscript/fileName/CinemachineConfiner2DEditor.cs: 3f4b3d9b17ff5cd560135aa24f822994 -> 
  custom:scripting/monoscript/fileName/GroupWeightManipulator.cs: 588749cf3436a8199e762a8e09bc8de7 -> 
  custom:scripting/monoscript/fileName/AxisStatePropertyDrawer.cs: 2d807695a513641e771c78e6c342ff04 -> 
  custom:video-encoder-webm-vp8: eb34c28f22e8b96e1ab97ce403110664 -> 
  custom:scripting/monoscript/fileName/CinemachineScreenComposerGuides.cs: cdc7ea02ccc4c8d1561d98d16760d1ca -> 
  custom:scripting/monoscript/fileName/CinemachinePropertyAttribute.cs: e8158d9725ac3a9129a08e46a4ff7519 -> 
  custom:scripting/monoscript/fileName/CinemachineVirtualCameraEditor.cs: 2e051d0c474634e907fe4123d6e2656e -> 
  custom:scripting/monoscript/fileName/CinemachineMenu.cs: 7b932811d9fa1e44d0d8b2b9ed75adf3 -> 
  custom:scripting/monoscript/fileName/RuntimeUtility.cs: 8c92a9f673836e5d2084dbeb0f10159f -> 
  custom:scripting/monoscript/fileName/CinemachineFreeLook.cs: bebc32b18bc4beddc113bad68624e557 -> 
  custom:scripting/monoscript/fileName/CinemachineSettings.cs: 197f6d5ad32e253546b5afa056a5bba4 -> 
  custom:audio-decoder-ogg-vorbis: bf7c407c2cedff20999df2af8eb42d56 -> 
  custom:scripting/monoscript/fileName/CinemachineGroupComposer.cs: 173a689a80ef321c302f9c045419668f -> 
  custom:scripting/monoscript/fileName/CinemachineVirtualCameraBase.cs: c7e60cccdcb14ee2a33da9fd46c1c54f -> 
  custom:scripting/monoscript/fileName/CinemachineFixedSignal.cs: aedcdca7a861da6e456e0ae105b24c41 -> 
  custom:scripting/monoscript/fileName/CinemachineShotClipEditor.cs: 123a48531bf1d1b4f3c8398556caec62 -> 
  custom:scripting/monoscript/fileName/CinemachineNoiseSettingsEditor.cs: 9056e69d9c759ba2504535054fff31c9 -> 
  custom:scripting/monoscript/fileName/CinemachineTouchInputMapper.cs: b9698729a07a7d31c864247e0582b566 -> 
  custom:scripting/monoscript/fileName/CinemachineTriggerAction.cs: cab9c5d02c28af05797c2c3743539bdb -> 
  custom:scripting/monoscript/fileName/InspectorUtility.cs: e13a8546bf784ce9963c508abb88926b -> 
  custom:CustomObjectIndexerAttribute: 9a22284fe3817be447336de3de66b15e -> 
  custom:scripting/monoscript/fileName/CinemachinePOV.cs: e4df06d1994174afa286b103eb06ee7f -> 
  custom:scripting/monoscript/fileName/CinemachineBlenderSettingsEditor.cs: c57aa7de12bc3e7367ca091f4902c67b -> 
  custom:scripting/monoscript/fileName/CinemachineBlend.cs: f33659d50c4d86144d649aa7e8196529 -> 
  custom:scripting/precompiled-assembly-types:Cinemachine: 54c8b091bb91c32bfeada952c9c53e21 -> 
  custom:scripting/monoscript/fileName/CinemachineImpulseDefinition.cs: 3d434086a2bdaf715abf85e79e9f14b4 -> 
  custom:scripting/precompiled-assembly-types:com.unity.cinemachine.editor: e24bde9f61664824443e2ae04112f2bb -> 
  custom:scripting/monoscript/fileName/CinemachineFreeLookEditor.cs: 9641291977c1891a004ac4c4c259e1c8 -> 
  custom:scripting/monoscript/fileName/CinemachineTransposerEditor.cs: 85841a774ddea4fb7232a7a585f716b4 -> 
  custom:scripting/monoscript/fileName/clipper.cs: 2a50e35a835148907b3c1fa8e187ab2b -> 
  custom:scripting/monoscript/fileName/NoiseSettings.cs: 443d576e0c72ab62870476103c9384ec -> 
  custom:scripting/monoscript/fileName/GaussianFilter.cs: 0a3672ebe80edf7c5daca82445c15683 -> 
  custom:scripting/monoscript/fileName/CinemachineSceneTools.cs: d63880a6073ab3335301b115db235b5b -> 
  custom:scripting/monoscript/fileName/Cinemachine3rdPersonFollowEditor.cs: f79aa162534f81c680877e6274b5d6ec -> 
  custom:scripting/monoscript/fileName/EmbeddedAssetPropertyDrawer.cs: fd7ebc18093de04c88d0cfc86fb060f5 -> 
  custom:container-demuxer-webm: 4f35f7cbe854078d1ac9338744f61a02 -> 
  custom:scripting/monoscript/fileName/CinemachineTriggerActionEditor.cs: 2309a2ec6192ace4cae8bab5a535978e -> 
  custom:scripting/monoscript/fileName/ConfinerOven.cs: ff23c03e90b61beb34474fc6e4ff668c -> 
  custom:scripting/monoscript/fileName/VcamTargetPropertyDrawer.cs: 9208050b1312b118a226fef2d63e8fa1 -> 
  custom:scripting/monoscript/fileName/CinemachineCollisionImpulseSource.cs: 9aae5e368cb7786be199f98f2122f96d -> 
  custom:scripting/monoscript/fileName/CinemachineClearShotEditor.cs: ca8875b47e775cd361c78158d7923690 -> 
  custom:scripting/monoscript/fileName/WaveformWindow.cs: 01bbc4fc017d41a2bab7fb57c988e8da -> 
  custom:scripting/monoscript/fileName/CinemachinePipeline.cs: 6ca7a5979a0a73ea1d450a8fc9b437ef -> 
  custom:scripting/monoscript/fileName/CinemachineEditorAnalytics.cs: de76cc292d7ecedcf47af6616498c9f9 -> 
  custom:scripting/monoscript/fileName/NoiseSettingsPropertyDrawer.cs: 8d3f69ba7eeec63914970bd3136b6ace -> 
  custom:scripting/monoscript/fileName/VcamStageEditor.cs: 84b0eaf932b448975a99972628e556d8 -> 
  custom:scripting/monoscript/fileName/CinemachineBrainEditor.cs: 49621d8b7679c0b5d128fef53d55becd -> 
  custom:scripting/monoscript/fileName/CinemachineFramingTransposerEditor.cs: 1653e1c00b2ca68b1d40f01e5bfb8445 -> 
  custom:scripting/monoscript/fileName/CinemachineShotEditor.cs: 2ba28b209a4ad7f0a791994d2360a9af -> 
  custom:scripting/monoscript/fileName/CinemachineStateDrivenCameraEditor.cs: 77d9f0a97385f936d9b4ffaa686bce39 -> 
  custom:scripting/monoscript/fileName/OrbitalTransposerHeadingPropertyDrawer.cs: 22496b76ce84f35f630c90badc4babd8 -> 
  custom:scripting/monoscript/fileName/CinemachineHardLockToTargetEditor.cs: c65eaafd47115974a2a9379aae467b0e -> 
  custom:scripting/monoscript/fileName/CinemachinePathEditor.cs: ce10985fbf0e018e2dea63fedae131ba -> 
  custom:scripting/monoscript/fileName/CinemachineCollider.cs: 8fa92f525b1c31cd81812685d7f8c288 -> 
  custom:audio-encoder-webm-vorbis: bf7c407c2cedff20999df2af8eb42d56 -> 
  custom:scripting/monoscript/fileName/CameraState.cs: 6ae7088fa20820e052d1e4d86059e90b -> 
  custom:scripting/monoscript/fileName/CinemachineToolbarOverlay.cs: 371b6fc494252d6fda34e207e170cb66 -> 
  custom:scripting/monoscript/fileName/CinemachineCollisionImpulseSourceEditor.cs: 29f9a522ec6b23375849ba08fd597c8d -> 
  custom:scripting/monoscript/fileName/CinemachineIndependentImpulseListener.cs: 91ae8748b9c36955c333e57505ff90fb -> 
  custom:scripting/monoscript/fileName/CinemachineMixingCameraEditor.cs: 1c122a21d710512fec62cdc7bd351681 -> 
  custom:scripting/monoscript/fileName/CinemachinePostProcessing.cs: bf9b100a1b61fd5383288bc96487c194 -> 
  custom:scripting/monoscript/fileName/CinemachineInputProvider.cs: ecb845de690695f08b3b3bb647cc7006 -> 
  custom:scripting/monoscript/fileName/CinemachineColliderEditor.cs: 859d1abbd669ee84cb713f6d4d0e1c5f -> 
  custom:scripting/monoscript/fileName/CinemachineSameAsFollowTarget.cs: bcfa2d394e1e5460b4ef3dc039214a16 -> 
  custom:scripting/monoscript/fileName/CinemachineExtension.cs: 6968db4afcdc301f6acb1ef4fbadb2f4 -> 
  custom:scripting/monoscript/fileName/CinemachineTargetGroup.cs: 10a09aa736b3a25da6dd9fc3c4dd9d36 -> 
  custom:scripting/monoscript/fileName/CinemachineVirtualCameraBaseEditor.cs: 13ee4931cd85df4b22852d0547b5e690 -> 
  custom:scripting/monoscript/fileName/UpdateTracker.cs: 3dac8a24a32a32e4bbfeb38ed26ef250 -> 
  custom:scripting/monoscript/fileName/CinemachineComposerEditor.cs: dda533b9c6cb2b366292f584704bd904 -> 
  custom:scripting/monoscript/fileName/Cinemachine3rdPersonFollow.cs: 4600bac2bdf6b37d80e86f9aa5a413c3 -> 
  custom:scripting/monoscript/fileName/EmbeddedAssetHelpers.cs: 90647cc400823b41df847a6cbfc29026 -> 
  custom:scripting/monoscript/fileName/CinemachineBlendListCamera.cs: 66104ac24fef171d9f5d5b93a8cb2f83 -> 
  custom:scripting/monoscript/fileName/CinemachineComponentBase.cs: 5293f153c13e9bd2fc262ec31ff69206 -> 
  custom:scripting/monoscript/fileName/BaseEditor.cs: 90647cc400823b41df847a6cbfc29026 -> 
  custom:container-muxer-webm: aa71ff27fc2769a1b78a27578f13a17b -> 
  custom:scripting/monoscript/fileName/SaveDuringPlay.cs: de39f1962b337699845d3d8a2e8f5bde -> 
========================================================================
Received Import Request.
  Time since last request: 383.054357 seconds.
  path: Assets/Materials/Earth.mat
  artifactKey: Guid(6f595d1f964b923478fe0c7c291c547a) Importer(815301076,1909f56bfc062723c751e8b465ee728b)
Start importing Assets/Materials/Earth.mat using Guid(6f595d1f964b923478fe0c7c291c547a) Importer(815301076,1909f56bfc062723c751e8b465ee728b) [PhysX] Initialized MultithreadedTaskDispatcher with 4 workers.
[PhysX] Initialized MultithreadedTaskDispatcher with 4 workers.
 -> (artifact id: '9fff14828f0a7b4626992c4b25911b01') in 0.319349 seconds
Number of updated asset objects reloaded before import = 0
Number of asset objects unloaded after import = 2
========================================================================
Received Import Request.
  Time since last request: 0.000050 seconds.
  path: Assets/Materials/New Material.mat
  artifactKey: Guid(2ee9724c8252d13428b17f86d126e350) Importer(815301076,1909f56bfc062723c751e8b465ee728b)
Start importing Assets/Materials/New Material.mat using Guid(2ee9724c8252d13428b17f86d126e350) Importer(815301076,1909f56bfc062723c751e8b465ee728b) [PhysX] Initialized MultithreadedTaskDispatcher with 4 workers.
[PhysX] Initialized MultithreadedTaskDispatcher with 4 workers.
 -> (artifact id: '223264e74d7de435d0d0ad8a141a335d') in 0.122473 seconds
Number of updated asset objects reloaded before import = 0
Number of asset objects unloaded after import = 2
========================================================================
Received Import Request.
  Time since last request: 0.000043 seconds.
  path: Assets/Materials/Robo.mat
  artifactKey: Guid(a2ff734778ee87e4cb6af62effefb298) Importer(815301076,1909f56bfc062723c751e8b465ee728b)
Start importing Assets/Materials/Robo.mat using Guid(a2ff734778ee87e4cb6af62effefb298) Importer(815301076,1909f56bfc062723c751e8b465ee728b) [PhysX] Initialized MultithreadedTaskDispatcher with 4 workers.
[PhysX] Initialized MultithreadedTaskDispatcher with 4 workers.
 -> (artifact id: '1f89e9b9f7436183303085c5112dafa7') in 0.035016 seconds
Number of updated asset objects reloaded before import = 0
Number of asset objects unloaded after import = 2
========================================================================
Received Prepare
Caller must complete domain reload
Begin MonoManager ReloadAssembly
- Loaded All Assemblies, in  1.148 seconds
Native extension for WindowsStandalone target not found
Native extension for Android target not found
Native extension for WebGL target not found
[Package Manager] Server::EnsureServerProcessIsRunning -- launch failed, reason: Unity was launched with the -noUpm command-line argument
[Package Manager] UpmClient::Send -- Unable to send message (not connected to UPM process).
[Package Manager] Cannot connect to Unity Package Manager local server
Mono: successfully reloaded assembly
- Finished resetting the current domain, in  3.004 seconds
Domain Reload Profiling: 4145ms
	BeginReloadAssembly (401ms)
		ExecutionOrderSort (0ms)
		DisableScriptedObjects (15ms)
		BackupInstance (0ms)
		ReleaseScriptingObjects (0ms)
		CreateAndSetChildDomain (57ms)
	RebuildCommonClasses (125ms)
	RebuildNativeTypeToScriptingClass (40ms)
	initialDomainReloadingComplete (85ms)
	LoadAllAssembliesAndSetupDomain (487ms)
		LoadAssemblies (729ms)
		RebuildTransferFunctionScriptingTraits (0ms)
		AnalyzeDomain (23ms)
			TypeCache.Refresh (10ms)
				TypeCache.ScanAssembly (0ms)
			ScanForSourceGeneratedMonoScriptInfo (0ms)
			ResolveRequiredComponents (12ms)
	FinalizeReload (3006ms)
		ReleaseScriptCaches (0ms)
		RebuildScriptCaches (0ms)
		SetupLoadedEditorAssemblies (1605ms)
			LogAssemblyErrors (0ms)
			InitializePlatformSupportModulesInManaged (57ms)
			SetLoadedEditorAssemblies (9ms)
			RefreshPlugins (0ms)
			BeforeProcessingInitializeOnLoad (134ms)
			ProcessInitializeOnLoadAttributes (1303ms)
			ProcessInitializeOnLoadMethodAttributes (65ms)
			AfterProcessingInitializeOnLoad (36ms)
			EditorAssembliesLoaded (0ms)
		ExecutionOrderSort2 (0ms)
		AwakeInstancesAfterBackupRestoration (21ms)
Refreshing native plugins compatible for Editor in 6.04 ms, found 2 plugins.
Preloading 0 native plugins for Editor in 0.00 ms.
Unloading 1579 Unused Serialized files (Serialized files now loaded: 0)
Unloading 11 unused Assets / (123.9 KB). Loaded Objects now: 2146.
Memory consumption went from 89.7 MB to 89.5 MB.
Total: 12.234000 ms (FindLiveObjects: 1.022700 ms CreateObjectMapping: 0.346600 ms MarkObjects: 10.686000 ms  DeleteObjects: 0.176200 ms)

Prepare: number of updated asset objects reloaded= 0
AssetImportParameters requested are different than current active one (requested -> active):
  custom:scripting/monoscript/fileName/CinemachineGroupComposerEditor.cs: 54a07f36704e77a685a5e7e8c8b2c216 -> 
  custom:video-decoder-webm-vp8: 9c59270c3fd7afecdb556c50c9e8de78 -> 
  custom:scripting/monoscript/fileName/CinemachineConfinerEditor.cs: cc6c898a3390647ab91613c8a96de4b4 -> 
  custom:scripting/monoscript/fileName/CinemachineHardLookAt.cs: 792580aec23d39bcecd7ceea4c27a0ce -> 
  custom:scripting/monoscript/fileName/CinemachineInputAxisDriver.cs: 7e424e54660fed310c58dc98ea41042e -> 
  custom:scripting/monoscript/fileName/CinemachineStoryboardEditor.cs: 2e7ec8bfb72013eaaff4873a27da019c -> 
  custom:scripting/monoscript/fileName/CinemachineBasicMultiChannelPerlin.cs: bd5416e75860cd63657371207eb79058 -> 
  custom:scripting/monoscript/fileName/CinemachineBlendDefinitionPropertyDrawer.cs: 7ae344d19d646b738f3c65294becf216 -> 
  custom:scripting/monoscript/fileName/CinemachineTrackedDollyEditor.cs: b4d6784c58752cea58aafd9a76ca4459 -> 
  custom:scripting/monoscript/fileName/CinemachineImpulseManager.cs: c34be3577a810e26fd0110c580799b88 -> 
  custom:scripting/monoscript/fileName/CinemachineSmoothPath.cs: c28db2688f35d70587b5f943431a010a -> 
  custom:SearchIndexIgnoredProperties: e643bd26f0fe6173181afceb89e7c659 -> 
  custom:scripting/monoscript/fileName/CinemachineStateDrivenCamera.cs: aea2468a7384be4ba6d1b043ccec135d -> 
  custom:container-demuxer-ogg: 62fdf1f143b41e24485cea50d1cbac27 -> 
  custom:scripting/monoscript/fileName/CinemachineBlenderSettings.cs: 9adcb80668a56be4cd8e31c1d3dc60ae -> 
  custom:AudioImporter_EditorPlatform: d09bf68614088b80899f8185d706f6e7 -> 
  custom:scripting/monoscript/fileName/SignalSourceAsset.cs: f7ffd463dece56bad278f5a8d3ed7fc6 -> 
  custom:scripting/monoscript/fileName/CinemachineMixingCamera.cs: 739c5ceb76c01023f431794ec46a0177 -> 
  custom:scripting/monoscript/fileName/CinemachineCore.cs: fe6c3be993819098833de1628bfd76b2 -> 
  custom:scripting/monoscript/fileName/CinemachinePath.cs: b443d3c8837a65ddc3c78741cd58ec71 -> 
  custom:scripting/monoscript/fileName/CinemachineImpulseChannelPropertyDrawer.cs: 4b6390a17916751618e2a45cb8d47a80 -> 
  custom:scripting/monoscript/fileName/SerializedPropertyHelper.cs: b04ac165255e34bc2935ca9bf180e209 -> 
  custom:scripting/monoscript/fileName/CinemachineFramingTransposer.cs: 7943c9d436748359882d8f978cf86c91 -> 
  custom:scripting/monoscript/fileName/CinemachineImpulseListenerEditor.cs: d5d28e418f87c111bce1c1b98f1f70ba -> 
  custom:scripting/monoscript/fileName/AxisState.cs: 1a494a66d8b9a58f4a6873f89bf5b094 -> 
  custom:scripting/monoscript/fileName/CinemachineDollyCart.cs: bbe9d07f4a2f7ee5ab002e66cb05f922 -> 
  custom:scripting/monoscript/fileName/CinemachineStoryboard.cs: 59a2099f76be9b47af1e12ed7d40f553 -> 
  custom:scripting/monoscript/fileName/CinemachineClearShot.cs: 1da15f5c7903497ce3ae982ee4ee4779 -> 
  custom:scripting/monoscript/fileName/CinemachinePOVEditor.cs: 71db5a9242a182995b4ca15db516f628 -> 
  custom:scripting/monoscript/fileName/CinemachineMixer.cs: 2e36eb9e732dd7c8a32e8f83daebd6f4 -> 
  custom:scripting/monoscript/fileName/CinemachinePixelPerfect.cs: 2f42bea4517739481ed2553d1616050e -> 
  custom:scripting/monoscript/fileName/CinemachineTrackedDolly.cs: f6a9c21b27ad86d45f62f6b444ccbb49 -> 
  custom:scripting/monoscript/fileName/CinemachineHardLookAtEditor.cs: 15b8f2af6a6d786898ce5dd6b0db26dc -> 
  custom:scripting/monoscript/fileName/CinemachineConfiner.cs: 3813336c17662a5cb6b59ce5f1954254 -> 
  custom:scripting/monoscript/fileName/CinemachineComposer.cs: e399dfd36807c341da7cd182ce299d1e -> 
  custom:scripting/monoscript/fileName/CinemachineTrack.cs: 4b50d47d507c57dc81b82253ec075194 -> 
  custom:scripting/monoscript/fileName/CinemachineSmoothPathEditor.cs: 7555bcba4eb760e012dd21c6730ae562 -> 
  custom:scripting/monoscript/fileName/ScriptableObjectUtility.cs: c529d074f6f57a07e3f410d488963bbc -> 
  custom:scripting/monoscript/fileName/CinemachineBrain.cs: 365b4e0b6319f064062e97b8f8e32c8e -> 
  custom:scripting/monoscript/fileName/CinemachineImpulseDefinitionPropertyDrawer.cs: 1b2fc77b0a80a7e0e9045e0d44fb761c -> 
  custom:scripting/monoscript/fileName/CinemachineColliderPrefs.cs: 47106451d4685409820905badf49b71f -> 
  custom:scripting/monoscript/fileName/CinemachineFollowZoom.cs: eb74e2e98d3dc4647324e113f34710ca -> 
  custom:scripting/monoscript/fileName/CinemachineDebug.cs: 3077ed3b64725184c652d4c07ac732fd -> 
  custom:scripting/monoscript/fileName/CinemachineLensPresets.cs: 014747fb0ab87178c677520d0bf20bf7 -> 
  custom:video-decoder-ogg-theora: a1e56fd34408186e4bbccfd4996cb3dc -> 
  custom:scripting/monoscript/fileName/CinemachineOrbitalTransposer.cs: 71c52878ba6d43827473a480056a99da -> 
  custom:scripting/monoscript/fileName/ICinemachineCamera.cs: 2faad4f04eaf5d98c2870adbfb06184e -> 
  custom:scripting/monoscript/fileName/CinemachineCameraOffset.cs: a6887f67d3eb83cc6393b822d4e65121 -> 
  custom:scripting/monoscript/fileName/CinemachinePathBase.cs: debb99764287c54cae06313e2d6a1fe1 -> 
  custom:scripting/monoscript/fileName/CinemachineImpulseSource.cs: ac073b8453e26c5dd422d5f1a90a7ff2 -> 
  custom:scripting/monoscript/fileName/CinemachineShotPlayable.cs: e346ad1ecb4af45da55274cb9abd9ec0 -> 
  custom:scripting/monoscript/fileName/CinemachineTagFieldPropertyDrawer.cs: e78491a12decd558a49d01cc583bfcfb -> 
  custom:framework-win-MediaFoundation: 216162199b28c13a410421893ffa2e32 -> 
  custom:scripting/monoscript/fileName/CinemachineImpulseEnvelopePropertyDrawer.cs: 07e00c9c84964a5c7e4f3f19e4263ec1 -> 
  custom:scripting/monoscript/fileName/CinemachineVolumeSettings.cs: 22782cc3dbf8dfd1cb54e8486f29fe0d -> 
  custom:scripting/monoscript/fileName/SplineHelpers.cs: 9e5bf4293b3828088291b7871e233a27 -> 
  custom:scripting/monoscript/fileName/CinemachineImpulseSourceEditor.cs: 0ef7804c69c18838aa65e6d5bae5b055 -> 
  custom:scripting/monoscript/fileName/CinemachineExternalCameraEditor.cs: d74df442250b898c9b40669a19100e9d -> 
  custom:scripting/monoscript/fileName/CinemachineSameAsFollowTargetEditor.cs: 6def40fc1e39b3242347b6630fb5127e -> 
  custom:scripting/monoscript/fileName/CinemachineTargetGroupEditor.cs: f70ac85df8c1c9bd0b83a35534bafd1f -> 
  custom:scripting/monoscript/fileName/CinemachineRecomposer.cs: 07354cca81f7d0775b027b5906330569 -> 
  custom:scripting/monoscript/fileName/CinemachineTransposer.cs: aa226dd144b3a977b86ea888b85df5fa -> 
  custom:scripting/monoscript/fileName/CinemachineBlendListCameraEditor.cs: dbc12d2a9f3e2999a067290c411b2aca -> 
  custom:scripting/monoscript/fileName/TargetPositionCache.cs: 49ce97e6930a536b43825141e0c2d3a4 -> 
  custom:scripting/monoscript/fileName/CinemachineShot.cs: 3d4d9d05534db20e82d871d98ea52716 -> 
  custom:scripting/monoscript/fileName/UnityVectorExtensions.cs: 052777772edecdffe26d41a6a989641e -> 
  custom:scripting/monoscript/fileName/CinemachineBasicMultiChannelPerlinEditor.cs: d6749cd6c482efa27bdd41f60394f1b9 -> 
  custom:scripting/monoscript/fileName/CinemachineHardLockToTarget.cs: d349308c5b4f600a345055c394206f52 -> 
  custom:scripting/monoscript/fileName/CinemachineImpulseChannels.cs: a9a39cc5ecea1f083db0fce154eec19c -> 
  custom:scripting/monoscript/fileName/CinemachineConfiner2D.cs: beb10be0db8ff9d3a94bd0a150963b9b -> 
  custom:scripting/monoscript/fileName/LensSettings.cs: 4335e899502c57ee4480b8c9aa915366 -> 
  custom:scripting/monoscript/fileName/CinemachineExternalCamera.cs: d76122377115c288d881064c3f07a3f1 -> 
  custom:scripting/monoscript/fileName/Cinemachine3rdPersonAim.cs: 4bd230d915f070bb3cae23bef6f7ab70 -> 
  custom:scripting/monoscript/fileName/ReflectionHelpers.cs: 60a5d38af3e775d0a421a7ff630d61cc -> 
  custom:scripting/monoscript/fileName/CinemachineVirtualCamera.cs: f16f2dc5bc1261579875c19605c45301 -> 
  custom:scripting/monoscript/fileName/Predictor.cs: d51584936cb5b31b30ee7b444e03385b -> 
  custom:scripting/monoscript/fileName/CinemachineImpulseListener.cs: 6aac146243d38e7a67346170caa40ea1 -> 
  custom:scripting/monoscript/fileName/CinemachineOrbitalTransposerEditor.cs: 5ea2e4bec7ee6c24917bd86647f4bffa -> 
  custom:scripting/monoscript/fileName/CinemachineConfiner2DEditor.cs: 3f4b3d9b17ff5cd560135aa24f822994 -> 
  custom:scripting/monoscript/fileName/GroupWeightManipulator.cs: 588749cf3436a8199e762a8e09bc8de7 -> 
  custom:scripting/monoscript/fileName/AxisStatePropertyDrawer.cs: 2d807695a513641e771c78e6c342ff04 -> 
  custom:video-encoder-webm-vp8: eb34c28f22e8b96e1ab97ce403110664 -> 
  custom:scripting/monoscript/fileName/CinemachineScreenComposerGuides.cs: cdc7ea02ccc4c8d1561d98d16760d1ca -> 
  custom:scripting/monoscript/fileName/CinemachinePropertyAttribute.cs: e8158d9725ac3a9129a08e46a4ff7519 -> 
  custom:scripting/monoscript/fileName/CinemachineVirtualCameraEditor.cs: 2e051d0c474634e907fe4123d6e2656e -> 
  custom:scripting/monoscript/fileName/CinemachineMenu.cs: 7b932811d9fa1e44d0d8b2b9ed75adf3 -> 
  custom:scripting/monoscript/fileName/RuntimeUtility.cs: 8c92a9f673836e5d2084dbeb0f10159f -> 
  custom:scripting/monoscript/fileName/CinemachineFreeLook.cs: bebc32b18bc4beddc113bad68624e557 -> 
  custom:scripting/monoscript/fileName/CinemachineSettings.cs: 197f6d5ad32e253546b5afa056a5bba4 -> 
  custom:audio-decoder-ogg-vorbis: bf7c407c2cedff20999df2af8eb42d56 -> 
  custom:scripting/monoscript/fileName/CinemachineGroupComposer.cs: 173a689a80ef321c302f9c045419668f -> 
  custom:scripting/monoscript/fileName/CinemachineVirtualCameraBase.cs: c7e60cccdcb14ee2a33da9fd46c1c54f -> 
  custom:scripting/monoscript/fileName/CinemachineFixedSignal.cs: aedcdca7a861da6e456e0ae105b24c41 -> 
  custom:scripting/monoscript/fileName/CinemachineShotClipEditor.cs: 123a48531bf1d1b4f3c8398556caec62 -> 
  custom:scripting/monoscript/fileName/CinemachineNoiseSettingsEditor.cs: 9056e69d9c759ba2504535054fff31c9 -> 
  custom:scripting/monoscript/fileName/CinemachineTouchInputMapper.cs: b9698729a07a7d31c864247e0582b566 -> 
  custom:scripting/monoscript/fileName/CinemachineTriggerAction.cs: cab9c5d02c28af05797c2c3743539bdb -> 
  custom:scripting/monoscript/fileName/InspectorUtility.cs: e13a8546bf784ce9963c508abb88926b -> 
  custom:CustomObjectIndexerAttribute: 9a22284fe3817be447336de3de66b15e -> 
  custom:scripting/monoscript/fileName/CinemachinePOV.cs: e4df06d1994174afa286b103eb06ee7f -> 
  custom:scripting/monoscript/fileName/CinemachineBlenderSettingsEditor.cs: c57aa7de12bc3e7367ca091f4902c67b -> 
  custom:scripting/monoscript/fileName/CinemachineBlend.cs: f33659d50c4d86144d649aa7e8196529 -> 
  custom:scripting/precompiled-assembly-types:Cinemachine: 54c8b091bb91c32bfeada952c9c53e21 -> 
  custom:scripting/monoscript/fileName/CinemachineImpulseDefinition.cs: 3d434086a2bdaf715abf85e79e9f14b4 -> 
  custom:scripting/precompiled-assembly-types:com.unity.cinemachine.editor: e24bde9f61664824443e2ae04112f2bb -> 
  custom:scripting/monoscript/fileName/CinemachineFreeLookEditor.cs: 9641291977c1891a004ac4c4c259e1c8 -> 
  custom:scripting/monoscript/fileName/CinemachineTransposerEditor.cs: 85841a774ddea4fb7232a7a585f716b4 -> 
  custom:scripting/monoscript/fileName/clipper.cs: 2a50e35a835148907b3c1fa8e187ab2b -> 
  custom:scripting/monoscript/fileName/NoiseSettings.cs: 443d576e0c72ab62870476103c9384ec -> 
  custom:scripting/monoscript/fileName/GaussianFilter.cs: 0a3672ebe80edf7c5daca82445c15683 -> 
  custom:scripting/monoscript/fileName/CinemachineSceneTools.cs: d63880a6073ab3335301b115db235b5b -> 
  custom:scripting/monoscript/fileName/Cinemachine3rdPersonFollowEditor.cs: f79aa162534f81c680877e6274b5d6ec -> 
  custom:scripting/monoscript/fileName/EmbeddedAssetPropertyDrawer.cs: fd7ebc18093de04c88d0cfc86fb060f5 -> 
  custom:container-demuxer-webm: 4f35f7cbe854078d1ac9338744f61a02 -> 
  custom:scripting/monoscript/fileName/CinemachineTriggerActionEditor.cs: 2309a2ec6192ace4cae8bab5a535978e -> 
  custom:scripting/monoscript/fileName/ConfinerOven.cs: ff23c03e90b61beb34474fc6e4ff668c -> 
  custom:scripting/monoscript/fileName/VcamTargetPropertyDrawer.cs: 9208050b1312b118a226fef2d63e8fa1 -> 
  custom:scripting/monoscript/fileName/CinemachineCollisionImpulseSource.cs: 9aae5e368cb7786be199f98f2122f96d -> 
  custom:scripting/monoscript/fileName/CinemachineClearShotEditor.cs: ca8875b47e775cd361c78158d7923690 -> 
  custom:scripting/monoscript/fileName/WaveformWindow.cs: 01bbc4fc017d41a2bab7fb57c988e8da -> 
  custom:scripting/monoscript/fileName/CinemachinePipeline.cs: 6ca7a5979a0a73ea1d450a8fc9b437ef -> 
  custom:scripting/monoscript/fileName/CinemachineEditorAnalytics.cs: de76cc292d7ecedcf47af6616498c9f9 -> 
  custom:scripting/monoscript/fileName/NoiseSettingsPropertyDrawer.cs: 8d3f69ba7eeec63914970bd3136b6ace -> 
  custom:scripting/monoscript/fileName/VcamStageEditor.cs: 84b0eaf932b448975a99972628e556d8 -> 
  custom:scripting/monoscript/fileName/CinemachineBrainEditor.cs: 49621d8b7679c0b5d128fef53d55becd -> 
  custom:scripting/monoscript/fileName/CinemachineFramingTransposerEditor.cs: 1653e1c00b2ca68b1d40f01e5bfb8445 -> 
  custom:scripting/monoscript/fileName/CinemachineShotEditor.cs: 2ba28b209a4ad7f0a791994d2360a9af -> 
  custom:scripting/monoscript/fileName/CinemachineStateDrivenCameraEditor.cs: 77d9f0a97385f936d9b4ffaa686bce39 -> 
  custom:scripting/monoscript/fileName/OrbitalTransposerHeadingPropertyDrawer.cs: 22496b76ce84f35f630c90badc4babd8 -> 
  custom:scripting/monoscript/fileName/CinemachineHardLockToTargetEditor.cs: c65eaafd47115974a2a9379aae467b0e -> 
  custom:scripting/monoscript/fileName/CinemachinePathEditor.cs: ce10985fbf0e018e2dea63fedae131ba -> 
  custom:scripting/monoscript/fileName/CinemachineCollider.cs: 8fa92f525b1c31cd81812685d7f8c288 -> 
  custom:audio-encoder-webm-vorbis: bf7c407c2cedff20999df2af8eb42d56 -> 
  custom:scripting/monoscript/fileName/CameraState.cs: 6ae7088fa20820e052d1e4d86059e90b -> 
  custom:scripting/monoscript/fileName/CinemachineToolbarOverlay.cs: 371b6fc494252d6fda34e207e170cb66 -> 
  custom:scripting/monoscript/fileName/CinemachineCollisionImpulseSourceEditor.cs: 29f9a522ec6b23375849ba08fd597c8d -> 
  custom:scripting/monoscript/fileName/CinemachineIndependentImpulseListener.cs: 91ae8748b9c36955c333e57505ff90fb -> 
  custom:scripting/monoscript/fileName/CinemachineMixingCameraEditor.cs: 1c122a21d710512fec62cdc7bd351681 -> 
  custom:scripting/monoscript/fileName/CinemachinePostProcessing.cs: bf9b100a1b61fd5383288bc96487c194 -> 
  custom:scripting/monoscript/fileName/CinemachineInputProvider.cs: ecb845de690695f08b3b3bb647cc7006 -> 
  custom:scripting/monoscript/fileName/CinemachineColliderEditor.cs: 859d1abbd669ee84cb713f6d4d0e1c5f -> 
  custom:scripting/monoscript/fileName/CinemachineSameAsFollowTarget.cs: bcfa2d394e1e5460b4ef3dc039214a16 -> 
  custom:scripting/monoscript/fileName/CinemachineExtension.cs: 6968db4afcdc301f6acb1ef4fbadb2f4 -> 
  custom:scripting/monoscript/fileName/CinemachineTargetGroup.cs: 10a09aa736b3a25da6dd9fc3c4dd9d36 -> 
  custom:scripting/monoscript/fileName/CinemachineVirtualCameraBaseEditor.cs: 13ee4931cd85df4b22852d0547b5e690 -> 
  custom:scripting/monoscript/fileName/UpdateTracker.cs: 3dac8a24a32a32e4bbfeb38ed26ef250 -> 
  custom:scripting/monoscript/fileName/CinemachineComposerEditor.cs: dda533b9c6cb2b366292f584704bd904 -> 
  custom:scripting/monoscript/fileName/Cinemachine3rdPersonFollow.cs: 4600bac2bdf6b37d80e86f9aa5a413c3 -> 
  custom:scripting/monoscript/fileName/EmbeddedAssetHelpers.cs: 90647cc400823b41df847a6cbfc29026 -> 
  custom:scripting/monoscript/fileName/CinemachineBlendListCamera.cs: 66104ac24fef171d9f5d5b93a8cb2f83 -> 
  custom:scripting/monoscript/fileName/CinemachineComponentBase.cs: 5293f153c13e9bd2fc262ec31ff69206 -> 
  custom:scripting/monoscript/fileName/BaseEditor.cs: 90647cc400823b41df847a6cbfc29026 -> 
  custom:container-muxer-webm: aa71ff27fc2769a1b78a27578f13a17b -> 
  custom:scripting/monoscript/fileName/SaveDuringPlay.cs: de39f1962b337699845d3d8a2e8f5bde -> 
========================================================================
Received Prepare
Caller must complete domain reload
Begin MonoManager ReloadAssembly
- Loaded All Assemblies, in  5.980 seconds
Native extension for WindowsStandalone target not found
Native extension for Android target not found
Native extension for WebGL target not found
[Package Manager] Server::EnsureServerProcessIsRunning -- launch failed, reason: Unity was launched with the -noUpm command-line argument
[Package Manager] UpmClient::Send -- Unable to send message (not connected to UPM process).
[Package Manager] Cannot connect to Unity Package Manager local server
Mono: successfully reloaded assembly
- Finished resetting the current domain, in 16.877 seconds
Domain Reload Profiling: 22851ms
	BeginReloadAssembly (407ms)
		ExecutionOrderSort (0ms)
		DisableScriptedObjects (13ms)
		BackupInstance (0ms)
		ReleaseScriptingObjects (0ms)
		CreateAndSetChildDomain (82ms)
	RebuildCommonClasses (87ms)
	RebuildNativeTypeToScriptingClass (26ms)
	initialDomainReloadingComplete (82ms)
	LoadAllAssembliesAndSetupDomain (5370ms)
		LoadAssemblies (5545ms)
		RebuildTransferFunctionScriptingTraits (0ms)
		AnalyzeDomain (67ms)
			TypeCache.Refresh (19ms)
				TypeCache.ScanAssembly (1ms)
			ScanForSourceGeneratedMonoScriptInfo (31ms)
			ResolveRequiredComponents (15ms)
	FinalizeReload (16878ms)
		ReleaseScriptCaches (0ms)
		RebuildScriptCaches (0ms)
		SetupLoadedEditorAssemblies (1204ms)
			LogAssemblyErrors (0ms)
			InitializePlatformSupportModulesInManaged (50ms)
			SetLoadedEditorAssemblies (14ms)
			RefreshPlugins (0ms)
			BeforeProcessingInitializeOnLoad (145ms)
			ProcessInitializeOnLoadAttributes (921ms)
			ProcessInitializeOnLoadMethodAttributes (45ms)
			AfterProcessingInitializeOnLoad (28ms)
			EditorAssembliesLoaded (0ms)
		ExecutionOrderSort2 (0ms)
		AwakeInstancesAfterBackupRestoration (13ms)
Refreshing native plugins compatible for Editor in 6.03 ms, found 2 plugins.
Preloading 0 native plugins for Editor in 0.00 ms.
Unloading 1580 Unused Serialized files (Serialized files now loaded: 0)
Unloading 11 unused Assets / (123.7 KB). Loaded Objects now: 2161.
Memory consumption went from 89.9 MB to 89.8 MB.
Total: 7.201200 ms (FindLiveObjects: 0.226300 ms CreateObjectMapping: 0.111000 ms MarkObjects: 6.683800 ms  DeleteObjects: 0.178000 ms)

Prepare: number of updated asset objects reloaded= 0
AssetImportParameters requested are different than current active one (requested -> active):
  custom:scripting/monoscript/fileName/CinemachineGroupComposerEditor.cs: 54a07f36704e77a685a5e7e8c8b2c216 -> 
  custom:video-decoder-webm-vp8: 9c59270c3fd7afecdb556c50c9e8de78 -> 
  custom:scripting/monoscript/fileName/CinemachineConfinerEditor.cs: cc6c898a3390647ab91613c8a96de4b4 -> 
  custom:scripting/monoscript/fileName/CinemachineHardLookAt.cs: 792580aec23d39bcecd7ceea4c27a0ce -> 
  custom:scripting/monoscript/fileName/CinemachineInputAxisDriver.cs: 7e424e54660fed310c58dc98ea41042e -> 
  custom:scripting/monoscript/fileName/CinemachineStoryboardEditor.cs: 2e7ec8bfb72013eaaff4873a27da019c -> 
  custom:scripting/monoscript/fileName/CinemachineBasicMultiChannelPerlin.cs: bd5416e75860cd63657371207eb79058 -> 
  custom:scripting/monoscript/fileName/CinemachineBlendDefinitionPropertyDrawer.cs: 7ae344d19d646b738f3c65294becf216 -> 
  custom:scripting/monoscript/fileName/CinemachineTrackedDollyEditor.cs: b4d6784c58752cea58aafd9a76ca4459 -> 
  custom:scripting/monoscript/fileName/CinemachineImpulseManager.cs: c34be3577a810e26fd0110c580799b88 -> 
  custom:scripting/monoscript/fileName/CinemachineSmoothPath.cs: c28db2688f35d70587b5f943431a010a -> 
  custom:SearchIndexIgnoredProperties: e643bd26f0fe6173181afceb89e7c659 -> 
  custom:scripting/monoscript/fileName/CinemachineStateDrivenCamera.cs: aea2468a7384be4ba6d1b043ccec135d -> 
  custom:container-demuxer-ogg: 62fdf1f143b41e24485cea50d1cbac27 -> 
  custom:scripting/monoscript/fileName/CinemachineBlenderSettings.cs: 9adcb80668a56be4cd8e31c1d3dc60ae -> 
  custom:AudioImporter_EditorPlatform: d09bf68614088b80899f8185d706f6e7 -> 
  custom:scripting/monoscript/fileName/SignalSourceAsset.cs: f7ffd463dece56bad278f5a8d3ed7fc6 -> 
  custom:scripting/monoscript/fileName/CinemachineMixingCamera.cs: 739c5ceb76c01023f431794ec46a0177 -> 
  custom:scripting/monoscript/fileName/CinemachineCore.cs: fe6c3be993819098833de1628bfd76b2 -> 
  custom:scripting/monoscript/fileName/CinemachinePath.cs: b443d3c8837a65ddc3c78741cd58ec71 -> 
  custom:scripting/monoscript/fileName/CinemachineImpulseChannelPropertyDrawer.cs: 4b6390a17916751618e2a45cb8d47a80 -> 
  custom:scripting/monoscript/fileName/SerializedPropertyHelper.cs: b04ac165255e34bc2935ca9bf180e209 -> 
  custom:scripting/monoscript/fileName/CinemachineFramingTransposer.cs: 7943c9d436748359882d8f978cf86c91 -> 
  custom:scripting/monoscript/fileName/CinemachineImpulseListenerEditor.cs: d5d28e418f87c111bce1c1b98f1f70ba -> 
  custom:scripting/monoscript/fileName/AxisState.cs: 1a494a66d8b9a58f4a6873f89bf5b094 -> 
  custom:scripting/monoscript/fileName/CinemachineDollyCart.cs: bbe9d07f4a2f7ee5ab002e66cb05f922 -> 
  custom:scripting/monoscript/fileName/CinemachineStoryboard.cs: 59a2099f76be9b47af1e12ed7d40f553 -> 
  custom:scripting/monoscript/fileName/CinemachineClearShot.cs: 1da15f5c7903497ce3ae982ee4ee4779 -> 
  custom:scripting/monoscript/fileName/CinemachinePOVEditor.cs: 71db5a9242a182995b4ca15db516f628 -> 
  custom:scripting/monoscript/fileName/CinemachineMixer.cs: 2e36eb9e732dd7c8a32e8f83daebd6f4 -> 
  custom:scripting/monoscript/fileName/CinemachinePixelPerfect.cs: 2f42bea4517739481ed2553d1616050e -> 
  custom:scripting/monoscript/fileName/CinemachineTrackedDolly.cs: f6a9c21b27ad86d45f62f6b444ccbb49 -> 
  custom:scripting/monoscript/fileName/CinemachineHardLookAtEditor.cs: 15b8f2af6a6d786898ce5dd6b0db26dc -> 
  custom:scripting/monoscript/fileName/CinemachineConfiner.cs: 3813336c17662a5cb6b59ce5f1954254 -> 
  custom:scripting/monoscript/fileName/CinemachineComposer.cs: e399dfd36807c341da7cd182ce299d1e -> 
  custom:scripting/monoscript/fileName/CinemachineTrack.cs: 4b50d47d507c57dc81b82253ec075194 -> 
  custom:scripting/monoscript/fileName/CinemachineSmoothPathEditor.cs: 7555bcba4eb760e012dd21c6730ae562 -> 
  custom:scripting/monoscript/fileName/ScriptableObjectUtility.cs: c529d074f6f57a07e3f410d488963bbc -> 
  custom:scripting/monoscript/fileName/CinemachineBrain.cs: 365b4e0b6319f064062e97b8f8e32c8e -> 
  custom:scripting/monoscript/fileName/CinemachineImpulseDefinitionPropertyDrawer.cs: 1b2fc77b0a80a7e0e9045e0d44fb761c -> 
  custom:scripting/monoscript/fileName/CinemachineColliderPrefs.cs: 47106451d4685409820905badf49b71f -> 
  custom:scripting/monoscript/fileName/CinemachineFollowZoom.cs: eb74e2e98d3dc4647324e113f34710ca -> 
  custom:scripting/monoscript/fileName/CinemachineDebug.cs: 3077ed3b64725184c652d4c07ac732fd -> 
  custom:scripting/monoscript/fileName/CinemachineLensPresets.cs: 014747fb0ab87178c677520d0bf20bf7 -> 
  custom:video-decoder-ogg-theora: a1e56fd34408186e4bbccfd4996cb3dc -> 
  custom:scripting/monoscript/fileName/CinemachineOrbitalTransposer.cs: 71c52878ba6d43827473a480056a99da -> 
  custom:scripting/monoscript/fileName/CinemachineCameraOffset.cs: a6887f67d3eb83cc6393b822d4e65121 -> 
  custom:scripting/monoscript/fileName/ICinemachineCamera.cs: 2faad4f04eaf5d98c2870adbfb06184e -> 
  custom:scripting/monoscript/fileName/CinemachinePathBase.cs: debb99764287c54cae06313e2d6a1fe1 -> 
  custom:scripting/monoscript/fileName/CinemachineImpulseSource.cs: ac073b8453e26c5dd422d5f1a90a7ff2 -> 
  custom:scripting/monoscript/fileName/CinemachineShotPlayable.cs: e346ad1ecb4af45da55274cb9abd9ec0 -> 
  custom:scripting/monoscript/fileName/CinemachineTagFieldPropertyDrawer.cs: e78491a12decd558a49d01cc583bfcfb -> 
  custom:framework-win-MediaFoundation: 216162199b28c13a410421893ffa2e32 -> 
  custom:scripting/monoscript/fileName/CinemachineImpulseEnvelopePropertyDrawer.cs: 07e00c9c84964a5c7e4f3f19e4263ec1 -> 
  custom:scripting/monoscript/fileName/CinemachineVolumeSettings.cs: 22782cc3dbf8dfd1cb54e8486f29fe0d -> 
  custom:scripting/monoscript/fileName/SplineHelpers.cs: 9e5bf4293b3828088291b7871e233a27 -> 
  custom:scripting/monoscript/fileName/CinemachineImpulseSourceEditor.cs: 0ef7804c69c18838aa65e6d5bae5b055 -> 
  custom:scripting/monoscript/fileName/CinemachineExternalCameraEditor.cs: d74df442250b898c9b40669a19100e9d -> 
  custom:scripting/monoscript/fileName/CinemachineSameAsFollowTargetEditor.cs: 6def40fc1e39b3242347b6630fb5127e -> 
  custom:scripting/monoscript/fileName/CinemachineTargetGroupEditor.cs: f70ac85df8c1c9bd0b83a35534bafd1f -> 
  custom:scripting/monoscript/fileName/CinemachineRecomposer.cs: 07354cca81f7d0775b027b5906330569 -> 
  custom:scripting/monoscript/fileName/CinemachineTransposer.cs: aa226dd144b3a977b86ea888b85df5fa -> 
  custom:scripting/monoscript/fileName/CinemachineBlendListCameraEditor.cs: dbc12d2a9f3e2999a067290c411b2aca -> 
  custom:scripting/monoscript/fileName/TargetPositionCache.cs: 49ce97e6930a536b43825141e0c2d3a4 -> 
  custom:scripting/monoscript/fileName/CinemachineShot.cs: 3d4d9d05534db20e82d871d98ea52716 -> 
  custom:scripting/monoscript/fileName/UnityVectorExtensions.cs: 052777772edecdffe26d41a6a989641e -> 
  custom:scripting/monoscript/fileName/CinemachineBasicMultiChannelPerlinEditor.cs: d6749cd6c482efa27bdd41f60394f1b9 -> 
  custom:scripting/monoscript/fileName/CinemachineHardLockToTarget.cs: d349308c5b4f600a345055c394206f52 -> 
  custom:scripting/monoscript/fileName/CinemachineImpulseChannels.cs: a9a39cc5ecea1f083db0fce154eec19c -> 
  custom:scripting/monoscript/fileName/CinemachineConfiner2D.cs: beb10be0db8ff9d3a94bd0a150963b9b -> 
  custom:scripting/monoscript/fileName/LensSettings.cs: 4335e899502c57ee4480b8c9aa915366 -> 
  custom:scripting/monoscript/fileName/CinemachineExternalCamera.cs: d76122377115c288d881064c3f07a3f1 -> 
  custom:scripting/monoscript/fileName/Cinemachine3rdPersonAim.cs: 4bd230d915f070bb3cae23bef6f7ab70 -> 
  custom:scripting/monoscript/fileName/ReflectionHelpers.cs: 60a5d38af3e775d0a421a7ff630d61cc -> 
  custom:scripting/monoscript/fileName/CinemachineVirtualCamera.cs: f16f2dc5bc1261579875c19605c45301 -> 
  custom:scripting/monoscript/fileName/Predictor.cs: d51584936cb5b31b30ee7b444e03385b -> 
  custom:scripting/monoscript/fileName/CinemachineImpulseListener.cs: 6aac146243d38e7a67346170caa40ea1 -> 
  custom:scripting/monoscript/fileName/CinemachineOrbitalTransposerEditor.cs: 5ea2e4bec7ee6c24917bd86647f4bffa -> 
  custom:scripting/monoscript/fileName/CinemachineConfiner2DEditor.cs: 3f4b3d9b17ff5cd560135aa24f822994 -> 
  custom:scripting/monoscript/fileName/RigidbodyVoxelController.cs: d93a52a180fbbe603a59e9aa6da73c83 -> 7ca90fb0e37f14d197d0c5589d1c29f7
  custom:scripting/monoscript/fileName/GroupWeightManipulator.cs: 588749cf3436a8199e762a8e09bc8de7 -> 
  custom:scripting/monoscript/fileName/AxisStatePropertyDrawer.cs: 2d807695a513641e771c78e6c342ff04 -> 
  custom:video-encoder-webm-vp8: eb34c28f22e8b96e1ab97ce403110664 -> 
  custom:scripting/monoscript/fileName/CinemachineScreenComposerGuides.cs: cdc7ea02ccc4c8d1561d98d16760d1ca -> 
  custom:scripting/monoscript/fileName/CinemachinePropertyAttribute.cs: e8158d9725ac3a9129a08e46a4ff7519 -> 
  custom:scripting/monoscript/fileName/CinemachineVirtualCameraEditor.cs: 2e051d0c474634e907fe4123d6e2656e -> 
  custom:scripting/monoscript/fileName/CinemachineMenu.cs: 7b932811d9fa1e44d0d8b2b9ed75adf3 -> 
  custom:scripting/monoscript/fileName/RuntimeUtility.cs: 8c92a9f673836e5d2084dbeb0f10159f -> 
  custom:scripting/monoscript/fileName/CinemachineFreeLook.cs: bebc32b18bc4beddc113bad68624e557 -> 
  custom:scripting/monoscript/fileName/CinemachineSettings.cs: 197f6d5ad32e253546b5afa056a5bba4 -> 
  custom:audio-decoder-ogg-vorbis: bf7c407c2cedff20999df2af8eb42d56 -> 
  custom:scripting/monoscript/fileName/CinemachineGroupComposer.cs: 173a689a80ef321c302f9c045419668f -> 
  custom:scripting/monoscript/fileName/CinemachineVirtualCameraBase.cs: c7e60cccdcb14ee2a33da9fd46c1c54f -> 
  custom:scripting/monoscript/fileName/CinemachineFixedSignal.cs: aedcdca7a861da6e456e0ae105b24c41 -> 
  custom:scripting/monoscript/fileName/CinemachineShotClipEditor.cs: 123a48531bf1d1b4f3c8398556caec62 -> 
  custom:scripting/monoscript/fileName/CinemachineNoiseSettingsEditor.cs: 9056e69d9c759ba2504535054fff31c9 -> 
  custom:scripting/monoscript/fileName/CinemachineTouchInputMapper.cs: b9698729a07a7d31c864247e0582b566 -> 
  custom:scripting/monoscript/fileName/CinemachineTriggerAction.cs: cab9c5d02c28af05797c2c3743539bdb -> 
  custom:scripting/monoscript/fileName/InspectorUtility.cs: e13a8546bf784ce9963c508abb88926b -> 
  custom:CustomObjectIndexerAttribute: 9a22284fe3817be447336de3de66b15e -> 
  custom:scripting/monoscript/fileName/CinemachinePOV.cs: e4df06d1994174afa286b103eb06ee7f -> 
  custom:scripting/monoscript/fileName/CinemachineBlenderSettingsEditor.cs: c57aa7de12bc3e7367ca091f4902c67b -> 
  custom:scripting/monoscript/fileName/CinemachineBlend.cs: f33659d50c4d86144d649aa7e8196529 -> 
  custom:scripting/precompiled-assembly-types:Cinemachine: 54c8b091bb91c32bfeada952c9c53e21 -> 
  custom:scripting/monoscript/fileName/CinemachineImpulseDefinition.cs: 3d434086a2bdaf715abf85e79e9f14b4 -> 
  custom:scripting/precompiled-assembly-types:com.unity.cinemachine.editor: e24bde9f61664824443e2ae04112f2bb -> 
  custom:scripting/monoscript/fileName/CinemachineFreeLookEditor.cs: 9641291977c1891a004ac4c4c259e1c8 -> 
  custom:scripting/monoscript/fileName/CinemachineTransposerEditor.cs: 85841a774ddea4fb7232a7a585f716b4 -> 
  custom:scripting/monoscript/fileName/clipper.cs: 2a50e35a835148907b3c1fa8e187ab2b -> 
  custom:scripting/monoscript/fileName/NoiseSettings.cs: 443d576e0c72ab62870476103c9384ec -> 
  custom:scripting/monoscript/fileName/GaussianFilter.cs: 0a3672ebe80edf7c5daca82445c15683 -> 
  custom:scripting/monoscript/fileName/CinemachineSceneTools.cs: d63880a6073ab3335301b115db235b5b -> 
  custom:scripting/monoscript/fileName/Cinemachine3rdPersonFollowEditor.cs: f79aa162534f81c680877e6274b5d6ec -> 
  custom:scripting/monoscript/fileName/EmbeddedAssetPropertyDrawer.cs: fd7ebc18093de04c88d0cfc86fb060f5 -> 
  custom:container-demuxer-webm: 4f35f7cbe854078d1ac9338744f61a02 -> 
  custom:scripting/monoscript/fileName/CinemachineTriggerActionEditor.cs: 2309a2ec6192ace4cae8bab5a535978e -> 
  custom:scripting/monoscript/fileName/ConfinerOven.cs: ff23c03e90b61beb34474fc6e4ff668c -> 
  custom:scripting/monoscript/fileName/VcamTargetPropertyDrawer.cs: 9208050b1312b118a226fef2d63e8fa1 -> 
  custom:scripting/monoscript/fileName/CinemachineCollisionImpulseSource.cs: 9aae5e368cb7786be199f98f2122f96d -> 
  custom:scripting/monoscript/fileName/CinemachineClearShotEditor.cs: ca8875b47e775cd361c78158d7923690 -> 
  custom:scripting/monoscript/fileName/WaveformWindow.cs: 01bbc4fc017d41a2bab7fb57c988e8da -> 
  custom:scripting/monoscript/fileName/CinemachinePipeline.cs: 6ca7a5979a0a73ea1d450a8fc9b437ef -> 
  custom:scripting/monoscript/fileName/CinemachineEditorAnalytics.cs: de76cc292d7ecedcf47af6616498c9f9 -> 
  custom:scripting/monoscript/fileName/NoiseSettingsPropertyDrawer.cs: 8d3f69ba7eeec63914970bd3136b6ace -> 
  custom:scripting/monoscript/fileName/VcamStageEditor.cs: 84b0eaf932b448975a99972628e556d8 -> 
  custom:scripting/monoscript/fileName/CinemachineBrainEditor.cs: 49621d8b7679c0b5d128fef53d55becd -> 
  custom:scripting/monoscript/fileName/CinemachineFramingTransposerEditor.cs: 1653e1c00b2ca68b1d40f01e5bfb8445 -> 
  custom:scripting/monoscript/fileName/CinemachineShotEditor.cs: 2ba28b209a4ad7f0a791994d2360a9af -> 
  custom:scripting/monoscript/fileName/CinemachineStateDrivenCameraEditor.cs: 77d9f0a97385f936d9b4ffaa686bce39 -> 
  custom:scripting/monoscript/fileName/OrbitalTransposerHeadingPropertyDrawer.cs: 22496b76ce84f35f630c90badc4babd8 -> 
  custom:scripting/monoscript/fileName/CinemachineHardLockToTargetEditor.cs: c65eaafd47115974a2a9379aae467b0e -> 
  custom:scripting/monoscript/fileName/CinemachinePathEditor.cs: ce10985fbf0e018e2dea63fedae131ba -> 
  custom:scripting/monoscript/fileName/CinemachineCollider.cs: 8fa92f525b1c31cd81812685d7f8c288 -> 
  custom:audio-encoder-webm-vorbis: bf7c407c2cedff20999df2af8eb42d56 -> 
  custom:scripting/monoscript/fileName/CameraState.cs: 6ae7088fa20820e052d1e4d86059e90b -> 
  custom:scripting/monoscript/fileName/CinemachineToolbarOverlay.cs: 371b6fc494252d6fda34e207e170cb66 -> 
  custom:scripting/monoscript/fileName/CinemachineCollisionImpulseSourceEditor.cs: 29f9a522ec6b23375849ba08fd597c8d -> 
  custom:scripting/monoscript/fileName/CinemachineIndependentImpulseListener.cs: 91ae8748b9c36955c333e57505ff90fb -> 
  custom:scripting/monoscript/fileName/CinemachineMixingCameraEditor.cs: 1c122a21d710512fec62cdc7bd351681 -> 
  custom:scripting/monoscript/fileName/CinemachinePostProcessing.cs: bf9b100a1b61fd5383288bc96487c194 -> 
  custom:scripting/monoscript/fileName/CinemachineInputProvider.cs: ecb845de690695f08b3b3bb647cc7006 -> 
  custom:scripting/monoscript/fileName/CinemachineColliderEditor.cs: 859d1abbd669ee84cb713f6d4d0e1c5f -> 
  custom:scripting/monoscript/fileName/CinemachineSameAsFollowTarget.cs: bcfa2d394e1e5460b4ef3dc039214a16 -> 
  custom:scripting/monoscript/fileName/CinemachineExtension.cs: 6968db4afcdc301f6acb1ef4fbadb2f4 -> 
  custom:scripting/monoscript/fileName/CinemachineTargetGroup.cs: 10a09aa736b3a25da6dd9fc3c4dd9d36 -> 
  custom:scripting/monoscript/fileName/CinemachineVirtualCameraBaseEditor.cs: 13ee4931cd85df4b22852d0547b5e690 -> 
  custom:scripting/monoscript/fileName/UpdateTracker.cs: 3dac8a24a32a32e4bbfeb38ed26ef250 -> 
  custom:scripting/monoscript/fileName/CinemachineComposerEditor.cs: dda533b9c6cb2b366292f584704bd904 -> 
  custom:scripting/monoscript/fileName/Cinemachine3rdPersonFollow.cs: 4600bac2bdf6b37d80e86f9aa5a413c3 -> 
  custom:scripting/monoscript/fileName/EmbeddedAssetHelpers.cs: 90647cc400823b41df847a6cbfc29026 -> 
  custom:scripting/precompiled-assembly-types:Assembly-CSharp: c58cea025883cc1bba3f0a9b58de101d -> 98724c9a75c5cf593f713ad668a0273b
  custom:scripting/monoscript/fileName/CinemachineBlendListCamera.cs: 66104ac24fef171d9f5d5b93a8cb2f83 -> 
  custom:scripting/monoscript/fileName/CinemachineComponentBase.cs: 5293f153c13e9bd2fc262ec31ff69206 -> 
  custom:scripting/monoscript/fileName/BaseEditor.cs: 90647cc400823b41df847a6cbfc29026 -> 
  custom:container-muxer-webm: aa71ff27fc2769a1b78a27578f13a17b -> 
  custom:scripting/monoscript/fileName/SaveDuringPlay.cs: de39f1962b337699845d3d8a2e8f5bde -> 
========================================================================
Received Prepare
Caller must complete domain reload
Begin MonoManager ReloadAssembly
- Loaded All Assemblies, in  0.833 seconds
Native extension for WindowsStandalone target not found
Native extension for Android target not found
Native extension for WebGL target not found
[Package Manager] Server::EnsureServerProcessIsRunning -- launch failed, reason: Unity was launched with the -noUpm command-line argument
[Package Manager] UpmClient::Send -- Unable to send message (not connected to UPM process).
[Package Manager] Cannot connect to Unity Package Manager local server
Mono: successfully reloaded assembly
- Finished resetting the current domain, in  1.994 seconds
Domain Reload Profiling: 2821ms
	BeginReloadAssembly (296ms)
		ExecutionOrderSort (0ms)
		DisableScriptedObjects (10ms)
		BackupInstance (0ms)
		ReleaseScriptingObjects (0ms)
		CreateAndSetChildDomain (46ms)
	RebuildCommonClasses (74ms)
	RebuildNativeTypeToScriptingClass (24ms)
	initialDomainReloadingComplete (68ms)
	LoadAllAssembliesAndSetupDomain (363ms)
		LoadAssemblies (530ms)
		RebuildTransferFunctionScriptingTraits (0ms)
		AnalyzeDomain (18ms)
			TypeCache.Refresh (7ms)
				TypeCache.ScanAssembly (0ms)
			ScanForSourceGeneratedMonoScriptInfo (0ms)
			ResolveRequiredComponents (9ms)
	FinalizeReload (1995ms)
		ReleaseScriptCaches (0ms)
		RebuildScriptCaches (0ms)
		SetupLoadedEditorAssemblies (1265ms)
			LogAssemblyErrors (0ms)
			InitializePlatformSupportModulesInManaged (45ms)
			SetLoadedEditorAssemblies (11ms)
			RefreshPlugins (0ms)
			BeforeProcessingInitializeOnLoad (122ms)
			ProcessInitializeOnLoadAttributes (1024ms)
			ProcessInitializeOnLoadMethodAttributes (44ms)
			AfterProcessingInitializeOnLoad (19ms)
			EditorAssembliesLoaded (0ms)
		ExecutionOrderSort2 (0ms)
		AwakeInstancesAfterBackupRestoration (13ms)
Refreshing native plugins compatible for Editor in 4.55 ms, found 2 plugins.
Preloading 0 native plugins for Editor in 0.00 ms.
Unloading 1580 Unused Serialized files (Serialized files now loaded: 0)
Unloading 11 unused Assets / (123.6 KB). Loaded Objects now: 2176.
Memory consumption went from 89.9 MB to 89.8 MB.
Total: 7.303400 ms (FindLiveObjects: 0.211100 ms CreateObjectMapping: 0.089400 ms MarkObjects: 6.828900 ms  DeleteObjects: 0.171900 ms)

Prepare: number of updated asset objects reloaded= 0
AssetImportParameters requested are different than current active one (requested -> active):
  custom:scripting/monoscript/fileName/CinemachineGroupComposerEditor.cs: 54a07f36704e77a685a5e7e8c8b2c216 -> 
  custom:video-decoder-webm-vp8: 9c59270c3fd7afecdb556c50c9e8de78 -> 
  custom:scripting/monoscript/fileName/CinemachineConfinerEditor.cs: cc6c898a3390647ab91613c8a96de4b4 -> 
  custom:scripting/monoscript/fileName/CinemachineHardLookAt.cs: 792580aec23d39bcecd7ceea4c27a0ce -> 
  custom:scripting/monoscript/fileName/CinemachineInputAxisDriver.cs: 7e424e54660fed310c58dc98ea41042e -> 
  custom:scripting/monoscript/fileName/CinemachineStoryboardEditor.cs: 2e7ec8bfb72013eaaff4873a27da019c -> 
  custom:scripting/monoscript/fileName/CinemachineBasicMultiChannelPerlin.cs: bd5416e75860cd63657371207eb79058 -> 
  custom:scripting/monoscript/fileName/CinemachineBlendDefinitionPropertyDrawer.cs: 7ae344d19d646b738f3c65294becf216 -> 
  custom:scripting/monoscript/fileName/CinemachineTrackedDollyEditor.cs: b4d6784c58752cea58aafd9a76ca4459 -> 
  custom:scripting/monoscript/fileName/CinemachineImpulseManager.cs: c34be3577a810e26fd0110c580799b88 -> 
  custom:scripting/monoscript/fileName/CinemachineSmoothPath.cs: c28db2688f35d70587b5f943431a010a -> 
  custom:SearchIndexIgnoredProperties: e643bd26f0fe6173181afceb89e7c659 -> 
  custom:scripting/monoscript/fileName/CinemachineStateDrivenCamera.cs: aea2468a7384be4ba6d1b043ccec135d -> 
  custom:container-demuxer-ogg: 62fdf1f143b41e24485cea50d1cbac27 -> 
  custom:scripting/monoscript/fileName/CinemachineBlenderSettings.cs: 9adcb80668a56be4cd8e31c1d3dc60ae -> 
  custom:AudioImporter_EditorPlatform: d09bf68614088b80899f8185d706f6e7 -> 
  custom:scripting/monoscript/fileName/SignalSourceAsset.cs: f7ffd463dece56bad278f5a8d3ed7fc6 -> 
  custom:scripting/monoscript/fileName/CinemachineMixingCamera.cs: 739c5ceb76c01023f431794ec46a0177 -> 
  custom:scripting/monoscript/fileName/CinemachineCore.cs: fe6c3be993819098833de1628bfd76b2 -> 
  custom:scripting/monoscript/fileName/CinemachinePath.cs: b443d3c8837a65ddc3c78741cd58ec71 -> 
  custom:scripting/monoscript/fileName/CinemachineImpulseChannelPropertyDrawer.cs: 4b6390a17916751618e2a45cb8d47a80 -> 
  custom:scripting/monoscript/fileName/SerializedPropertyHelper.cs: b04ac165255e34bc2935ca9bf180e209 -> 
  custom:scripting/monoscript/fileName/CinemachineFramingTransposer.cs: 7943c9d436748359882d8f978cf86c91 -> 
  custom:scripting/monoscript/fileName/CinemachineImpulseListenerEditor.cs: d5d28e418f87c111bce1c1b98f1f70ba -> 
  custom:scripting/monoscript/fileName/AxisState.cs: 1a494a66d8b9a58f4a6873f89bf5b094 -> 
  custom:scripting/monoscript/fileName/CinemachineDollyCart.cs: bbe9d07f4a2f7ee5ab002e66cb05f922 -> 
  custom:scripting/monoscript/fileName/CinemachineStoryboard.cs: 59a2099f76be9b47af1e12ed7d40f553 -> 
  custom:scripting/monoscript/fileName/CinemachineClearShot.cs: 1da15f5c7903497ce3ae982ee4ee4779 -> 
  custom:scripting/monoscript/fileName/CinemachinePOVEditor.cs: 71db5a9242a182995b4ca15db516f628 -> 
  custom:scripting/monoscript/fileName/CinemachineMixer.cs: 2e36eb9e732dd7c8a32e8f83daebd6f4 -> 
  custom:scripting/monoscript/fileName/CinemachinePixelPerfect.cs: 2f42bea4517739481ed2553d1616050e -> 
  custom:scripting/monoscript/fileName/CinemachineTrackedDolly.cs: f6a9c21b27ad86d45f62f6b444ccbb49 -> 
  custom:scripting/monoscript/fileName/CinemachineHardLookAtEditor.cs: 15b8f2af6a6d786898ce5dd6b0db26dc -> 
  custom:scripting/monoscript/fileName/CinemachineConfiner.cs: 3813336c17662a5cb6b59ce5f1954254 -> 
  custom:scripting/monoscript/fileName/CinemachineComposer.cs: e399dfd36807c341da7cd182ce299d1e -> 
  custom:scripting/monoscript/fileName/CinemachineTrack.cs: 4b50d47d507c57dc81b82253ec075194 -> 
  custom:scripting/monoscript/fileName/CinemachineSmoothPathEditor.cs: 7555bcba4eb760e012dd21c6730ae562 -> 
  custom:scripting/monoscript/fileName/ScriptableObjectUtility.cs: c529d074f6f57a07e3f410d488963bbc -> 
  custom:scripting/monoscript/fileName/CinemachineBrain.cs: 365b4e0b6319f064062e97b8f8e32c8e -> 
  custom:scripting/monoscript/fileName/CinemachineImpulseDefinitionPropertyDrawer.cs: 1b2fc77b0a80a7e0e9045e0d44fb761c -> 
  custom:scripting/monoscript/fileName/CinemachineColliderPrefs.cs: 47106451d4685409820905badf49b71f -> 
  custom:scripting/monoscript/fileName/CinemachineFollowZoom.cs: eb74e2e98d3dc4647324e113f34710ca -> 
  custom:scripting/monoscript/fileName/CinemachineDebug.cs: 3077ed3b64725184c652d4c07ac732fd -> 
  custom:scripting/monoscript/fileName/CinemachineLensPresets.cs: 014747fb0ab87178c677520d0bf20bf7 -> 
  custom:video-decoder-ogg-theora: a1e56fd34408186e4bbccfd4996cb3dc -> 
  custom:scripting/monoscript/fileName/CinemachineOrbitalTransposer.cs: 71c52878ba6d43827473a480056a99da -> 
  custom:scripting/monoscript/fileName/CinemachineCameraOffset.cs: a6887f67d3eb83cc6393b822d4e65121 -> 
  custom:scripting/monoscript/fileName/ICinemachineCamera.cs: 2faad4f04eaf5d98c2870adbfb06184e -> 
  custom:scripting/monoscript/fileName/CinemachinePathBase.cs: debb99764287c54cae06313e2d6a1fe1 -> 
  custom:scripting/monoscript/fileName/CinemachineImpulseSource.cs: ac073b8453e26c5dd422d5f1a90a7ff2 -> 
  custom:scripting/monoscript/fileName/CinemachineShotPlayable.cs: e346ad1ecb4af45da55274cb9abd9ec0 -> 
  custom:scripting/monoscript/fileName/CinemachineTagFieldPropertyDrawer.cs: e78491a12decd558a49d01cc583bfcfb -> 
  custom:framework-win-MediaFoundation: 216162199b28c13a410421893ffa2e32 -> 
  custom:scripting/monoscript/fileName/CinemachineImpulseEnvelopePropertyDrawer.cs: 07e00c9c84964a5c7e4f3f19e4263ec1 -> 
  custom:scripting/monoscript/fileName/CinemachineVolumeSettings.cs: 22782cc3dbf8dfd1cb54e8486f29fe0d -> 
  custom:scripting/monoscript/fileName/SplineHelpers.cs: 9e5bf4293b3828088291b7871e233a27 -> 
  custom:scripting/monoscript/fileName/CinemachineImpulseSourceEditor.cs: 0ef7804c69c18838aa65e6d5bae5b055 -> 
  custom:scripting/monoscript/fileName/CinemachineExternalCameraEditor.cs: d74df442250b898c9b40669a19100e9d -> 
  custom:scripting/monoscript/fileName/CinemachineSameAsFollowTargetEditor.cs: 6def40fc1e39b3242347b6630fb5127e -> 
  custom:scripting/monoscript/fileName/CinemachineTargetGroupEditor.cs: f70ac85df8c1c9bd0b83a35534bafd1f -> 
  custom:scripting/monoscript/fileName/CinemachineRecomposer.cs: 07354cca81f7d0775b027b5906330569 -> 
  custom:scripting/monoscript/fileName/CinemachineTransposer.cs: aa226dd144b3a977b86ea888b85df5fa -> 
  custom:scripting/monoscript/fileName/CinemachineBlendListCameraEditor.cs: dbc12d2a9f3e2999a067290c411b2aca -> 
  custom:scripting/monoscript/fileName/TargetPositionCache.cs: 49ce97e6930a536b43825141e0c2d3a4 -> 
  custom:scripting/monoscript/fileName/CinemachineShot.cs: 3d4d9d05534db20e82d871d98ea52716 -> 
  custom:scripting/monoscript/fileName/UnityVectorExtensions.cs: 052777772edecdffe26d41a6a989641e -> 
  custom:scripting/monoscript/fileName/CinemachineBasicMultiChannelPerlinEditor.cs: d6749cd6c482efa27bdd41f60394f1b9 -> 
  custom:scripting/monoscript/fileName/CinemachineHardLockToTarget.cs: d349308c5b4f600a345055c394206f52 -> 
  custom:scripting/monoscript/fileName/CinemachineImpulseChannels.cs: a9a39cc5ecea1f083db0fce154eec19c -> 
  custom:scripting/monoscript/fileName/CinemachineConfiner2D.cs: beb10be0db8ff9d3a94bd0a150963b9b -> 
  custom:scripting/monoscript/fileName/LensSettings.cs: 4335e899502c57ee4480b8c9aa915366 -> 
  custom:scripting/monoscript/fileName/CinemachineExternalCamera.cs: d76122377115c288d881064c3f07a3f1 -> 
  custom:scripting/monoscript/fileName/Cinemachine3rdPersonAim.cs: 4bd230d915f070bb3cae23bef6f7ab70 -> 
  custom:scripting/monoscript/fileName/ReflectionHelpers.cs: 60a5d38af3e775d0a421a7ff630d61cc -> 
  custom:scripting/monoscript/fileName/CinemachineVirtualCamera.cs: f16f2dc5bc1261579875c19605c45301 -> 
  custom:scripting/monoscript/fileName/Predictor.cs: d51584936cb5b31b30ee7b444e03385b -> 
  custom:scripting/monoscript/fileName/CinemachineImpulseListener.cs: 6aac146243d38e7a67346170caa40ea1 -> 
  custom:scripting/monoscript/fileName/CinemachineOrbitalTransposerEditor.cs: 5ea2e4bec7ee6c24917bd86647f4bffa -> 
  custom:scripting/monoscript/fileName/CinemachineConfiner2DEditor.cs: 3f4b3d9b17ff5cd560135aa24f822994 -> 
  custom:scripting/monoscript/fileName/RigidbodyVoxelController.cs: d93a52a180fbbe603a59e9aa6da73c83 -> 7ca90fb0e37f14d197d0c5589d1c29f7
  custom:scripting/monoscript/fileName/GroupWeightManipulator.cs: 588749cf3436a8199e762a8e09bc8de7 -> 
  custom:scripting/monoscript/fileName/AxisStatePropertyDrawer.cs: 2d807695a513641e771c78e6c342ff04 -> 
  custom:video-encoder-webm-vp8: eb34c28f22e8b96e1ab97ce403110664 -> 
  custom:scripting/monoscript/fileName/CinemachineScreenComposerGuides.cs: cdc7ea02ccc4c8d1561d98d16760d1ca -> 
  custom:scripting/monoscript/fileName/CinemachinePropertyAttribute.cs: e8158d9725ac3a9129a08e46a4ff7519 -> 
  custom:scripting/monoscript/fileName/CinemachineVirtualCameraEditor.cs: 2e051d0c474634e907fe4123d6e2656e -> 
  custom:scripting/monoscript/fileName/CinemachineMenu.cs: 7b932811d9fa1e44d0d8b2b9ed75adf3 -> 
  custom:scripting/monoscript/fileName/RuntimeUtility.cs: 8c92a9f673836e5d2084dbeb0f10159f -> 
  custom:scripting/monoscript/fileName/CinemachineFreeLook.cs: bebc32b18bc4beddc113bad68624e557 -> 
  custom:scripting/monoscript/fileName/CinemachineSettings.cs: 197f6d5ad32e253546b5afa056a5bba4 -> 
  custom:audio-decoder-ogg-vorbis: bf7c407c2cedff20999df2af8eb42d56 -> 
  custom:scripting/monoscript/fileName/CinemachineGroupComposer.cs: 173a689a80ef321c302f9c045419668f -> 
  custom:scripting/monoscript/fileName/CinemachineVirtualCameraBase.cs: c7e60cccdcb14ee2a33da9fd46c1c54f -> 
  custom:scripting/monoscript/fileName/CinemachineFixedSignal.cs: aedcdca7a861da6e456e0ae105b24c41 -> 
  custom:scripting/monoscript/fileName/CinemachineShotClipEditor.cs: 123a48531bf1d1b4f3c8398556caec62 -> 
  custom:scripting/monoscript/fileName/CinemachineNoiseSettingsEditor.cs: 9056e69d9c759ba2504535054fff31c9 -> 
  custom:scripting/monoscript/fileName/CinemachineTouchInputMapper.cs: b9698729a07a7d31c864247e0582b566 -> 
  custom:scripting/monoscript/fileName/CinemachineTriggerAction.cs: cab9c5d02c28af05797c2c3743539bdb -> 
  custom:scripting/monoscript/fileName/InspectorUtility.cs: e13a8546bf784ce9963c508abb88926b -> 
  custom:CustomObjectIndexerAttribute: 9a22284fe3817be447336de3de66b15e -> 
  custom:scripting/monoscript/fileName/CinemachinePOV.cs: e4df06d1994174afa286b103eb06ee7f -> 
  custom:scripting/monoscript/fileName/CinemachineBlenderSettingsEditor.cs: c57aa7de12bc3e7367ca091f4902c67b -> 
  custom:scripting/monoscript/fileName/CinemachineBlend.cs: f33659d50c4d86144d649aa7e8196529 -> 
  custom:scripting/precompiled-assembly-types:Cinemachine: 54c8b091bb91c32bfeada952c9c53e21 -> 
  custom:scripting/monoscript/fileName/CinemachineImpulseDefinition.cs: 3d434086a2bdaf715abf85e79e9f14b4 -> 
  custom:scripting/precompiled-assembly-types:com.unity.cinemachine.editor: e24bde9f61664824443e2ae04112f2bb -> 
  custom:scripting/monoscript/fileName/CinemachineFreeLookEditor.cs: 9641291977c1891a004ac4c4c259e1c8 -> 
  custom:scripting/monoscript/fileName/CinemachineTransposerEditor.cs: 85841a774ddea4fb7232a7a585f716b4 -> 
  custom:scripting/monoscript/fileName/clipper.cs: 2a50e35a835148907b3c1fa8e187ab2b -> 
  custom:scripting/monoscript/fileName/NoiseSettings.cs: 443d576e0c72ab62870476103c9384ec -> 
  custom:scripting/monoscript/fileName/GaussianFilter.cs: 0a3672ebe80edf7c5daca82445c15683 -> 
  custom:scripting/monoscript/fileName/CinemachineSceneTools.cs: d63880a6073ab3335301b115db235b5b -> 
  custom:scripting/monoscript/fileName/Cinemachine3rdPersonFollowEditor.cs: f79aa162534f81c680877e6274b5d6ec -> 
  custom:scripting/monoscript/fileName/EmbeddedAssetPropertyDrawer.cs: fd7ebc18093de04c88d0cfc86fb060f5 -> 
  custom:container-demuxer-webm: 4f35f7cbe854078d1ac9338744f61a02 -> 
  custom:scripting/monoscript/fileName/CinemachineTriggerActionEditor.cs: 2309a2ec6192ace4cae8bab5a535978e -> 
  custom:scripting/monoscript/fileName/ConfinerOven.cs: ff23c03e90b61beb34474fc6e4ff668c -> 
  custom:scripting/monoscript/fileName/VcamTargetPropertyDrawer.cs: 9208050b1312b118a226fef2d63e8fa1 -> 
  custom:scripting/monoscript/fileName/CinemachineCollisionImpulseSource.cs: 9aae5e368cb7786be199f98f2122f96d -> 
  custom:scripting/monoscript/fileName/CinemachineClearShotEditor.cs: ca8875b47e775cd361c78158d7923690 -> 
  custom:scripting/monoscript/fileName/WaveformWindow.cs: 01bbc4fc017d41a2bab7fb57c988e8da -> 
  custom:scripting/monoscript/fileName/CinemachinePipeline.cs: 6ca7a5979a0a73ea1d450a8fc9b437ef -> 
  custom:scripting/monoscript/fileName/CinemachineEditorAnalytics.cs: de76cc292d7ecedcf47af6616498c9f9 -> 
  custom:scripting/monoscript/fileName/NoiseSettingsPropertyDrawer.cs: 8d3f69ba7eeec63914970bd3136b6ace -> 
  custom:scripting/monoscript/fileName/VcamStageEditor.cs: 84b0eaf932b448975a99972628e556d8 -> 
  custom:scripting/monoscript/fileName/CinemachineBrainEditor.cs: 49621d8b7679c0b5d128fef53d55becd -> 
  custom:scripting/monoscript/fileName/CinemachineFramingTransposerEditor.cs: 1653e1c00b2ca68b1d40f01e5bfb8445 -> 
  custom:scripting/monoscript/fileName/CinemachineShotEditor.cs: 2ba28b209a4ad7f0a791994d2360a9af -> 
  custom:scripting/monoscript/fileName/CinemachineStateDrivenCameraEditor.cs: 77d9f0a97385f936d9b4ffaa686bce39 -> 
  custom:scripting/monoscript/fileName/OrbitalTransposerHeadingPropertyDrawer.cs: 22496b76ce84f35f630c90badc4babd8 -> 
  custom:scripting/monoscript/fileName/CinemachineHardLockToTargetEditor.cs: c65eaafd47115974a2a9379aae467b0e -> 
  custom:scripting/monoscript/fileName/CinemachinePathEditor.cs: ce10985fbf0e018e2dea63fedae131ba -> 
  custom:scripting/monoscript/fileName/CinemachineCollider.cs: 8fa92f525b1c31cd81812685d7f8c288 -> 
  custom:audio-encoder-webm-vorbis: bf7c407c2cedff20999df2af8eb42d56 -> 
  custom:scripting/monoscript/fileName/CameraState.cs: 6ae7088fa20820e052d1e4d86059e90b -> 
  custom:scripting/monoscript/fileName/CinemachineToolbarOverlay.cs: 371b6fc494252d6fda34e207e170cb66 -> 
  custom:scripting/monoscript/fileName/CinemachineCollisionImpulseSourceEditor.cs: 29f9a522ec6b23375849ba08fd597c8d -> 
  custom:scripting/monoscript/fileName/CinemachineIndependentImpulseListener.cs: 91ae8748b9c36955c333e57505ff90fb -> 
  custom:scripting/monoscript/fileName/CinemachineMixingCameraEditor.cs: 1c122a21d710512fec62cdc7bd351681 -> 
  custom:scripting/monoscript/fileName/CinemachinePostProcessing.cs: bf9b100a1b61fd5383288bc96487c194 -> 
  custom:scripting/monoscript/fileName/CinemachineInputProvider.cs: ecb845de690695f08b3b3bb647cc7006 -> 
  custom:scripting/monoscript/fileName/CinemachineColliderEditor.cs: 859d1abbd669ee84cb713f6d4d0e1c5f -> 
  custom:scripting/monoscript/fileName/CinemachineSameAsFollowTarget.cs: bcfa2d394e1e5460b4ef3dc039214a16 -> 
  custom:scripting/monoscript/fileName/CinemachineExtension.cs: 6968db4afcdc301f6acb1ef4fbadb2f4 -> 
  custom:scripting/monoscript/fileName/CinemachineTargetGroup.cs: 10a09aa736b3a25da6dd9fc3c4dd9d36 -> 
  custom:scripting/monoscript/fileName/CinemachineVirtualCameraBaseEditor.cs: 13ee4931cd85df4b22852d0547b5e690 -> 
  custom:scripting/monoscript/fileName/UpdateTracker.cs: 3dac8a24a32a32e4bbfeb38ed26ef250 -> 
  custom:scripting/monoscript/fileName/CinemachineComposerEditor.cs: dda533b9c6cb2b366292f584704bd904 -> 
  custom:scripting/monoscript/fileName/Cinemachine3rdPersonFollow.cs: 4600bac2bdf6b37d80e86f9aa5a413c3 -> 
  custom:scripting/monoscript/fileName/EmbeddedAssetHelpers.cs: 90647cc400823b41df847a6cbfc29026 -> 
  custom:scripting/precompiled-assembly-types:Assembly-CSharp: c58cea025883cc1bba3f0a9b58de101d -> 98724c9a75c5cf593f713ad668a0273b
  custom:scripting/monoscript/fileName/CinemachineBlendListCamera.cs: 66104ac24fef171d9f5d5b93a8cb2f83 -> 
  custom:scripting/monoscript/fileName/CinemachineComponentBase.cs: 5293f153c13e9bd2fc262ec31ff69206 -> 
  custom:scripting/monoscript/fileName/BaseEditor.cs: 90647cc400823b41df847a6cbfc29026 -> 
  custom:container-muxer-webm: aa71ff27fc2769a1b78a27578f13a17b -> 
  custom:scripting/monoscript/fileName/SaveDuringPlay.cs: de39f1962b337699845d3d8a2e8f5bde -> 
========================================================================
Received Prepare
Caller must complete domain reload
Begin MonoManager ReloadAssembly
- Loaded All Assemblies, in  1.004 seconds
Native extension for WindowsStandalone target not found
Native extension for Android target not found
Native extension for WebGL target not found
[Package Manager] Server::EnsureServerProcessIsRunning -- launch failed, reason: Unity was launched with the -noUpm command-line argument
[Package Manager] UpmClient::Send -- Unable to send message (not connected to UPM process).
[Package Manager] Cannot connect to Unity Package Manager local server
Mono: successfully reloaded assembly
- Finished resetting the current domain, in  2.255 seconds
Domain Reload Profiling: 3251ms
	BeginReloadAssembly (352ms)
		ExecutionOrderSort (0ms)
		DisableScriptedObjects (15ms)
		BackupInstance (0ms)
		ReleaseScriptingObjects (0ms)
		CreateAndSetChildDomain (56ms)
	RebuildCommonClasses (82ms)
	RebuildNativeTypeToScriptingClass (26ms)
	initialDomainReloadingComplete (77ms)
	LoadAllAssembliesAndSetupDomain (458ms)
		LoadAssemblies (661ms)
		RebuildTransferFunctionScriptingTraits (0ms)
		AnalyzeDomain (19ms)
			TypeCache.Refresh (8ms)
				TypeCache.ScanAssembly (0ms)
			ScanForSourceGeneratedMonoScriptInfo (0ms)
			ResolveRequiredComponents (10ms)
	FinalizeReload (2256ms)
		ReleaseScriptCaches (0ms)
		RebuildScriptCaches (0ms)
		SetupLoadedEditorAssemblies (1313ms)
			LogAssemblyErrors (0ms)
			InitializePlatformSupportModulesInManaged (56ms)
			SetLoadedEditorAssemblies (11ms)
			RefreshPlugins (0ms)
			BeforeProcessingInitializeOnLoad (143ms)
			ProcessInitializeOnLoadAttributes (1023ms)
			ProcessInitializeOnLoadMethodAttributes (52ms)
			AfterProcessingInitializeOnLoad (27ms)
			EditorAssembliesLoaded (0ms)
		ExecutionOrderSort2 (0ms)
		AwakeInstancesAfterBackupRestoration (12ms)
Refreshing native plugins compatible for Editor in 4.48 ms, found 2 plugins.
Preloading 0 native plugins for Editor in 0.00 ms.
Unloading 1580 Unused Serialized files (Serialized files now loaded: 0)
Unloading 11 unused Assets / (123.7 KB). Loaded Objects now: 2191.
Memory consumption went from 89.9 MB to 89.8 MB.
Total: 5.341300 ms (FindLiveObjects: 0.219100 ms CreateObjectMapping: 0.088700 ms MarkObjects: 4.861300 ms  DeleteObjects: 0.169900 ms)

Prepare: number of updated asset objects reloaded= 0
AssetImportParameters requested are different than current active one (requested -> active):
  custom:scripting/monoscript/fileName/CinemachineGroupComposerEditor.cs: 54a07f36704e77a685a5e7e8c8b2c216 -> 
  custom:video-decoder-webm-vp8: 9c59270c3fd7afecdb556c50c9e8de78 -> 
  custom:scripting/monoscript/fileName/CinemachineConfinerEditor.cs: cc6c898a3390647ab91613c8a96de4b4 -> 
  custom:scripting/monoscript/fileName/CinemachineHardLookAt.cs: 792580aec23d39bcecd7ceea4c27a0ce -> 
  custom:scripting/monoscript/fileName/CinemachineInputAxisDriver.cs: 7e424e54660fed310c58dc98ea41042e -> 
  custom:scripting/monoscript/fileName/CinemachineStoryboardEditor.cs: 2e7ec8bfb72013eaaff4873a27da019c -> 
  custom:scripting/monoscript/fileName/CinemachineBasicMultiChannelPerlin.cs: bd5416e75860cd63657371207eb79058 -> 
  custom:scripting/monoscript/fileName/CinemachineBlendDefinitionPropertyDrawer.cs: 7ae344d19d646b738f3c65294becf216 -> 
  custom:scripting/monoscript/fileName/CinemachineTrackedDollyEditor.cs: b4d6784c58752cea58aafd9a76ca4459 -> 
  custom:scripting/monoscript/fileName/CinemachineImpulseManager.cs: c34be3577a810e26fd0110c580799b88 -> 
  custom:scripting/monoscript/fileName/CinemachineSmoothPath.cs: c28db2688f35d70587b5f943431a010a -> 
  custom:SearchIndexIgnoredProperties: e643bd26f0fe6173181afceb89e7c659 -> 
  custom:scripting/monoscript/fileName/CinemachineStateDrivenCamera.cs: aea2468a7384be4ba6d1b043ccec135d -> 
  custom:container-demuxer-ogg: 62fdf1f143b41e24485cea50d1cbac27 -> 
  custom:scripting/monoscript/fileName/CinemachineBlenderSettings.cs: 9adcb80668a56be4cd8e31c1d3dc60ae -> 
  custom:AudioImporter_EditorPlatform: d09bf68614088b80899f8185d706f6e7 -> 
  custom:scripting/monoscript/fileName/SignalSourceAsset.cs: f7ffd463dece56bad278f5a8d3ed7fc6 -> 
  custom:scripting/monoscript/fileName/CinemachineMixingCamera.cs: 739c5ceb76c01023f431794ec46a0177 -> 
  custom:scripting/monoscript/fileName/CinemachineCore.cs: fe6c3be993819098833de1628bfd76b2 -> 
  custom:scripting/monoscript/fileName/CinemachinePath.cs: b443d3c8837a65ddc3c78741cd58ec71 -> 
  custom:scripting/monoscript/fileName/CinemachineImpulseChannelPropertyDrawer.cs: 4b6390a17916751618e2a45cb8d47a80 -> 
  custom:scripting/monoscript/fileName/SerializedPropertyHelper.cs: b04ac165255e34bc2935ca9bf180e209 -> 
  custom:scripting/monoscript/fileName/CinemachineFramingTransposer.cs: 7943c9d436748359882d8f978cf86c91 -> 
  custom:scripting/monoscript/fileName/CinemachineImpulseListenerEditor.cs: d5d28e418f87c111bce1c1b98f1f70ba -> 
  custom:scripting/monoscript/fileName/AxisState.cs: 1a494a66d8b9a58f4a6873f89bf5b094 -> 
  custom:scripting/monoscript/fileName/CinemachineDollyCart.cs: bbe9d07f4a2f7ee5ab002e66cb05f922 -> 
  custom:scripting/monoscript/fileName/CinemachineStoryboard.cs: 59a2099f76be9b47af1e12ed7d40f553 -> 
  custom:scripting/monoscript/fileName/CinemachineClearShot.cs: 1da15f5c7903497ce3ae982ee4ee4779 -> 
  custom:scripting/monoscript/fileName/CinemachinePOVEditor.cs: 71db5a9242a182995b4ca15db516f628 -> 
  custom:scripting/monoscript/fileName/CinemachineMixer.cs: 2e36eb9e732dd7c8a32e8f83daebd6f4 -> 
  custom:scripting/monoscript/fileName/CinemachinePixelPerfect.cs: 2f42bea4517739481ed2553d1616050e -> 
  custom:scripting/monoscript/fileName/CinemachineTrackedDolly.cs: f6a9c21b27ad86d45f62f6b444ccbb49 -> 
  custom:scripting/monoscript/fileName/CinemachineHardLookAtEditor.cs: 15b8f2af6a6d786898ce5dd6b0db26dc -> 
  custom:scripting/monoscript/fileName/CinemachineConfiner.cs: 3813336c17662a5cb6b59ce5f1954254 -> 
  custom:scripting/monoscript/fileName/CinemachineComposer.cs: e399dfd36807c341da7cd182ce299d1e -> 
  custom:scripting/monoscript/fileName/CinemachineTrack.cs: 4b50d47d507c57dc81b82253ec075194 -> 
  custom:scripting/monoscript/fileName/CinemachineSmoothPathEditor.cs: 7555bcba4eb760e012dd21c6730ae562 -> 
  custom:scripting/monoscript/fileName/ScriptableObjectUtility.cs: c529d074f6f57a07e3f410d488963bbc -> 
  custom:scripting/monoscript/fileName/CinemachineBrain.cs: 365b4e0b6319f064062e97b8f8e32c8e -> 
  custom:scripting/monoscript/fileName/CinemachineImpulseDefinitionPropertyDrawer.cs: 1b2fc77b0a80a7e0e9045e0d44fb761c -> 
  custom:scripting/monoscript/fileName/CinemachineColliderPrefs.cs: 47106451d4685409820905badf49b71f -> 
  custom:scripting/monoscript/fileName/CinemachineFollowZoom.cs: eb74e2e98d3dc4647324e113f34710ca -> 
  custom:scripting/monoscript/fileName/CinemachineDebug.cs: 3077ed3b64725184c652d4c07ac732fd -> 
  custom:scripting/monoscript/fileName/CinemachineLensPresets.cs: 014747fb0ab87178c677520d0bf20bf7 -> 
  custom:video-decoder-ogg-theora: a1e56fd34408186e4bbccfd4996cb3dc -> 
  custom:scripting/monoscript/fileName/CinemachineOrbitalTransposer.cs: 71c52878ba6d43827473a480056a99da -> 
  custom:scripting/monoscript/fileName/CinemachineCameraOffset.cs: a6887f67d3eb83cc6393b822d4e65121 -> 
  custom:scripting/monoscript/fileName/ICinemachineCamera.cs: 2faad4f04eaf5d98c2870adbfb06184e -> 
  custom:scripting/monoscript/fileName/CinemachinePathBase.cs: debb99764287c54cae06313e2d6a1fe1 -> 
  custom:scripting/monoscript/fileName/CinemachineImpulseSource.cs: ac073b8453e26c5dd422d5f1a90a7ff2 -> 
  custom:scripting/monoscript/fileName/CinemachineShotPlayable.cs: e346ad1ecb4af45da55274cb9abd9ec0 -> 
  custom:scripting/monoscript/fileName/CinemachineTagFieldPropertyDrawer.cs: e78491a12decd558a49d01cc583bfcfb -> 
  custom:framework-win-MediaFoundation: 216162199b28c13a410421893ffa2e32 -> 
  custom:scripting/monoscript/fileName/CinemachineImpulseEnvelopePropertyDrawer.cs: 07e00c9c84964a5c7e4f3f19e4263ec1 -> 
  custom:scripting/monoscript/fileName/CinemachineVolumeSettings.cs: 22782cc3dbf8dfd1cb54e8486f29fe0d -> 
  custom:scripting/monoscript/fileName/SplineHelpers.cs: 9e5bf4293b3828088291b7871e233a27 -> 
  custom:scripting/monoscript/fileName/CinemachineImpulseSourceEditor.cs: 0ef7804c69c18838aa65e6d5bae5b055 -> 
  custom:scripting/monoscript/fileName/CinemachineExternalCameraEditor.cs: d74df442250b898c9b40669a19100e9d -> 
  custom:scripting/monoscript/fileName/CinemachineSameAsFollowTargetEditor.cs: 6def40fc1e39b3242347b6630fb5127e -> 
  custom:scripting/monoscript/fileName/CinemachineTargetGroupEditor.cs: f70ac85df8c1c9bd0b83a35534bafd1f -> 
  custom:scripting/monoscript/fileName/CinemachineRecomposer.cs: 07354cca81f7d0775b027b5906330569 -> 
  custom:scripting/monoscript/fileName/CinemachineTransposer.cs: aa226dd144b3a977b86ea888b85df5fa -> 
  custom:scripting/monoscript/fileName/CinemachineBlendListCameraEditor.cs: dbc12d2a9f3e2999a067290c411b2aca -> 
  custom:scripting/monoscript/fileName/TargetPositionCache.cs: 49ce97e6930a536b43825141e0c2d3a4 -> 
  custom:scripting/monoscript/fileName/CinemachineShot.cs: 3d4d9d05534db20e82d871d98ea52716 -> 
  custom:scripting/monoscript/fileName/UnityVectorExtensions.cs: 052777772edecdffe26d41a6a989641e -> 
  custom:scripting/monoscript/fileName/CinemachineBasicMultiChannelPerlinEditor.cs: d6749cd6c482efa27bdd41f60394f1b9 -> 
  custom:scripting/monoscript/fileName/CinemachineHardLockToTarget.cs: d349308c5b4f600a345055c394206f52 -> 
  custom:scripting/monoscript/fileName/CinemachineImpulseChannels.cs: a9a39cc5ecea1f083db0fce154eec19c -> 
  custom:scripting/monoscript/fileName/CinemachineConfiner2D.cs: beb10be0db8ff9d3a94bd0a150963b9b -> 
  custom:scripting/monoscript/fileName/LensSettings.cs: 4335e899502c57ee4480b8c9aa915366 -> 
  custom:scripting/monoscript/fileName/CinemachineExternalCamera.cs: d76122377115c288d881064c3f07a3f1 -> 
  custom:scripting/monoscript/fileName/Cinemachine3rdPersonAim.cs: 4bd230d915f070bb3cae23bef6f7ab70 -> 
  custom:scripting/monoscript/fileName/ReflectionHelpers.cs: 60a5d38af3e775d0a421a7ff630d61cc -> 
  custom:scripting/monoscript/fileName/CinemachineVirtualCamera.cs: f16f2dc5bc1261579875c19605c45301 -> 
  custom:scripting/monoscript/fileName/Predictor.cs: d51584936cb5b31b30ee7b444e03385b -> 
  custom:scripting/monoscript/fileName/CinemachineImpulseListener.cs: 6aac146243d38e7a67346170caa40ea1 -> 
  custom:scripting/monoscript/fileName/CinemachineOrbitalTransposerEditor.cs: 5ea2e4bec7ee6c24917bd86647f4bffa -> 
  custom:scripting/monoscript/fileName/CinemachineConfiner2DEditor.cs: 3f4b3d9b17ff5cd560135aa24f822994 -> 
  custom:scripting/monoscript/fileName/RigidbodyVoxelController.cs: d93a52a180fbbe603a59e9aa6da73c83 -> 7ca90fb0e37f14d197d0c5589d1c29f7
  custom:scripting/monoscript/fileName/GroupWeightManipulator.cs: 588749cf3436a8199e762a8e09bc8de7 -> 
  custom:scripting/monoscript/fileName/AxisStatePropertyDrawer.cs: 2d807695a513641e771c78e6c342ff04 -> 
  custom:video-encoder-webm-vp8: eb34c28f22e8b96e1ab97ce403110664 -> 
  custom:scripting/monoscript/fileName/CinemachineScreenComposerGuides.cs: cdc7ea02ccc4c8d1561d98d16760d1ca -> 
  custom:scripting/monoscript/fileName/CinemachinePropertyAttribute.cs: e8158d9725ac3a9129a08e46a4ff7519 -> 
  custom:scripting/monoscript/fileName/CinemachineVirtualCameraEditor.cs: 2e051d0c474634e907fe4123d6e2656e -> 
  custom:scripting/monoscript/fileName/CinemachineMenu.cs: 7b932811d9fa1e44d0d8b2b9ed75adf3 -> 
  custom:scripting/monoscript/fileName/RuntimeUtility.cs: 8c92a9f673836e5d2084dbeb0f10159f -> 
  custom:scripting/monoscript/fileName/CinemachineFreeLook.cs: bebc32b18bc4beddc113bad68624e557 -> 
  custom:scripting/monoscript/fileName/CinemachineSettings.cs: 197f6d5ad32e253546b5afa056a5bba4 -> 
  custom:audio-decoder-ogg-vorbis: bf7c407c2cedff20999df2af8eb42d56 -> 
  custom:scripting/monoscript/fileName/CinemachineGroupComposer.cs: 173a689a80ef321c302f9c045419668f -> 
  custom:scripting/monoscript/fileName/CinemachineVirtualCameraBase.cs: c7e60cccdcb14ee2a33da9fd46c1c54f -> 
  custom:scripting/monoscript/fileName/CinemachineFixedSignal.cs: aedcdca7a861da6e456e0ae105b24c41 -> 
  custom:scripting/monoscript/fileName/CinemachineShotClipEditor.cs: 123a48531bf1d1b4f3c8398556caec62 -> 
  custom:scripting/monoscript/fileName/CinemachineNoiseSettingsEditor.cs: 9056e69d9c759ba2504535054fff31c9 -> 
  custom:scripting/monoscript/fileName/CinemachineTouchInputMapper.cs: b9698729a07a7d31c864247e0582b566 -> 
  custom:scripting/monoscript/fileName/CinemachineTriggerAction.cs: cab9c5d02c28af05797c2c3743539bdb -> 
  custom:scripting/monoscript/fileName/InspectorUtility.cs: e13a8546bf784ce9963c508abb88926b -> 
  custom:CustomObjectIndexerAttribute: 9a22284fe3817be447336de3de66b15e -> 
  custom:scripting/monoscript/fileName/CinemachinePOV.cs: e4df06d1994174afa286b103eb06ee7f -> 
  custom:scripting/monoscript/fileName/CinemachineBlenderSettingsEditor.cs: c57aa7de12bc3e7367ca091f4902c67b -> 
  custom:scripting/monoscript/fileName/CinemachineBlend.cs: f33659d50c4d86144d649aa7e8196529 -> 
  custom:scripting/precompiled-assembly-types:Cinemachine: 54c8b091bb91c32bfeada952c9c53e21 -> 
  custom:scripting/monoscript/fileName/CinemachineImpulseDefinition.cs: 3d434086a2bdaf715abf85e79e9f14b4 -> 
  custom:scripting/precompiled-assembly-types:com.unity.cinemachine.editor: e24bde9f61664824443e2ae04112f2bb -> 
  custom:scripting/monoscript/fileName/CinemachineFreeLookEditor.cs: 9641291977c1891a004ac4c4c259e1c8 -> 
  custom:scripting/monoscript/fileName/CinemachineTransposerEditor.cs: 85841a774ddea4fb7232a7a585f716b4 -> 
  custom:scripting/monoscript/fileName/clipper.cs: 2a50e35a835148907b3c1fa8e187ab2b -> 
  custom:scripting/monoscript/fileName/NoiseSettings.cs: 443d576e0c72ab62870476103c9384ec -> 
  custom:scripting/monoscript/fileName/GaussianFilter.cs: 0a3672ebe80edf7c5daca82445c15683 -> 
  custom:scripting/monoscript/fileName/CinemachineSceneTools.cs: d63880a6073ab3335301b115db235b5b -> 
  custom:scripting/monoscript/fileName/Cinemachine3rdPersonFollowEditor.cs: f79aa162534f81c680877e6274b5d6ec -> 
  custom:scripting/monoscript/fileName/EmbeddedAssetPropertyDrawer.cs: fd7ebc18093de04c88d0cfc86fb060f5 -> 
  custom:container-demuxer-webm: 4f35f7cbe854078d1ac9338744f61a02 -> 
  custom:scripting/monoscript/fileName/CinemachineTriggerActionEditor.cs: 2309a2ec6192ace4cae8bab5a535978e -> 
  custom:scripting/monoscript/fileName/ConfinerOven.cs: ff23c03e90b61beb34474fc6e4ff668c -> 
  custom:scripting/monoscript/fileName/VcamTargetPropertyDrawer.cs: 9208050b1312b118a226fef2d63e8fa1 -> 
  custom:scripting/monoscript/fileName/CinemachineCollisionImpulseSource.cs: 9aae5e368cb7786be199f98f2122f96d -> 
  custom:scripting/monoscript/fileName/CinemachineClearShotEditor.cs: ca8875b47e775cd361c78158d7923690 -> 
  custom:scripting/monoscript/fileName/WaveformWindow.cs: 01bbc4fc017d41a2bab7fb57c988e8da -> 
  custom:scripting/monoscript/fileName/CinemachinePipeline.cs: 6ca7a5979a0a73ea1d450a8fc9b437ef -> 
  custom:scripting/monoscript/fileName/CinemachineEditorAnalytics.cs: de76cc292d7ecedcf47af6616498c9f9 -> 
  custom:scripting/monoscript/fileName/NoiseSettingsPropertyDrawer.cs: 8d3f69ba7eeec63914970bd3136b6ace -> 
  custom:scripting/monoscript/fileName/VcamStageEditor.cs: 84b0eaf932b448975a99972628e556d8 -> 
  custom:scripting/monoscript/fileName/CinemachineBrainEditor.cs: 49621d8b7679c0b5d128fef53d55becd -> 
  custom:scripting/monoscript/fileName/CinemachineFramingTransposerEditor.cs: 1653e1c00b2ca68b1d40f01e5bfb8445 -> 
  custom:scripting/monoscript/fileName/CinemachineShotEditor.cs: 2ba28b209a4ad7f0a791994d2360a9af -> 
  custom:scripting/monoscript/fileName/CinemachineStateDrivenCameraEditor.cs: 77d9f0a97385f936d9b4ffaa686bce39 -> 
  custom:scripting/monoscript/fileName/OrbitalTransposerHeadingPropertyDrawer.cs: 22496b76ce84f35f630c90badc4babd8 -> 
  custom:scripting/monoscript/fileName/CinemachineHardLockToTargetEditor.cs: c65eaafd47115974a2a9379aae467b0e -> 
  custom:scripting/monoscript/fileName/CinemachinePathEditor.cs: ce10985fbf0e018e2dea63fedae131ba -> 
  custom:scripting/monoscript/fileName/CinemachineCollider.cs: 8fa92f525b1c31cd81812685d7f8c288 -> 
  custom:audio-encoder-webm-vorbis: bf7c407c2cedff20999df2af8eb42d56 -> 
  custom:scripting/monoscript/fileName/CameraState.cs: 6ae7088fa20820e052d1e4d86059e90b -> 
  custom:scripting/monoscript/fileName/CinemachineToolbarOverlay.cs: 371b6fc494252d6fda34e207e170cb66 -> 
  custom:scripting/monoscript/fileName/CinemachineCollisionImpulseSourceEditor.cs: 29f9a522ec6b23375849ba08fd597c8d -> 
  custom:scripting/monoscript/fileName/CinemachineIndependentImpulseListener.cs: 91ae8748b9c36955c333e57505ff90fb -> 
  custom:scripting/monoscript/fileName/CinemachineMixingCameraEditor.cs: 1c122a21d710512fec62cdc7bd351681 -> 
  custom:scripting/monoscript/fileName/CinemachinePostProcessing.cs: bf9b100a1b61fd5383288bc96487c194 -> 
  custom:scripting/monoscript/fileName/CinemachineInputProvider.cs: ecb845de690695f08b3b3bb647cc7006 -> 
  custom:scripting/monoscript/fileName/CinemachineColliderEditor.cs: 859d1abbd669ee84cb713f6d4d0e1c5f -> 
  custom:scripting/monoscript/fileName/CinemachineSameAsFollowTarget.cs: bcfa2d394e1e5460b4ef3dc039214a16 -> 
  custom:scripting/monoscript/fileName/CinemachineExtension.cs: 6968db4afcdc301f6acb1ef4fbadb2f4 -> 
  custom:scripting/monoscript/fileName/CinemachineTargetGroup.cs: 10a09aa736b3a25da6dd9fc3c4dd9d36 -> 
  custom:scripting/monoscript/fileName/CinemachineVirtualCameraBaseEditor.cs: 13ee4931cd85df4b22852d0547b5e690 -> 
  custom:scripting/monoscript/fileName/UpdateTracker.cs: 3dac8a24a32a32e4bbfeb38ed26ef250 -> 
  custom:scripting/monoscript/fileName/CinemachineComposerEditor.cs: dda533b9c6cb2b366292f584704bd904 -> 
  custom:scripting/monoscript/fileName/Cinemachine3rdPersonFollow.cs: 4600bac2bdf6b37d80e86f9aa5a413c3 -> 
  custom:scripting/monoscript/fileName/EmbeddedAssetHelpers.cs: 90647cc400823b41df847a6cbfc29026 -> 
  custom:scripting/precompiled-assembly-types:Assembly-CSharp: c58cea025883cc1bba3f0a9b58de101d -> 98724c9a75c5cf593f713ad668a0273b
  custom:scripting/monoscript/fileName/CinemachineBlendListCamera.cs: 66104ac24fef171d9f5d5b93a8cb2f83 -> 
  custom:scripting/monoscript/fileName/CinemachineComponentBase.cs: 5293f153c13e9bd2fc262ec31ff69206 -> 
  custom:scripting/monoscript/fileName/BaseEditor.cs: 90647cc400823b41df847a6cbfc29026 -> 
  custom:container-muxer-webm: aa71ff27fc2769a1b78a27578f13a17b -> 
  custom:scripting/monoscript/fileName/SaveDuringPlay.cs: de39f1962b337699845d3d8a2e8f5bde -> 
========================================================================
Received Prepare
Caller must complete domain reload
Begin MonoManager ReloadAssembly
- Loaded All Assemblies, in  1.009 seconds
Native extension for WindowsStandalone target not found
Native extension for Android target not found
Native extension for WebGL target not found
[Package Manager] Server::EnsureServerProcessIsRunning -- launch failed, reason: Unity was launched with the -noUpm command-line argument
[Package Manager] UpmClient::Send -- Unable to send message (not connected to UPM process).
[Package Manager] Cannot connect to Unity Package Manager local server
Mono: successfully reloaded assembly
- Finished resetting the current domain, in  2.053 seconds
Domain Reload Profiling: 3053ms
	BeginReloadAssembly (383ms)
		ExecutionOrderSort (0ms)
		DisableScriptedObjects (11ms)
		BackupInstance (0ms)
		ReleaseScriptingObjects (0ms)
		CreateAndSetChildDomain (53ms)
	RebuildCommonClasses (83ms)
	RebuildNativeTypeToScriptingClass (29ms)
	initialDomainReloadingComplete (76ms)
	LoadAllAssembliesAndSetupDomain (427ms)
		LoadAssemblies (648ms)
		RebuildTransferFunctionScriptingTraits (0ms)
		AnalyzeDomain (23ms)
			TypeCache.Refresh (7ms)
				TypeCache.ScanAssembly (0ms)
			ScanForSourceGeneratedMonoScriptInfo (0ms)
			ResolveRequiredComponents (13ms)
	FinalizeReload (2054ms)
		ReleaseScriptCaches (0ms)
		RebuildScriptCaches (0ms)
		SetupLoadedEditorAssemblies (1184ms)
			LogAssemblyErrors (0ms)
			InitializePlatformSupportModulesInManaged (52ms)
			SetLoadedEditorAssemblies (10ms)
			RefreshPlugins (0ms)
			BeforeProcessingInitializeOnLoad (136ms)
			ProcessInitializeOnLoadAttributes (912ms)
			ProcessInitializeOnLoadMethodAttributes (52ms)
			AfterProcessingInitializeOnLoad (23ms)
			EditorAssembliesLoaded (0ms)
		ExecutionOrderSort2 (0ms)
		AwakeInstancesAfterBackupRestoration (23ms)
Refreshing native plugins compatible for Editor in 7.50 ms, found 2 plugins.
Preloading 0 native plugins for Editor in 0.00 ms.
Unloading 1580 Unused Serialized files (Serialized files now loaded: 0)
Unloading 11 unused Assets / (123.7 KB). Loaded Objects now: 2206.
Memory consumption went from 89.9 MB to 89.8 MB.
Total: 6.249400 ms (FindLiveObjects: 0.221100 ms CreateObjectMapping: 0.092000 ms MarkObjects: 5.760300 ms  DeleteObjects: 0.174300 ms)

Prepare: number of updated asset objects reloaded= 0
AssetImportParameters requested are different than current active one (requested -> active):
  custom:scripting/monoscript/fileName/CinemachineGroupComposerEditor.cs: 54a07f36704e77a685a5e7e8c8b2c216 -> 
  custom:video-decoder-webm-vp8: 9c59270c3fd7afecdb556c50c9e8de78 -> 
  custom:scripting/monoscript/fileName/CinemachineConfinerEditor.cs: cc6c898a3390647ab91613c8a96de4b4 -> 
  custom:scripting/monoscript/fileName/CinemachineHardLookAt.cs: 792580aec23d39bcecd7ceea4c27a0ce -> 
  custom:scripting/monoscript/fileName/CinemachineInputAxisDriver.cs: 7e424e54660fed310c58dc98ea41042e -> 
  custom:scripting/monoscript/fileName/CinemachineStoryboardEditor.cs: 2e7ec8bfb72013eaaff4873a27da019c -> 
  custom:scripting/monoscript/fileName/CinemachineBasicMultiChannelPerlin.cs: bd5416e75860cd63657371207eb79058 -> 
  custom:scripting/monoscript/fileName/CinemachineBlendDefinitionPropertyDrawer.cs: 7ae344d19d646b738f3c65294becf216 -> 
  custom:scripting/monoscript/fileName/CinemachineTrackedDollyEditor.cs: b4d6784c58752cea58aafd9a76ca4459 -> 
  custom:scripting/monoscript/fileName/CinemachineImpulseManager.cs: c34be3577a810e26fd0110c580799b88 -> 
  custom:scripting/monoscript/fileName/CinemachineSmoothPath.cs: c28db2688f35d70587b5f943431a010a -> 
  custom:SearchIndexIgnoredProperties: e643bd26f0fe6173181afceb89e7c659 -> 
  custom:scripting/monoscript/fileName/CinemachineStateDrivenCamera.cs: aea2468a7384be4ba6d1b043ccec135d -> 
  custom:container-demuxer-ogg: 62fdf1f143b41e24485cea50d1cbac27 -> 
  custom:scripting/monoscript/fileName/CinemachineBlenderSettings.cs: 9adcb80668a56be4cd8e31c1d3dc60ae -> 
  custom:AudioImporter_EditorPlatform: d09bf68614088b80899f8185d706f6e7 -> 
  custom:scripting/monoscript/fileName/SignalSourceAsset.cs: f7ffd463dece56bad278f5a8d3ed7fc6 -> 
  custom:scripting/monoscript/fileName/CinemachineMixingCamera.cs: 739c5ceb76c01023f431794ec46a0177 -> 
  custom:scripting/monoscript/fileName/CinemachineCore.cs: fe6c3be993819098833de1628bfd76b2 -> 
  custom:scripting/monoscript/fileName/CinemachinePath.cs: b443d3c8837a65ddc3c78741cd58ec71 -> 
  custom:scripting/monoscript/fileName/CinemachineImpulseChannelPropertyDrawer.cs: 4b6390a17916751618e2a45cb8d47a80 -> 
  custom:scripting/monoscript/fileName/SerializedPropertyHelper.cs: b04ac165255e34bc2935ca9bf180e209 -> 
  custom:scripting/monoscript/fileName/CinemachineFramingTransposer.cs: 7943c9d436748359882d8f978cf86c91 -> 
  custom:scripting/monoscript/fileName/CinemachineImpulseListenerEditor.cs: d5d28e418f87c111bce1c1b98f1f70ba -> 
  custom:scripting/monoscript/fileName/AxisState.cs: 1a494a66d8b9a58f4a6873f89bf5b094 -> 
  custom:scripting/monoscript/fileName/CinemachineDollyCart.cs: bbe9d07f4a2f7ee5ab002e66cb05f922 -> 
  custom:scripting/monoscript/fileName/CinemachineStoryboard.cs: 59a2099f76be9b47af1e12ed7d40f553 -> 
  custom:scripting/monoscript/fileName/CinemachineClearShot.cs: 1da15f5c7903497ce3ae982ee4ee4779 -> 
  custom:scripting/monoscript/fileName/CinemachinePOVEditor.cs: 71db5a9242a182995b4ca15db516f628 -> 
  custom:scripting/monoscript/fileName/CinemachineMixer.cs: 2e36eb9e732dd7c8a32e8f83daebd6f4 -> 
  custom:scripting/monoscript/fileName/CinemachinePixelPerfect.cs: 2f42bea4517739481ed2553d1616050e -> 
  custom:scripting/monoscript/fileName/CinemachineTrackedDolly.cs: f6a9c21b27ad86d45f62f6b444ccbb49 -> 
  custom:scripting/monoscript/fileName/CinemachineHardLookAtEditor.cs: 15b8f2af6a6d786898ce5dd6b0db26dc -> 
  custom:scripting/monoscript/fileName/CinemachineConfiner.cs: 3813336c17662a5cb6b59ce5f1954254 -> 
  custom:scripting/monoscript/fileName/CinemachineComposer.cs: e399dfd36807c341da7cd182ce299d1e -> 
  custom:scripting/monoscript/fileName/CinemachineTrack.cs: 4b50d47d507c57dc81b82253ec075194 -> 
  custom:scripting/monoscript/fileName/CinemachineSmoothPathEditor.cs: 7555bcba4eb760e012dd21c6730ae562 -> 
  custom:scripting/monoscript/fileName/ScriptableObjectUtility.cs: c529d074f6f57a07e3f410d488963bbc -> 
  custom:scripting/monoscript/fileName/CinemachineBrain.cs: 365b4e0b6319f064062e97b8f8e32c8e -> 
  custom:scripting/monoscript/fileName/CinemachineImpulseDefinitionPropertyDrawer.cs: 1b2fc77b0a80a7e0e9045e0d44fb761c -> 
  custom:scripting/monoscript/fileName/CinemachineColliderPrefs.cs: 47106451d4685409820905badf49b71f -> 
  custom:scripting/monoscript/fileName/CinemachineFollowZoom.cs: eb74e2e98d3dc4647324e113f34710ca -> 
  custom:scripting/monoscript/fileName/CinemachineDebug.cs: 3077ed3b64725184c652d4c07ac732fd -> 
  custom:scripting/monoscript/fileName/CinemachineLensPresets.cs: 014747fb0ab87178c677520d0bf20bf7 -> 
  custom:video-decoder-ogg-theora: a1e56fd34408186e4bbccfd4996cb3dc -> 
  custom:scripting/monoscript/fileName/CinemachineOrbitalTransposer.cs: 71c52878ba6d43827473a480056a99da -> 
  custom:scripting/monoscript/fileName/CinemachineCameraOffset.cs: a6887f67d3eb83cc6393b822d4e65121 -> 
  custom:scripting/monoscript/fileName/ICinemachineCamera.cs: 2faad4f04eaf5d98c2870adbfb06184e -> 
  custom:scripting/monoscript/fileName/CinemachinePathBase.cs: debb99764287c54cae06313e2d6a1fe1 -> 
  custom:scripting/monoscript/fileName/CinemachineImpulseSource.cs: ac073b8453e26c5dd422d5f1a90a7ff2 -> 
  custom:scripting/monoscript/fileName/CinemachineShotPlayable.cs: e346ad1ecb4af45da55274cb9abd9ec0 -> 
  custom:scripting/monoscript/fileName/CinemachineTagFieldPropertyDrawer.cs: e78491a12decd558a49d01cc583bfcfb -> 
  custom:framework-win-MediaFoundation: 216162199b28c13a410421893ffa2e32 -> 
  custom:scripting/monoscript/fileName/CinemachineImpulseEnvelopePropertyDrawer.cs: 07e00c9c84964a5c7e4f3f19e4263ec1 -> 
  custom:scripting/monoscript/fileName/CinemachineVolumeSettings.cs: 22782cc3dbf8dfd1cb54e8486f29fe0d -> 
  custom:scripting/monoscript/fileName/SplineHelpers.cs: 9e5bf4293b3828088291b7871e233a27 -> 
  custom:scripting/monoscript/fileName/CinemachineImpulseSourceEditor.cs: 0ef7804c69c18838aa65e6d5bae5b055 -> 
  custom:scripting/monoscript/fileName/CinemachineExternalCameraEditor.cs: d74df442250b898c9b40669a19100e9d -> 
  custom:scripting/monoscript/fileName/CinemachineSameAsFollowTargetEditor.cs: 6def40fc1e39b3242347b6630fb5127e -> 
  custom:scripting/monoscript/fileName/CinemachineTargetGroupEditor.cs: f70ac85df8c1c9bd0b83a35534bafd1f -> 
  custom:scripting/monoscript/fileName/CinemachineRecomposer.cs: 07354cca81f7d0775b027b5906330569 -> 
  custom:scripting/monoscript/fileName/CinemachineTransposer.cs: aa226dd144b3a977b86ea888b85df5fa -> 
  custom:scripting/monoscript/fileName/CinemachineBlendListCameraEditor.cs: dbc12d2a9f3e2999a067290c411b2aca -> 
  custom:scripting/monoscript/fileName/TargetPositionCache.cs: 49ce97e6930a536b43825141e0c2d3a4 -> 
  custom:scripting/monoscript/fileName/CinemachineShot.cs: 3d4d9d05534db20e82d871d98ea52716 -> 
  custom:scripting/monoscript/fileName/UnityVectorExtensions.cs: 052777772edecdffe26d41a6a989641e -> 
  custom:scripting/monoscript/fileName/CinemachineBasicMultiChannelPerlinEditor.cs: d6749cd6c482efa27bdd41f60394f1b9 -> 
  custom:scripting/monoscript/fileName/CinemachineHardLockToTarget.cs: d349308c5b4f600a345055c394206f52 -> 
  custom:scripting/monoscript/fileName/CinemachineImpulseChannels.cs: a9a39cc5ecea1f083db0fce154eec19c -> 
  custom:scripting/monoscript/fileName/CinemachineConfiner2D.cs: beb10be0db8ff9d3a94bd0a150963b9b -> 
  custom:scripting/monoscript/fileName/LensSettings.cs: 4335e899502c57ee4480b8c9aa915366 -> 
  custom:scripting/monoscript/fileName/CinemachineExternalCamera.cs: d76122377115c288d881064c3f07a3f1 -> 
  custom:scripting/monoscript/fileName/Cinemachine3rdPersonAim.cs: 4bd230d915f070bb3cae23bef6f7ab70 -> 
  custom:scripting/monoscript/fileName/ReflectionHelpers.cs: 60a5d38af3e775d0a421a7ff630d61cc -> 
  custom:scripting/monoscript/fileName/CinemachineVirtualCamera.cs: f16f2dc5bc1261579875c19605c45301 -> 
  custom:scripting/monoscript/fileName/Predictor.cs: d51584936cb5b31b30ee7b444e03385b -> 
  custom:scripting/monoscript/fileName/CinemachineImpulseListener.cs: 6aac146243d38e7a67346170caa40ea1 -> 
  custom:scripting/monoscript/fileName/CinemachineOrbitalTransposerEditor.cs: 5ea2e4bec7ee6c24917bd86647f4bffa -> 
  custom:scripting/monoscript/fileName/CinemachineConfiner2DEditor.cs: 3f4b3d9b17ff5cd560135aa24f822994 -> 
  custom:scripting/monoscript/fileName/RigidbodyVoxelController.cs: d93a52a180fbbe603a59e9aa6da73c83 -> 7ca90fb0e37f14d197d0c5589d1c29f7
  custom:scripting/monoscript/fileName/GroupWeightManipulator.cs: 588749cf3436a8199e762a8e09bc8de7 -> 
  custom:scripting/monoscript/fileName/AxisStatePropertyDrawer.cs: 2d807695a513641e771c78e6c342ff04 -> 
  custom:video-encoder-webm-vp8: eb34c28f22e8b96e1ab97ce403110664 -> 
  custom:scripting/monoscript/fileName/CinemachineScreenComposerGuides.cs: cdc7ea02ccc4c8d1561d98d16760d1ca -> 
  custom:scripting/monoscript/fileName/CinemachinePropertyAttribute.cs: e8158d9725ac3a9129a08e46a4ff7519 -> 
  custom:scripting/monoscript/fileName/CinemachineVirtualCameraEditor.cs: 2e051d0c474634e907fe4123d6e2656e -> 
  custom:scripting/monoscript/fileName/CinemachineMenu.cs: 7b932811d9fa1e44d0d8b2b9ed75adf3 -> 
  custom:scripting/monoscript/fileName/RuntimeUtility.cs: 8c92a9f673836e5d2084dbeb0f10159f -> 
  custom:scripting/monoscript/fileName/CinemachineFreeLook.cs: bebc32b18bc4beddc113bad68624e557 -> 
  custom:scripting/monoscript/fileName/CinemachineSettings.cs: 197f6d5ad32e253546b5afa056a5bba4 -> 
  custom:audio-decoder-ogg-vorbis: bf7c407c2cedff20999df2af8eb42d56 -> 
  custom:scripting/monoscript/fileName/CinemachineGroupComposer.cs: 173a689a80ef321c302f9c045419668f -> 
  custom:scripting/monoscript/fileName/CinemachineVirtualCameraBase.cs: c7e60cccdcb14ee2a33da9fd46c1c54f -> 
  custom:scripting/monoscript/fileName/CinemachineFixedSignal.cs: aedcdca7a861da6e456e0ae105b24c41 -> 
  custom:scripting/monoscript/fileName/CinemachineShotClipEditor.cs: 123a48531bf1d1b4f3c8398556caec62 -> 
  custom:scripting/monoscript/fileName/CinemachineNoiseSettingsEditor.cs: 9056e69d9c759ba2504535054fff31c9 -> 
  custom:scripting/monoscript/fileName/CinemachineTouchInputMapper.cs: b9698729a07a7d31c864247e0582b566 -> 
  custom:scripting/monoscript/fileName/CinemachineTriggerAction.cs: cab9c5d02c28af05797c2c3743539bdb -> 
  custom:scripting/monoscript/fileName/InspectorUtility.cs: e13a8546bf784ce9963c508abb88926b -> 
  custom:CustomObjectIndexerAttribute: 9a22284fe3817be447336de3de66b15e -> 
  custom:scripting/monoscript/fileName/CinemachinePOV.cs: e4df06d1994174afa286b103eb06ee7f -> 
  custom:scripting/monoscript/fileName/CinemachineBlenderSettingsEditor.cs: c57aa7de12bc3e7367ca091f4902c67b -> 
  custom:scripting/monoscript/fileName/CinemachineBlend.cs: f33659d50c4d86144d649aa7e8196529 -> 
  custom:scripting/precompiled-assembly-types:Cinemachine: 54c8b091bb91c32bfeada952c9c53e21 -> 
  custom:scripting/monoscript/fileName/CinemachineImpulseDefinition.cs: 3d434086a2bdaf715abf85e79e9f14b4 -> 
  custom:scripting/precompiled-assembly-types:com.unity.cinemachine.editor: e24bde9f61664824443e2ae04112f2bb -> 
  custom:scripting/monoscript/fileName/CinemachineFreeLookEditor.cs: 9641291977c1891a004ac4c4c259e1c8 -> 
  custom:scripting/monoscript/fileName/CinemachineTransposerEditor.cs: 85841a774ddea4fb7232a7a585f716b4 -> 
  custom:scripting/monoscript/fileName/clipper.cs: 2a50e35a835148907b3c1fa8e187ab2b -> 
  custom:scripting/monoscript/fileName/NoiseSettings.cs: 443d576e0c72ab62870476103c9384ec -> 
  custom:scripting/monoscript/fileName/GaussianFilter.cs: 0a3672ebe80edf7c5daca82445c15683 -> 
  custom:scripting/monoscript/fileName/CinemachineSceneTools.cs: d63880a6073ab3335301b115db235b5b -> 
  custom:scripting/monoscript/fileName/Cinemachine3rdPersonFollowEditor.cs: f79aa162534f81c680877e6274b5d6ec -> 
  custom:scripting/monoscript/fileName/EmbeddedAssetPropertyDrawer.cs: fd7ebc18093de04c88d0cfc86fb060f5 -> 
  custom:container-demuxer-webm: 4f35f7cbe854078d1ac9338744f61a02 -> 
  custom:scripting/monoscript/fileName/CinemachineTriggerActionEditor.cs: 2309a2ec6192ace4cae8bab5a535978e -> 
  custom:scripting/monoscript/fileName/ConfinerOven.cs: ff23c03e90b61beb34474fc6e4ff668c -> 
  custom:scripting/monoscript/fileName/VcamTargetPropertyDrawer.cs: 9208050b1312b118a226fef2d63e8fa1 -> 
  custom:scripting/monoscript/fileName/CinemachineCollisionImpulseSource.cs: 9aae5e368cb7786be199f98f2122f96d -> 
  custom:scripting/monoscript/fileName/CinemachineClearShotEditor.cs: ca8875b47e775cd361c78158d7923690 -> 
  custom:scripting/monoscript/fileName/WaveformWindow.cs: 01bbc4fc017d41a2bab7fb57c988e8da -> 
  custom:scripting/monoscript/fileName/CinemachinePipeline.cs: 6ca7a5979a0a73ea1d450a8fc9b437ef -> 
  custom:scripting/monoscript/fileName/CinemachineEditorAnalytics.cs: de76cc292d7ecedcf47af6616498c9f9 -> 
  custom:scripting/monoscript/fileName/NoiseSettingsPropertyDrawer.cs: 8d3f69ba7eeec63914970bd3136b6ace -> 
  custom:scripting/monoscript/fileName/VcamStageEditor.cs: 84b0eaf932b448975a99972628e556d8 -> 
  custom:scripting/monoscript/fileName/CinemachineBrainEditor.cs: 49621d8b7679c0b5d128fef53d55becd -> 
  custom:scripting/monoscript/fileName/CinemachineFramingTransposerEditor.cs: 1653e1c00b2ca68b1d40f01e5bfb8445 -> 
  custom:scripting/monoscript/fileName/CinemachineShotEditor.cs: 2ba28b209a4ad7f0a791994d2360a9af -> 
  custom:scripting/monoscript/fileName/CinemachineStateDrivenCameraEditor.cs: 77d9f0a97385f936d9b4ffaa686bce39 -> 
  custom:scripting/monoscript/fileName/OrbitalTransposerHeadingPropertyDrawer.cs: 22496b76ce84f35f630c90badc4babd8 -> 
  custom:scripting/monoscript/fileName/CinemachineHardLockToTargetEditor.cs: c65eaafd47115974a2a9379aae467b0e -> 
  custom:scripting/monoscript/fileName/CinemachinePathEditor.cs: ce10985fbf0e018e2dea63fedae131ba -> 
  custom:scripting/monoscript/fileName/CinemachineCollider.cs: 8fa92f525b1c31cd81812685d7f8c288 -> 
  custom:audio-encoder-webm-vorbis: bf7c407c2cedff20999df2af8eb42d56 -> 
  custom:scripting/monoscript/fileName/CameraState.cs: 6ae7088fa20820e052d1e4d86059e90b -> 
  custom:scripting/monoscript/fileName/CinemachineToolbarOverlay.cs: 371b6fc494252d6fda34e207e170cb66 -> 
  custom:scripting/monoscript/fileName/CinemachineCollisionImpulseSourceEditor.cs: 29f9a522ec6b23375849ba08fd597c8d -> 
  custom:scripting/monoscript/fileName/CinemachineIndependentImpulseListener.cs: 91ae8748b9c36955c333e57505ff90fb -> 
  custom:scripting/monoscript/fileName/CinemachineMixingCameraEditor.cs: 1c122a21d710512fec62cdc7bd351681 -> 
  custom:scripting/monoscript/fileName/CinemachinePostProcessing.cs: bf9b100a1b61fd5383288bc96487c194 -> 
  custom:scripting/monoscript/fileName/CinemachineInputProvider.cs: ecb845de690695f08b3b3bb647cc7006 -> 
  custom:scripting/monoscript/fileName/CinemachineColliderEditor.cs: 859d1abbd669ee84cb713f6d4d0e1c5f -> 
  custom:scripting/monoscript/fileName/CinemachineSameAsFollowTarget.cs: bcfa2d394e1e5460b4ef3dc039214a16 -> 
  custom:scripting/monoscript/fileName/CinemachineExtension.cs: 6968db4afcdc301f6acb1ef4fbadb2f4 -> 
  custom:scripting/monoscript/fileName/CinemachineTargetGroup.cs: 10a09aa736b3a25da6dd9fc3c4dd9d36 -> 
  custom:scripting/monoscript/fileName/CinemachineVirtualCameraBaseEditor.cs: 13ee4931cd85df4b22852d0547b5e690 -> 
  custom:scripting/monoscript/fileName/UpdateTracker.cs: 3dac8a24a32a32e4bbfeb38ed26ef250 -> 
  custom:scripting/monoscript/fileName/CinemachineComposerEditor.cs: dda533b9c6cb2b366292f584704bd904 -> 
  custom:scripting/monoscript/fileName/Cinemachine3rdPersonFollow.cs: 4600bac2bdf6b37d80e86f9aa5a413c3 -> 
  custom:scripting/monoscript/fileName/EmbeddedAssetHelpers.cs: 90647cc400823b41df847a6cbfc29026 -> 
  custom:scripting/precompiled-assembly-types:Assembly-CSharp: c58cea025883cc1bba3f0a9b58de101d -> 98724c9a75c5cf593f713ad668a0273b
  custom:scripting/monoscript/fileName/CinemachineBlendListCamera.cs: 66104ac24fef171d9f5d5b93a8cb2f83 -> 
  custom:scripting/monoscript/fileName/CinemachineComponentBase.cs: 5293f153c13e9bd2fc262ec31ff69206 -> 
  custom:scripting/monoscript/fileName/BaseEditor.cs: 90647cc400823b41df847a6cbfc29026 -> 
  custom:container-muxer-webm: aa71ff27fc2769a1b78a27578f13a17b -> 
  custom:scripting/monoscript/fileName/SaveDuringPlay.cs: de39f1962b337699845d3d8a2e8f5bde -> 
========================================================================
Received Prepare
Caller must complete domain reload
Begin MonoManager ReloadAssembly
- Loaded All Assemblies, in  0.973 seconds
Native extension for WindowsStandalone target not found
Native extension for Android target not found
Native extension for WebGL target not found
[Package Manager] Server::EnsureServerProcessIsRunning -- launch failed, reason: Unity was launched with the -noUpm command-line argument
[Package Manager] UpmClient::Send -- Unable to send message (not connected to UPM process).
[Package Manager] Cannot connect to Unity Package Manager local server
Mono: successfully reloaded assembly
- Finished resetting the current domain, in  2.099 seconds
Domain Reload Profiling: 3064ms
	BeginReloadAssembly (345ms)
		ExecutionOrderSort (0ms)
		DisableScriptedObjects (10ms)
		BackupInstance (0ms)
		ReleaseScriptingObjects (0ms)
		CreateAndSetChildDomain (57ms)
	RebuildCommonClasses (83ms)
	RebuildNativeTypeToScriptingClass (32ms)
	initialDomainReloadingComplete (74ms)
	LoadAllAssembliesAndSetupDomain (429ms)
		LoadAssemblies (619ms)
		RebuildTransferFunctionScriptingTraits (0ms)
		AnalyzeDomain (27ms)
			TypeCache.Refresh (7ms)
				TypeCache.ScanAssembly (0ms)
			ScanForSourceGeneratedMonoScriptInfo (0ms)
			ResolveRequiredComponents (17ms)
	FinalizeReload (2100ms)
		ReleaseScriptCaches (0ms)
		RebuildScriptCaches (0ms)
		SetupLoadedEditorAssemblies (1200ms)
			LogAssemblyErrors (0ms)
			InitializePlatformSupportModulesInManaged (47ms)
			SetLoadedEditorAssemblies (11ms)
			RefreshPlugins (0ms)
			BeforeProcessingInitializeOnLoad (131ms)
			ProcessInitializeOnLoadAttributes (904ms)
			ProcessInitializeOnLoadMethodAttributes (73ms)
			AfterProcessingInitializeOnLoad (34ms)
			EditorAssembliesLoaded (0ms)
		ExecutionOrderSort2 (0ms)
		AwakeInstancesAfterBackupRestoration (27ms)
Refreshing native plugins compatible for Editor in 7.07 ms, found 2 plugins.
Preloading 0 native plugins for Editor in 0.00 ms.
Unloading 1580 Unused Serialized files (Serialized files now loaded: 0)
Unloading 11 unused Assets / (123.8 KB). Loaded Objects now: 2221.
Memory consumption went from 89.9 MB to 89.8 MB.
Total: 8.131200 ms (FindLiveObjects: 0.309000 ms CreateObjectMapping: 0.105200 ms MarkObjects: 7.504000 ms  DeleteObjects: 0.209900 ms)

Prepare: number of updated asset objects reloaded= 0
AssetImportParameters requested are different than current active one (requested -> active):
  custom:scripting/monoscript/fileName/CinemachineGroupComposerEditor.cs: 54a07f36704e77a685a5e7e8c8b2c216 -> 
  custom:video-decoder-webm-vp8: 9c59270c3fd7afecdb556c50c9e8de78 -> 
  custom:scripting/monoscript/fileName/CinemachineConfinerEditor.cs: cc6c898a3390647ab91613c8a96de4b4 -> 
  custom:scripting/monoscript/fileName/CinemachineHardLookAt.cs: 792580aec23d39bcecd7ceea4c27a0ce -> 
  custom:scripting/monoscript/fileName/CinemachineInputAxisDriver.cs: 7e424e54660fed310c58dc98ea41042e -> 
  custom:scripting/monoscript/fileName/CinemachineStoryboardEditor.cs: 2e7ec8bfb72013eaaff4873a27da019c -> 
  custom:scripting/monoscript/fileName/CinemachineBasicMultiChannelPerlin.cs: bd5416e75860cd63657371207eb79058 -> 
  custom:scripting/monoscript/fileName/CinemachineBlendDefinitionPropertyDrawer.cs: 7ae344d19d646b738f3c65294becf216 -> 
  custom:scripting/monoscript/fileName/CinemachineTrackedDollyEditor.cs: b4d6784c58752cea58aafd9a76ca4459 -> 
  custom:scripting/monoscript/fileName/CinemachineImpulseManager.cs: c34be3577a810e26fd0110c580799b88 -> 
  custom:scripting/monoscript/fileName/CinemachineSmoothPath.cs: c28db2688f35d70587b5f943431a010a -> 
  custom:SearchIndexIgnoredProperties: e643bd26f0fe6173181afceb89e7c659 -> 
  custom:scripting/monoscript/fileName/CinemachineStateDrivenCamera.cs: aea2468a7384be4ba6d1b043ccec135d -> 
  custom:container-demuxer-ogg: 62fdf1f143b41e24485cea50d1cbac27 -> 
  custom:scripting/monoscript/fileName/CinemachineBlenderSettings.cs: 9adcb80668a56be4cd8e31c1d3dc60ae -> 
  custom:AudioImporter_EditorPlatform: d09bf68614088b80899f8185d706f6e7 -> 
  custom:scripting/monoscript/fileName/SignalSourceAsset.cs: f7ffd463dece56bad278f5a8d3ed7fc6 -> 
  custom:scripting/monoscript/fileName/CinemachineMixingCamera.cs: 739c5ceb76c01023f431794ec46a0177 -> 
  custom:scripting/monoscript/fileName/CinemachineCore.cs: fe6c3be993819098833de1628bfd76b2 -> 
  custom:scripting/monoscript/fileName/CinemachinePath.cs: b443d3c8837a65ddc3c78741cd58ec71 -> 
  custom:scripting/monoscript/fileName/CinemachineImpulseChannelPropertyDrawer.cs: 4b6390a17916751618e2a45cb8d47a80 -> 
  custom:scripting/monoscript/fileName/SerializedPropertyHelper.cs: b04ac165255e34bc2935ca9bf180e209 -> 
  custom:scripting/monoscript/fileName/CinemachineFramingTransposer.cs: 7943c9d436748359882d8f978cf86c91 -> 
  custom:scripting/monoscript/fileName/CinemachineImpulseListenerEditor.cs: d5d28e418f87c111bce1c1b98f1f70ba -> 
  custom:scripting/monoscript/fileName/AxisState.cs: 1a494a66d8b9a58f4a6873f89bf5b094 -> 
  custom:scripting/monoscript/fileName/CinemachineDollyCart.cs: bbe9d07f4a2f7ee5ab002e66cb05f922 -> 
  custom:scripting/monoscript/fileName/CinemachineStoryboard.cs: 59a2099f76be9b47af1e12ed7d40f553 -> 
  custom:scripting/monoscript/fileName/CinemachineClearShot.cs: 1da15f5c7903497ce3ae982ee4ee4779 -> 
  custom:scripting/monoscript/fileName/CinemachinePOVEditor.cs: 71db5a9242a182995b4ca15db516f628 -> 
  custom:scripting/monoscript/fileName/CinemachineMixer.cs: 2e36eb9e732dd7c8a32e8f83daebd6f4 -> 
  custom:scripting/monoscript/fileName/CinemachinePixelPerfect.cs: 2f42bea4517739481ed2553d1616050e -> 
  custom:scripting/monoscript/fileName/CinemachineTrackedDolly.cs: f6a9c21b27ad86d45f62f6b444ccbb49 -> 
  custom:scripting/monoscript/fileName/CinemachineHardLookAtEditor.cs: 15b8f2af6a6d786898ce5dd6b0db26dc -> 
  custom:scripting/monoscript/fileName/CinemachineConfiner.cs: 3813336c17662a5cb6b59ce5f1954254 -> 
  custom:scripting/monoscript/fileName/CinemachineComposer.cs: e399dfd36807c341da7cd182ce299d1e -> 
  custom:scripting/monoscript/fileName/CinemachineTrack.cs: 4b50d47d507c57dc81b82253ec075194 -> 
  custom:scripting/monoscript/fileName/CinemachineSmoothPathEditor.cs: 7555bcba4eb760e012dd21c6730ae562 -> 
  custom:scripting/monoscript/fileName/ScriptableObjectUtility.cs: c529d074f6f57a07e3f410d488963bbc -> 
  custom:scripting/monoscript/fileName/CinemachineBrain.cs: 365b4e0b6319f064062e97b8f8e32c8e -> 
  custom:scripting/monoscript/fileName/CinemachineImpulseDefinitionPropertyDrawer.cs: 1b2fc77b0a80a7e0e9045e0d44fb761c -> 
  custom:scripting/monoscript/fileName/CinemachineColliderPrefs.cs: 47106451d4685409820905badf49b71f -> 
  custom:scripting/monoscript/fileName/CinemachineFollowZoom.cs: eb74e2e98d3dc4647324e113f34710ca -> 
  custom:scripting/monoscript/fileName/CinemachineDebug.cs: 3077ed3b64725184c652d4c07ac732fd -> 
  custom:scripting/monoscript/fileName/CinemachineLensPresets.cs: 014747fb0ab87178c677520d0bf20bf7 -> 
  custom:video-decoder-ogg-theora: a1e56fd34408186e4bbccfd4996cb3dc -> 
  custom:scripting/monoscript/fileName/CinemachineOrbitalTransposer.cs: 71c52878ba6d43827473a480056a99da -> 
  custom:scripting/monoscript/fileName/CinemachineCameraOffset.cs: a6887f67d3eb83cc6393b822d4e65121 -> 
  custom:scripting/monoscript/fileName/ICinemachineCamera.cs: 2faad4f04eaf5d98c2870adbfb06184e -> 
  custom:scripting/monoscript/fileName/CinemachinePathBase.cs: debb99764287c54cae06313e2d6a1fe1 -> 
  custom:scripting/monoscript/fileName/CinemachineImpulseSource.cs: ac073b8453e26c5dd422d5f1a90a7ff2 -> 
  custom:scripting/monoscript/fileName/CinemachineShotPlayable.cs: e346ad1ecb4af45da55274cb9abd9ec0 -> 
  custom:scripting/monoscript/fileName/CinemachineTagFieldPropertyDrawer.cs: e78491a12decd558a49d01cc583bfcfb -> 
  custom:framework-win-MediaFoundation: 216162199b28c13a410421893ffa2e32 -> 
  custom:scripting/monoscript/fileName/CinemachineImpulseEnvelopePropertyDrawer.cs: 07e00c9c84964a5c7e4f3f19e4263ec1 -> 
  custom:scripting/monoscript/fileName/CinemachineVolumeSettings.cs: 22782cc3dbf8dfd1cb54e8486f29fe0d -> 
  custom:scripting/monoscript/fileName/SplineHelpers.cs: 9e5bf4293b3828088291b7871e233a27 -> 
  custom:scripting/monoscript/fileName/CinemachineImpulseSourceEditor.cs: 0ef7804c69c18838aa65e6d5bae5b055 -> 
  custom:scripting/monoscript/fileName/CinemachineExternalCameraEditor.cs: d74df442250b898c9b40669a19100e9d -> 
  custom:scripting/monoscript/fileName/CinemachineSameAsFollowTargetEditor.cs: 6def40fc1e39b3242347b6630fb5127e -> 
  custom:scripting/monoscript/fileName/CinemachineTargetGroupEditor.cs: f70ac85df8c1c9bd0b83a35534bafd1f -> 
  custom:scripting/monoscript/fileName/CinemachineRecomposer.cs: 07354cca81f7d0775b027b5906330569 -> 
  custom:scripting/monoscript/fileName/CinemachineTransposer.cs: aa226dd144b3a977b86ea888b85df5fa -> 
  custom:scripting/monoscript/fileName/CinemachineBlendListCameraEditor.cs: dbc12d2a9f3e2999a067290c411b2aca -> 
  custom:scripting/monoscript/fileName/TargetPositionCache.cs: 49ce97e6930a536b43825141e0c2d3a4 -> 
  custom:scripting/monoscript/fileName/CinemachineShot.cs: 3d4d9d05534db20e82d871d98ea52716 -> 
  custom:scripting/monoscript/fileName/UnityVectorExtensions.cs: 052777772edecdffe26d41a6a989641e -> 
  custom:scripting/monoscript/fileName/CinemachineBasicMultiChannelPerlinEditor.cs: d6749cd6c482efa27bdd41f60394f1b9 -> 
  custom:scripting/monoscript/fileName/CinemachineHardLockToTarget.cs: d349308c5b4f600a345055c394206f52 -> 
  custom:scripting/monoscript/fileName/CinemachineImpulseChannels.cs: a9a39cc5ecea1f083db0fce154eec19c -> 
  custom:scripting/monoscript/fileName/CinemachineConfiner2D.cs: beb10be0db8ff9d3a94bd0a150963b9b -> 
  custom:scripting/monoscript/fileName/LensSettings.cs: 4335e899502c57ee4480b8c9aa915366 -> 
  custom:scripting/monoscript/fileName/CinemachineExternalCamera.cs: d76122377115c288d881064c3f07a3f1 -> 
  custom:scripting/monoscript/fileName/Cinemachine3rdPersonAim.cs: 4bd230d915f070bb3cae23bef6f7ab70 -> 
  custom:scripting/monoscript/fileName/ReflectionHelpers.cs: 60a5d38af3e775d0a421a7ff630d61cc -> 
  custom:scripting/monoscript/fileName/CinemachineVirtualCamera.cs: f16f2dc5bc1261579875c19605c45301 -> 
  custom:scripting/monoscript/fileName/Predictor.cs: d51584936cb5b31b30ee7b444e03385b -> 
  custom:scripting/monoscript/fileName/CinemachineImpulseListener.cs: 6aac146243d38e7a67346170caa40ea1 -> 
  custom:scripting/monoscript/fileName/CinemachineOrbitalTransposerEditor.cs: 5ea2e4bec7ee6c24917bd86647f4bffa -> 
  custom:scripting/monoscript/fileName/CinemachineConfiner2DEditor.cs: 3f4b3d9b17ff5cd560135aa24f822994 -> 
  custom:scripting/monoscript/fileName/RigidbodyVoxelController.cs: d93a52a180fbbe603a59e9aa6da73c83 -> 7ca90fb0e37f14d197d0c5589d1c29f7
  custom:scripting/monoscript/fileName/GroupWeightManipulator.cs: 588749cf3436a8199e762a8e09bc8de7 -> 
  custom:scripting/monoscript/fileName/AxisStatePropertyDrawer.cs: 2d807695a513641e771c78e6c342ff04 -> 
  custom:video-encoder-webm-vp8: eb34c28f22e8b96e1ab97ce403110664 -> 
  custom:scripting/monoscript/fileName/CinemachineScreenComposerGuides.cs: cdc7ea02ccc4c8d1561d98d16760d1ca -> 
  custom:scripting/monoscript/fileName/CinemachinePropertyAttribute.cs: e8158d9725ac3a9129a08e46a4ff7519 -> 
  custom:scripting/monoscript/fileName/CinemachineVirtualCameraEditor.cs: 2e051d0c474634e907fe4123d6e2656e -> 
  custom:scripting/monoscript/fileName/CinemachineMenu.cs: 7b932811d9fa1e44d0d8b2b9ed75adf3 -> 
  custom:scripting/monoscript/fileName/RuntimeUtility.cs: 8c92a9f673836e5d2084dbeb0f10159f -> 
  custom:scripting/monoscript/fileName/CinemachineFreeLook.cs: bebc32b18bc4beddc113bad68624e557 -> 
  custom:scripting/monoscript/fileName/CinemachineSettings.cs: 197f6d5ad32e253546b5afa056a5bba4 -> 
  custom:audio-decoder-ogg-vorbis: bf7c407c2cedff20999df2af8eb42d56 -> 
  custom:scripting/monoscript/fileName/CinemachineGroupComposer.cs: 173a689a80ef321c302f9c045419668f -> 
  custom:scripting/monoscript/fileName/CinemachineVirtualCameraBase.cs: c7e60cccdcb14ee2a33da9fd46c1c54f -> 
  custom:scripting/monoscript/fileName/CinemachineFixedSignal.cs: aedcdca7a861da6e456e0ae105b24c41 -> 
  custom:scripting/monoscript/fileName/CinemachineShotClipEditor.cs: 123a48531bf1d1b4f3c8398556caec62 -> 
  custom:scripting/monoscript/fileName/CinemachineNoiseSettingsEditor.cs: 9056e69d9c759ba2504535054fff31c9 -> 
  custom:scripting/monoscript/fileName/CinemachineTouchInputMapper.cs: b9698729a07a7d31c864247e0582b566 -> 
  custom:scripting/monoscript/fileName/CinemachineTriggerAction.cs: cab9c5d02c28af05797c2c3743539bdb -> 
  custom:scripting/monoscript/fileName/InspectorUtility.cs: e13a8546bf784ce9963c508abb88926b -> 
  custom:CustomObjectIndexerAttribute: 9a22284fe3817be447336de3de66b15e -> 
  custom:scripting/monoscript/fileName/CinemachinePOV.cs: e4df06d1994174afa286b103eb06ee7f -> 
  custom:scripting/monoscript/fileName/CinemachineBlenderSettingsEditor.cs: c57aa7de12bc3e7367ca091f4902c67b -> 
  custom:scripting/monoscript/fileName/CinemachineBlend.cs: f33659d50c4d86144d649aa7e8196529 -> 
  custom:scripting/precompiled-assembly-types:Cinemachine: 54c8b091bb91c32bfeada952c9c53e21 -> 
  custom:scripting/monoscript/fileName/CinemachineImpulseDefinition.cs: 3d434086a2bdaf715abf85e79e9f14b4 -> 
  custom:scripting/precompiled-assembly-types:com.unity.cinemachine.editor: e24bde9f61664824443e2ae04112f2bb -> 
  custom:scripting/monoscript/fileName/CinemachineFreeLookEditor.cs: 9641291977c1891a004ac4c4c259e1c8 -> 
  custom:scripting/monoscript/fileName/CinemachineTransposerEditor.cs: 85841a774ddea4fb7232a7a585f716b4 -> 
  custom:scripting/monoscript/fileName/clipper.cs: 2a50e35a835148907b3c1fa8e187ab2b -> 
  custom:scripting/monoscript/fileName/NoiseSettings.cs: 443d576e0c72ab62870476103c9384ec -> 
  custom:scripting/monoscript/fileName/GaussianFilter.cs: 0a3672ebe80edf7c5daca82445c15683 -> 
  custom:scripting/monoscript/fileName/CinemachineSceneTools.cs: d63880a6073ab3335301b115db235b5b -> 
  custom:scripting/monoscript/fileName/Cinemachine3rdPersonFollowEditor.cs: f79aa162534f81c680877e6274b5d6ec -> 
  custom:scripting/monoscript/fileName/EmbeddedAssetPropertyDrawer.cs: fd7ebc18093de04c88d0cfc86fb060f5 -> 
  custom:container-demuxer-webm: 4f35f7cbe854078d1ac9338744f61a02 -> 
  custom:scripting/monoscript/fileName/CinemachineTriggerActionEditor.cs: 2309a2ec6192ace4cae8bab5a535978e -> 
  custom:scripting/monoscript/fileName/ConfinerOven.cs: ff23c03e90b61beb34474fc6e4ff668c -> 
  custom:scripting/monoscript/fileName/VcamTargetPropertyDrawer.cs: 9208050b1312b118a226fef2d63e8fa1 -> 
  custom:scripting/monoscript/fileName/CinemachineCollisionImpulseSource.cs: 9aae5e368cb7786be199f98f2122f96d -> 
  custom:scripting/monoscript/fileName/CinemachineClearShotEditor.cs: ca8875b47e775cd361c78158d7923690 -> 
  custom:scripting/monoscript/fileName/WaveformWindow.cs: 01bbc4fc017d41a2bab7fb57c988e8da -> 
  custom:scripting/monoscript/fileName/CinemachinePipeline.cs: 6ca7a5979a0a73ea1d450a8fc9b437ef -> 
  custom:scripting/monoscript/fileName/CinemachineEditorAnalytics.cs: de76cc292d7ecedcf47af6616498c9f9 -> 
  custom:scripting/monoscript/fileName/NoiseSettingsPropertyDrawer.cs: 8d3f69ba7eeec63914970bd3136b6ace -> 
  custom:scripting/monoscript/fileName/VcamStageEditor.cs: 84b0eaf932b448975a99972628e556d8 -> 
  custom:scripting/monoscript/fileName/CinemachineBrainEditor.cs: 49621d8b7679c0b5d128fef53d55becd -> 
  custom:scripting/monoscript/fileName/CinemachineFramingTransposerEditor.cs: 1653e1c00b2ca68b1d40f01e5bfb8445 -> 
  custom:scripting/monoscript/fileName/CinemachineShotEditor.cs: 2ba28b209a4ad7f0a791994d2360a9af -> 
  custom:scripting/monoscript/fileName/CinemachineStateDrivenCameraEditor.cs: 77d9f0a97385f936d9b4ffaa686bce39 -> 
  custom:scripting/monoscript/fileName/OrbitalTransposerHeadingPropertyDrawer.cs: 22496b76ce84f35f630c90badc4babd8 -> 
  custom:scripting/monoscript/fileName/CinemachineHardLockToTargetEditor.cs: c65eaafd47115974a2a9379aae467b0e -> 
  custom:scripting/monoscript/fileName/CinemachinePathEditor.cs: ce10985fbf0e018e2dea63fedae131ba -> 
  custom:scripting/monoscript/fileName/CinemachineCollider.cs: 8fa92f525b1c31cd81812685d7f8c288 -> 
  custom:audio-encoder-webm-vorbis: bf7c407c2cedff20999df2af8eb42d56 -> 
  custom:scripting/monoscript/fileName/CameraState.cs: 6ae7088fa20820e052d1e4d86059e90b -> 
  custom:scripting/monoscript/fileName/CinemachineToolbarOverlay.cs: 371b6fc494252d6fda34e207e170cb66 -> 
  custom:scripting/monoscript/fileName/CinemachineCollisionImpulseSourceEditor.cs: 29f9a522ec6b23375849ba08fd597c8d -> 
  custom:scripting/monoscript/fileName/CinemachineIndependentImpulseListener.cs: 91ae8748b9c36955c333e57505ff90fb -> 
  custom:scripting/monoscript/fileName/CinemachineMixingCameraEditor.cs: 1c122a21d710512fec62cdc7bd351681 -> 
  custom:scripting/monoscript/fileName/CinemachinePostProcessing.cs: bf9b100a1b61fd5383288bc96487c194 -> 
  custom:scripting/monoscript/fileName/CinemachineInputProvider.cs: ecb845de690695f08b3b3bb647cc7006 -> 
  custom:scripting/monoscript/fileName/CinemachineColliderEditor.cs: 859d1abbd669ee84cb713f6d4d0e1c5f -> 
  custom:scripting/monoscript/fileName/CinemachineSameAsFollowTarget.cs: bcfa2d394e1e5460b4ef3dc039214a16 -> 
  custom:scripting/monoscript/fileName/CinemachineExtension.cs: 6968db4afcdc301f6acb1ef4fbadb2f4 -> 
  custom:scripting/monoscript/fileName/CinemachineTargetGroup.cs: 10a09aa736b3a25da6dd9fc3c4dd9d36 -> 
  custom:scripting/monoscript/fileName/CinemachineVirtualCameraBaseEditor.cs: 13ee4931cd85df4b22852d0547b5e690 -> 
  custom:scripting/monoscript/fileName/UpdateTracker.cs: 3dac8a24a32a32e4bbfeb38ed26ef250 -> 
  custom:scripting/monoscript/fileName/CinemachineComposerEditor.cs: dda533b9c6cb2b366292f584704bd904 -> 
  custom:scripting/monoscript/fileName/Cinemachine3rdPersonFollow.cs: 4600bac2bdf6b37d80e86f9aa5a413c3 -> 
  custom:scripting/monoscript/fileName/EmbeddedAssetHelpers.cs: 90647cc400823b41df847a6cbfc29026 -> 
  custom:scripting/precompiled-assembly-types:Assembly-CSharp: c58cea025883cc1bba3f0a9b58de101d -> 98724c9a75c5cf593f713ad668a0273b
  custom:scripting/monoscript/fileName/CinemachineBlendListCamera.cs: 66104ac24fef171d9f5d5b93a8cb2f83 -> 
  custom:scripting/monoscript/fileName/CinemachineComponentBase.cs: 5293f153c13e9bd2fc262ec31ff69206 -> 
  custom:scripting/monoscript/fileName/BaseEditor.cs: 90647cc400823b41df847a6cbfc29026 -> 
  custom:container-muxer-webm: aa71ff27fc2769a1b78a27578f13a17b -> 
  custom:scripting/monoscript/fileName/SaveDuringPlay.cs: de39f1962b337699845d3d8a2e8f5bde -> 
========================================================================
Received Import Request.
  Time since last request: 4193.409145 seconds.
  path: Assets/Joystick Pack/Scripts/Joysticks/JumpButton.cs
  artifactKey: Guid(4fc7e74070db2b7478dc64db0f2b7503) Importer(815301076,1909f56bfc062723c751e8b465ee728b)
Start importing Assets/Joystick Pack/Scripts/Joysticks/JumpButton.cs using Guid(4fc7e74070db2b7478dc64db0f2b7503) Importer(815301076,1909f56bfc062723c751e8b465ee728b) [PhysX] Initialized MultithreadedTaskDispatcher with 4 workers.
 -> (artifact id: '276def42f611e91c965cd4c74ac97215') in 0.024810 seconds
Number of updated asset objects reloaded before import = 0
Number of asset objects unloaded after import = 0
========================================================================
Received Import Request.
  Time since last request: 9.036869 seconds.
  path: Assets/Joystick Pack/Scripts/Base
  artifactKey: Guid(04bf1fec540b6ee4987dc6524756477c) Importer(815301076,1909f56bfc062723c751e8b465ee728b)
Start importing Assets/Joystick Pack/Scripts/Base using Guid(04bf1fec540b6ee4987dc6524756477c) Importer(815301076,1909f56bfc062723c751e8b465ee728b) [PhysX] Initialized MultithreadedTaskDispatcher with 4 workers.
 -> (artifact id: 'd95616d3812c1ee8949f69c0b546350e') in 0.001014 seconds
Number of updated asset objects reloaded before import = 0
Number of asset objects unloaded after import = 0
========================================================================
Received Import Request.
  Time since last request: 19.137023 seconds.
  path: Assets/Scripts/GlobalEvents.cs
  artifactKey: Guid(9fe502faff6605e4981e50fdfb2447bf) Importer(815301076,1909f56bfc062723c751e8b465ee728b)
Start importing Assets/Scripts/GlobalEvents.cs using Guid(9fe502faff6605e4981e50fdfb2447bf) Importer(815301076,1909f56bfc062723c751e8b465ee728b) [PhysX] Initialized MultithreadedTaskDispatcher with 4 workers.
 -> (artifact id: 'f7c8008ee5fa6a8aec4e66712c21dfa4') in 0.005185 seconds
Number of updated asset objects reloaded before import = 0
Number of asset objects unloaded after import = 0
========================================================================
Received Import Request.
  Time since last request: 92.351398 seconds.
  path: Assets/Scripts/GlobalEvents.cs
  artifactKey: Guid(9fe502faff6605e4981e50fdfb2447bf) Importer(815301076,1909f56bfc062723c751e8b465ee728b)
Start importing Assets/Scripts/GlobalEvents.cs using Guid(9fe502faff6605e4981e50fdfb2447bf) Importer(815301076,1909f56bfc062723c751e8b465ee728b) [PhysX] Initialized MultithreadedTaskDispatcher with 4 workers.
 -> (artifact id: '4aad30e338388e98d7affda94de19afa') in 0.001849 seconds
Number of updated asset objects reloaded before import = 0
Number of asset objects unloaded after import = 0
========================================================================
Received Prepare
Caller must complete domain reload
Begin MonoManager ReloadAssembly
- Loaded All Assemblies, in  1.190 seconds
Native extension for WindowsStandalone target not found
Native extension for Android target not found
Native extension for WebGL target not found
[Package Manager] Server::EnsureServerProcessIsRunning -- launch failed, reason: Unity was launched with the -noUpm command-line argument
[Package Manager] UpmClient::Send -- Unable to send message (not connected to UPM process).
[Package Manager] Cannot connect to Unity Package Manager local server
Mono: successfully reloaded assembly
- Finished resetting the current domain, in  2.112 seconds
Domain Reload Profiling: 3292ms
	BeginReloadAssembly (355ms)
		ExecutionOrderSort (0ms)
		DisableScriptedObjects (14ms)
		BackupInstance (0ms)
		ReleaseScriptingObjects (0ms)
		CreateAndSetChildDomain (64ms)
	RebuildCommonClasses (124ms)
	RebuildNativeTypeToScriptingClass (57ms)
	initialDomainReloadingComplete (126ms)
	LoadAllAssembliesAndSetupDomain (517ms)
		LoadAssemblies (693ms)
		RebuildTransferFunctionScriptingTraits (0ms)
		AnalyzeDomain (43ms)
			TypeCache.Refresh (12ms)
				TypeCache.ScanAssembly (1ms)
			ScanForSourceGeneratedMonoScriptInfo (16ms)
			ResolveRequiredComponents (11ms)
	FinalizeReload (2113ms)
		ReleaseScriptCaches (0ms)
		RebuildScriptCaches (0ms)
		SetupLoadedEditorAssemblies (1169ms)
			LogAssemblyErrors (0ms)
			InitializePlatformSupportModulesInManaged (53ms)
			SetLoadedEditorAssemblies (8ms)
			RefreshPlugins (0ms)
			BeforeProcessingInitializeOnLoad (142ms)
			ProcessInitializeOnLoadAttributes (900ms)
			ProcessInitializeOnLoadMethodAttributes (44ms)
			AfterProcessingInitializeOnLoad (19ms)
			EditorAssembliesLoaded (0ms)
		ExecutionOrderSort2 (0ms)
		AwakeInstancesAfterBackupRestoration (13ms)
Refreshing native plugins compatible for Editor in 4.75 ms, found 2 plugins.
Preloading 0 native plugins for Editor in 0.00 ms.
Unloading 1592 Unused Serialized files (Serialized files now loaded: 0)
Unloading 11 unused Assets / (123.8 KB). Loaded Objects now: 2249.
Memory consumption went from 90.0 MB to 89.8 MB.
Total: 6.977800 ms (FindLiveObjects: 0.220900 ms CreateObjectMapping: 0.088600 ms MarkObjects: 6.494600 ms  DeleteObjects: 0.171800 ms)

Prepare: number of updated asset objects reloaded= 0
AssetImportParameters requested are different than current active one (requested -> active):
  custom:scripting/monoscript/fileName/CinemachineGroupComposerEditor.cs: 54a07f36704e77a685a5e7e8c8b2c216 -> 
  custom:scripting/monoscript/fileName/JoystickEditor.cs: 406670d2fe263f5d7c582f8389f2b844 -> 
  custom:video-decoder-webm-vp8: 9c59270c3fd7afecdb556c50c9e8de78 -> 
  custom:scripting/monoscript/fileName/CinemachineConfinerEditor.cs: cc6c898a3390647ab91613c8a96de4b4 -> 
  custom:scripting/monoscript/fileName/CinemachineHardLookAt.cs: 792580aec23d39bcecd7ceea4c27a0ce -> 
  custom:scripting/monoscript/fileName/CinemachineInputAxisDriver.cs: 7e424e54660fed310c58dc98ea41042e -> 
  custom:scripting/monoscript/fileName/CinemachineStoryboardEditor.cs: 2e7ec8bfb72013eaaff4873a27da019c -> 
  custom:scripting/monoscript/fileName/CinemachineBasicMultiChannelPerlin.cs: bd5416e75860cd63657371207eb79058 -> 
  custom:scripting/monoscript/fileName/CinemachineBlendDefinitionPropertyDrawer.cs: 7ae344d19d646b738f3c65294becf216 -> 
  custom:scripting/monoscript/fileName/CinemachineTrackedDollyEditor.cs: b4d6784c58752cea58aafd9a76ca4459 -> 
  custom:scripting/monoscript/fileName/CinemachineImpulseManager.cs: c34be3577a810e26fd0110c580799b88 -> 
  custom:scripting/monoscript/fileName/CinemachineSmoothPath.cs: c28db2688f35d70587b5f943431a010a -> 
  custom:SearchIndexIgnoredProperties: e643bd26f0fe6173181afceb89e7c659 -> 
  custom:scripting/monoscript/fileName/CinemachineStateDrivenCamera.cs: aea2468a7384be4ba6d1b043ccec135d -> 
  custom:container-demuxer-ogg: 62fdf1f143b41e24485cea50d1cbac27 -> 
  custom:scripting/monoscript/fileName/CinemachineBlenderSettings.cs: 9adcb80668a56be4cd8e31c1d3dc60ae -> 
  custom:AudioImporter_EditorPlatform: d09bf68614088b80899f8185d706f6e7 -> 
  custom:scripting/monoscript/fileName/SignalSourceAsset.cs: f7ffd463dece56bad278f5a8d3ed7fc6 -> 
  custom:scripting/monoscript/fileName/CinemachineMixingCamera.cs: 739c5ceb76c01023f431794ec46a0177 -> 
  custom:scripting/monoscript/fileName/CinemachineCore.cs: fe6c3be993819098833de1628bfd76b2 -> 
  custom:scripting/monoscript/fileName/CinemachinePath.cs: b443d3c8837a65ddc3c78741cd58ec71 -> 
  custom:scripting/monoscript/fileName/CinemachineImpulseChannelPropertyDrawer.cs: 4b6390a17916751618e2a45cb8d47a80 -> 
  custom:scripting/monoscript/fileName/JoystickPlayerExample.cs: 2ec96b3abad264f4393a91b76b487cb7 -> 
  custom:scripting/monoscript/fileName/SerializedPropertyHelper.cs: b04ac165255e34bc2935ca9bf180e209 -> 
  custom:scripting/monoscript/fileName/CinemachineFramingTransposer.cs: 7943c9d436748359882d8f978cf86c91 -> 
  custom:scripting/monoscript/fileName/CinemachineImpulseListenerEditor.cs: d5d28e418f87c111bce1c1b98f1f70ba -> 
  custom:scripting/monoscript/fileName/AxisState.cs: 1a494a66d8b9a58f4a6873f89bf5b094 -> 
  custom:scripting/monoscript/fileName/CinemachineDollyCart.cs: bbe9d07f4a2f7ee5ab002e66cb05f922 -> 
  custom:scripting/monoscript/fileName/CinemachineStoryboard.cs: 59a2099f76be9b47af1e12ed7d40f553 -> 
  custom:scripting/monoscript/fileName/CinemachineClearShot.cs: 1da15f5c7903497ce3ae982ee4ee4779 -> 
  custom:scripting/monoscript/fileName/CinemachinePOVEditor.cs: 71db5a9242a182995b4ca15db516f628 -> 
  custom:scripting/monoscript/fileName/JoystickSetterExample.cs: 9ef810522df7cdd512f52a98ae7a04f9 -> 
  custom:scripting/monoscript/fileName/CinemachineMixer.cs: 2e36eb9e732dd7c8a32e8f83daebd6f4 -> 
  custom:scripting/monoscript/fileName/CinemachinePixelPerfect.cs: 2f42bea4517739481ed2553d1616050e -> 
  custom:scripting/monoscript/fileName/CinemachineTrackedDolly.cs: f6a9c21b27ad86d45f62f6b444ccbb49 -> 
  custom:scripting/monoscript/fileName/CinemachineHardLookAtEditor.cs: 15b8f2af6a6d786898ce5dd6b0db26dc -> 
  custom:scripting/monoscript/fileName/CinemachineConfiner.cs: 3813336c17662a5cb6b59ce5f1954254 -> 
  custom:scripting/monoscript/fileName/CinemachineComposer.cs: e399dfd36807c341da7cd182ce299d1e -> 
  custom:scripting/monoscript/fileName/CinemachineTrack.cs: 4b50d47d507c57dc81b82253ec075194 -> 
  custom:scripting/monoscript/fileName/VariableJoystickEditor.cs: fee5e077b31909c4bba3d7329fdefd90 -> 
  custom:scripting/monoscript/fileName/CinemachineSmoothPathEditor.cs: 7555bcba4eb760e012dd21c6730ae562 -> 
  custom:scripting/monoscript/fileName/ScriptableObjectUtility.cs: c529d074f6f57a07e3f410d488963bbc -> 
  custom:scripting/monoscript/fileName/CinemachineBrain.cs: 365b4e0b6319f064062e97b8f8e32c8e -> 
  custom:scripting/monoscript/fileName/GlobalEvents.cs: 67f83bda753ae83eb95a23f3cd97c01c -> 
  custom:scripting/monoscript/fileName/CinemachineImpulseDefinitionPropertyDrawer.cs: 1b2fc77b0a80a7e0e9045e0d44fb761c -> 
  custom:scripting/monoscript/fileName/CinemachineColliderPrefs.cs: 47106451d4685409820905badf49b71f -> 
  custom:scripting/monoscript/fileName/CinemachineFollowZoom.cs: eb74e2e98d3dc4647324e113f34710ca -> 
  custom:scripting/monoscript/fileName/CinemachineDebug.cs: 3077ed3b64725184c652d4c07ac732fd -> 
  custom:scripting/monoscript/fileName/CinemachineLensPresets.cs: 014747fb0ab87178c677520d0bf20bf7 -> 
  custom:video-decoder-ogg-theora: a1e56fd34408186e4bbccfd4996cb3dc -> 
  custom:scripting/monoscript/fileName/CinemachineOrbitalTransposer.cs: 71c52878ba6d43827473a480056a99da -> 
  custom:scripting/monoscript/fileName/CinemachineCameraOffset.cs: a6887f67d3eb83cc6393b822d4e65121 -> 
  custom:scripting/monoscript/fileName/ICinemachineCamera.cs: 2faad4f04eaf5d98c2870adbfb06184e -> 
  custom:scripting/monoscript/fileName/CinemachinePathBase.cs: debb99764287c54cae06313e2d6a1fe1 -> 
  custom:scripting/monoscript/fileName/CinemachineImpulseSource.cs: ac073b8453e26c5dd422d5f1a90a7ff2 -> 
  custom:scripting/monoscript/fileName/CinemachineShotPlayable.cs: e346ad1ecb4af45da55274cb9abd9ec0 -> 
  custom:scripting/monoscript/fileName/CinemachineTagFieldPropertyDrawer.cs: e78491a12decd558a49d01cc583bfcfb -> 
  custom:framework-win-MediaFoundation: 216162199b28c13a410421893ffa2e32 -> 
  custom:scripting/monoscript/fileName/CinemachineVolumeSettings.cs: 22782cc3dbf8dfd1cb54e8486f29fe0d -> 
  custom:scripting/monoscript/fileName/CinemachineImpulseEnvelopePropertyDrawer.cs: 07e00c9c84964a5c7e4f3f19e4263ec1 -> 
  custom:scripting/monoscript/fileName/SplineHelpers.cs: 9e5bf4293b3828088291b7871e233a27 -> 
  custom:scripting/monoscript/fileName/CinemachineImpulseSourceEditor.cs: 0ef7804c69c18838aa65e6d5bae5b055 -> 
  custom:scripting/monoscript/fileName/CinemachineExternalCameraEditor.cs: d74df442250b898c9b40669a19100e9d -> 
  custom:scripting/monoscript/fileName/DynamicJoystickEditor.cs: f92673ca2cd03c2f140cf81ccfee7ccb -> 
  custom:scripting/monoscript/fileName/CinemachineSameAsFollowTargetEditor.cs: 6def40fc1e39b3242347b6630fb5127e -> 
  custom:scripting/monoscript/fileName/CinemachineTargetGroupEditor.cs: f70ac85df8c1c9bd0b83a35534bafd1f -> 
  custom:scripting/monoscript/fileName/CinemachineRecomposer.cs: 07354cca81f7d0775b027b5906330569 -> 
  custom:scripting/monoscript/fileName/CinemachineTransposer.cs: aa226dd144b3a977b86ea888b85df5fa -> 
  custom:scripting/monoscript/fileName/CinemachineBlendListCameraEditor.cs: dbc12d2a9f3e2999a067290c411b2aca -> 
  custom:scripting/monoscript/fileName/TargetPositionCache.cs: 49ce97e6930a536b43825141e0c2d3a4 -> 
  custom:scripting/monoscript/fileName/CinemachineShot.cs: 3d4d9d05534db20e82d871d98ea52716 -> 
  custom:scripting/monoscript/fileName/UnityVectorExtensions.cs: 052777772edecdffe26d41a6a989641e -> 
  custom:scripting/monoscript/fileName/CinemachineBasicMultiChannelPerlinEditor.cs: d6749cd6c482efa27bdd41f60394f1b9 -> 
  custom:scripting/monoscript/fileName/CinemachineImpulseChannels.cs: a9a39cc5ecea1f083db0fce154eec19c -> 
  custom:scripting/monoscript/fileName/CinemachineHardLockToTarget.cs: d349308c5b4f600a345055c394206f52 -> 
  custom:scripting/monoscript/fileName/CinemachineConfiner2D.cs: beb10be0db8ff9d3a94bd0a150963b9b -> 
  custom:scripting/monoscript/fileName/LensSettings.cs: 4335e899502c57ee4480b8c9aa915366 -> 
  custom:scripting/monoscript/fileName/CinemachineExternalCamera.cs: d76122377115c288d881064c3f07a3f1 -> 
  custom:scripting/monoscript/fileName/Cinemachine3rdPersonAim.cs: 4bd230d915f070bb3cae23bef6f7ab70 -> 
  custom:scripting/monoscript/fileName/ReflectionHelpers.cs: 60a5d38af3e775d0a421a7ff630d61cc -> 
  custom:scripting/monoscript/fileName/CinemachineVirtualCamera.cs: f16f2dc5bc1261579875c19605c45301 -> 
  custom:scripting/monoscript/fileName/DynamicJoystick.cs: fa6fdbd0de9beec4a70bc764c26bb796 -> 
  custom:scripting/monoscript/fileName/Predictor.cs: d51584936cb5b31b30ee7b444e03385b -> 
  custom:scripting/monoscript/fileName/CinemachineImpulseListener.cs: 6aac146243d38e7a67346170caa40ea1 -> 
  custom:scripting/monoscript/fileName/CinemachineOrbitalTransposerEditor.cs: 5ea2e4bec7ee6c24917bd86647f4bffa -> 
  custom:scripting/monoscript/fileName/CinemachineConfiner2DEditor.cs: 3f4b3d9b17ff5cd560135aa24f822994 -> 
  custom:scripting/monoscript/fileName/RigidbodyVoxelController.cs: d93a52a180fbbe603a59e9aa6da73c83 -> 7ca90fb0e37f14d197d0c5589d1c29f7
  custom:scripting/monoscript/fileName/GroupWeightManipulator.cs: 588749cf3436a8199e762a8e09bc8de7 -> 
  custom:scripting/monoscript/fileName/AxisStatePropertyDrawer.cs: 2d807695a513641e771c78e6c342ff04 -> 
  custom:video-encoder-webm-vp8: eb34c28f22e8b96e1ab97ce403110664 -> 
  custom:scripting/monoscript/fileName/CinemachineScreenComposerGuides.cs: cdc7ea02ccc4c8d1561d98d16760d1ca -> 
  custom:scripting/monoscript/fileName/CinemachinePropertyAttribute.cs: e8158d9725ac3a9129a08e46a4ff7519 -> 
  custom:scripting/monoscript/fileName/CinemachineVirtualCameraEditor.cs: 2e051d0c474634e907fe4123d6e2656e -> 
  custom:scripting/monoscript/fileName/CinemachineMenu.cs: 7b932811d9fa1e44d0d8b2b9ed75adf3 -> 
  custom:scripting/monoscript/fileName/RuntimeUtility.cs: 8c92a9f673836e5d2084dbeb0f10159f -> 
  custom:scripting/monoscript/fileName/CinemachineFreeLook.cs: bebc32b18bc4beddc113bad68624e557 -> 
  custom:scripting/monoscript/fileName/CinemachineSettings.cs: 197f6d5ad32e253546b5afa056a5bba4 -> 
  custom:audio-decoder-ogg-vorbis: bf7c407c2cedff20999df2af8eb42d56 -> 
  custom:scripting/monoscript/fileName/CinemachineGroupComposer.cs: 173a689a80ef321c302f9c045419668f -> 
  custom:scripting/monoscript/fileName/CinemachineVirtualCameraBase.cs: c7e60cccdcb14ee2a33da9fd46c1c54f -> 
  custom:scripting/monoscript/fileName/CinemachineFixedSignal.cs: aedcdca7a861da6e456e0ae105b24c41 -> 
  custom:scripting/monoscript/fileName/CinemachineShotClipEditor.cs: 123a48531bf1d1b4f3c8398556caec62 -> 
  custom:scripting/monoscript/fileName/CinemachineNoiseSettingsEditor.cs: 9056e69d9c759ba2504535054fff31c9 -> 
  custom:scripting/monoscript/fileName/CinemachineTouchInputMapper.cs: b9698729a07a7d31c864247e0582b566 -> 
  custom:scripting/monoscript/fileName/CinemachineTriggerAction.cs: cab9c5d02c28af05797c2c3743539bdb -> 
  custom:scripting/monoscript/fileName/InspectorUtility.cs: e13a8546bf784ce9963c508abb88926b -> 
  custom:CustomObjectIndexerAttribute: 9a22284fe3817be447336de3de66b15e -> 
  custom:scripting/monoscript/fileName/CinemachinePOV.cs: e4df06d1994174afa286b103eb06ee7f -> 
  custom:scripting/monoscript/fileName/CinemachineBlenderSettingsEditor.cs: c57aa7de12bc3e7367ca091f4902c67b -> 
  custom:scripting/monoscript/fileName/CinemachineBlend.cs: f33659d50c4d86144d649aa7e8196529 -> 
  custom:scripting/precompiled-assembly-types:Cinemachine: 54c8b091bb91c32bfeada952c9c53e21 -> 
  custom:scripting/monoscript/fileName/CinemachineImpulseDefinition.cs: 3d434086a2bdaf715abf85e79e9f14b4 -> 
  custom:scripting/precompiled-assembly-types:com.unity.cinemachine.editor: e24bde9f61664824443e2ae04112f2bb -> 
  custom:scripting/monoscript/fileName/CinemachineFreeLookEditor.cs: 9641291977c1891a004ac4c4c259e1c8 -> 
  custom:scripting/monoscript/fileName/CinemachineTransposerEditor.cs: 85841a774ddea4fb7232a7a585f716b4 -> 
  custom:scripting/monoscript/fileName/FloatingJoystickEditor.cs: 20a94efd412f2009d4e6722fe16a3051 -> 
  custom:scripting/monoscript/fileName/clipper.cs: 2a50e35a835148907b3c1fa8e187ab2b -> 
  custom:scripting/monoscript/fileName/NoiseSettings.cs: 443d576e0c72ab62870476103c9384ec -> 
  custom:scripting/monoscript/fileName/VariableJoystick.cs: 6a21e483212ef280c767be5522709419 -> 
  custom:scripting/monoscript/fileName/GaussianFilter.cs: 0a3672ebe80edf7c5daca82445c15683 -> 
  custom:scripting/monoscript/fileName/CinemachineSceneTools.cs: d63880a6073ab3335301b115db235b5b -> 
  custom:scripting/monoscript/fileName/Cinemachine3rdPersonFollowEditor.cs: f79aa162534f81c680877e6274b5d6ec -> 
  custom:scripting/monoscript/fileName/EmbeddedAssetPropertyDrawer.cs: fd7ebc18093de04c88d0cfc86fb060f5 -> 
  custom:scripting/monoscript/fileName/FixedJoystick.cs: ceaced0056a716bd82a85e0f3d488361 -> 
  custom:container-demuxer-webm: 4f35f7cbe854078d1ac9338744f61a02 -> 
  custom:scripting/monoscript/fileName/CinemachineTriggerActionEditor.cs: 2309a2ec6192ace4cae8bab5a535978e -> 
  custom:scripting/monoscript/fileName/ConfinerOven.cs: ff23c03e90b61beb34474fc6e4ff668c -> 
  custom:scripting/monoscript/fileName/VcamTargetPropertyDrawer.cs: 9208050b1312b118a226fef2d63e8fa1 -> 
  custom:scripting/monoscript/fileName/CinemachineCollisionImpulseSource.cs: 9aae5e368cb7786be199f98f2122f96d -> 
  custom:scripting/monoscript/fileName/CinemachineClearShotEditor.cs: ca8875b47e775cd361c78158d7923690 -> 
  custom:scripting/monoscript/fileName/WaveformWindow.cs: 01bbc4fc017d41a2bab7fb57c988e8da -> 
  custom:scripting/monoscript/fileName/CinemachinePipeline.cs: 6ca7a5979a0a73ea1d450a8fc9b437ef -> 
  custom:scripting/monoscript/fileName/CinemachineEditorAnalytics.cs: de76cc292d7ecedcf47af6616498c9f9 -> 
  custom:scripting/monoscript/fileName/Joystick.cs: c13c665079b3ba178e3a8ef05c62070b -> 
  custom:scripting/monoscript/fileName/NoiseSettingsPropertyDrawer.cs: 8d3f69ba7eeec63914970bd3136b6ace -> 
  custom:scripting/monoscript/fileName/VcamStageEditor.cs: 84b0eaf932b448975a99972628e556d8 -> 
  custom:scripting/monoscript/fileName/CinemachineBrainEditor.cs: 49621d8b7679c0b5d128fef53d55becd -> 
  custom:scripting/monoscript/fileName/CinemachineFramingTransposerEditor.cs: 1653e1c00b2ca68b1d40f01e5bfb8445 -> 
  custom:scripting/monoscript/fileName/CinemachineShotEditor.cs: 2ba28b209a4ad7f0a791994d2360a9af -> 
  custom:scripting/monoscript/fileName/CinemachineStateDrivenCameraEditor.cs: 77d9f0a97385f936d9b4ffaa686bce39 -> 
  custom:scripting/monoscript/fileName/OrbitalTransposerHeadingPropertyDrawer.cs: 22496b76ce84f35f630c90badc4babd8 -> 
  custom:scripting/monoscript/fileName/CinemachineHardLockToTargetEditor.cs: c65eaafd47115974a2a9379aae467b0e -> 
  custom:scripting/monoscript/fileName/CinemachinePathEditor.cs: ce10985fbf0e018e2dea63fedae131ba -> 
  custom:scripting/monoscript/fileName/CinemachineCollider.cs: 8fa92f525b1c31cd81812685d7f8c288 -> 
  custom:audio-encoder-webm-vorbis: bf7c407c2cedff20999df2af8eb42d56 -> 
  custom:scripting/monoscript/fileName/CameraState.cs: 6ae7088fa20820e052d1e4d86059e90b -> 
  custom:scripting/monoscript/fileName/CinemachineToolbarOverlay.cs: 371b6fc494252d6fda34e207e170cb66 -> 
  custom:scripting/precompiled-assembly-types:Assembly-CSharp-Editor: f7c7739fc303cafe5879da7512dd0656 -> 
  custom:scripting/monoscript/fileName/CinemachineCollisionImpulseSourceEditor.cs: 29f9a522ec6b23375849ba08fd597c8d -> 
  custom:scripting/monoscript/fileName/JumpButton.cs: 82e6d242617ad477f32ce19b2a5161b4 -> 
  custom:scripting/monoscript/fileName/CinemachineIndependentImpulseListener.cs: 91ae8748b9c36955c333e57505ff90fb -> 
  custom:scripting/monoscript/fileName/CinemachineMixingCameraEditor.cs: 1c122a21d710512fec62cdc7bd351681 -> 
  custom:scripting/monoscript/fileName/CinemachinePostProcessing.cs: bf9b100a1b61fd5383288bc96487c194 -> 
  custom:scripting/monoscript/fileName/CinemachineInputProvider.cs: ecb845de690695f08b3b3bb647cc7006 -> 
  custom:scripting/monoscript/fileName/CinemachineColliderEditor.cs: 859d1abbd669ee84cb713f6d4d0e1c5f -> 
  custom:scripting/monoscript/fileName/CinemachineSameAsFollowTarget.cs: bcfa2d394e1e5460b4ef3dc039214a16 -> 
  custom:scripting/monoscript/fileName/CinemachineExtension.cs: 6968db4afcdc301f6acb1ef4fbadb2f4 -> 
  custom:scripting/monoscript/fileName/CinemachineTargetGroup.cs: 10a09aa736b3a25da6dd9fc3c4dd9d36 -> 
  custom:scripting/monoscript/fileName/CinemachineVirtualCameraBaseEditor.cs: 13ee4931cd85df4b22852d0547b5e690 -> 
  custom:scripting/monoscript/fileName/UpdateTracker.cs: 3dac8a24a32a32e4bbfeb38ed26ef250 -> 
  custom:scripting/monoscript/fileName/CinemachineComposerEditor.cs: dda533b9c6cb2b366292f584704bd904 -> 
  custom:scripting/monoscript/fileName/FloatingJoystick.cs: 516035e2342d093d90fb2bd11ff41e68 -> 
  custom:scripting/monoscript/fileName/Cinemachine3rdPersonFollow.cs: 4600bac2bdf6b37d80e86f9aa5a413c3 -> 
  custom:scripting/monoscript/fileName/EmbeddedAssetHelpers.cs: 90647cc400823b41df847a6cbfc29026 -> 
  custom:scripting/precompiled-assembly-types:Assembly-CSharp: 6e6532c41624004d6b7022451ca935f9 -> 98724c9a75c5cf593f713ad668a0273b
  custom:scripting/monoscript/fileName/CinemachineBlendListCamera.cs: 66104ac24fef171d9f5d5b93a8cb2f83 -> 
  custom:scripting/monoscript/fileName/CinemachineComponentBase.cs: 5293f153c13e9bd2fc262ec31ff69206 -> 
  custom:scripting/monoscript/fileName/BaseEditor.cs: 90647cc400823b41df847a6cbfc29026 -> 
  custom:container-muxer-webm: aa71ff27fc2769a1b78a27578f13a17b -> 
  custom:scripting/monoscript/fileName/SaveDuringPlay.cs: de39f1962b337699845d3d8a2e8f5bde -> 
========================================================================
Received Import Request.
  Time since last request: 38.223827 seconds.
  path: Assets/Scripts/GlobalEvents.cs
  artifactKey: Guid(9fe502faff6605e4981e50fdfb2447bf) Importer(815301076,1909f56bfc062723c751e8b465ee728b)
Start importing Assets/Scripts/GlobalEvents.cs using Guid(9fe502faff6605e4981e50fdfb2447bf) Importer(815301076,1909f56bfc062723c751e8b465ee728b) [PhysX] Initialized MultithreadedTaskDispatcher with 4 workers.
 -> (artifact id: 'f11253117d2ff7c5ac1ffee1082de9c3') in 0.003856 seconds
Number of updated asset objects reloaded before import = 0
Number of asset objects unloaded after import = 0
========================================================================
Received Import Request.
  Time since last request: 38.454526 seconds.
  path: Assets/Joystick Pack/Prefabs
  artifactKey: Guid(d41e4075f56d1e1438b3af3673ec6081) Importer(815301076,1909f56bfc062723c751e8b465ee728b)
Start importing Assets/Joystick Pack/Prefabs using Guid(d41e4075f56d1e1438b3af3673ec6081) Importer(815301076,1909f56bfc062723c751e8b465ee728b) [PhysX] Initialized MultithreadedTaskDispatcher with 4 workers.
 -> (artifact id: '56eb10960ff39443ed9ecae922f8fbb5') in 0.002254 seconds
Number of updated asset objects reloaded before import = 0
Number of asset objects unloaded after import = 0
========================================================================
Received Import Request.
  Time since last request: 0.099346 seconds.
  path: Assets/Joystick Pack/Prefabs/Dynamic Joystick.prefab
  artifactKey: Guid(56fae09712773584fb63896d473a98ee) Importer(815301076,1909f56bfc062723c751e8b465ee728b)
Start importing Assets/Joystick Pack/Prefabs/Dynamic Joystick.prefab using Guid(56fae09712773584fb63896d473a98ee) Importer(815301076,1909f56bfc062723c751e8b465ee728b) [PhysX] Initialized MultithreadedTaskDispatcher with 4 workers.
 -> (artifact id: '5c1fc6c23cffc29eaf3f87980f9f8e59') in 0.092104 seconds
Number of updated asset objects reloaded before import = 0
Number of asset objects unloaded after import = 17
========================================================================
Received Import Request.
  Time since last request: 0.000034 seconds.
  path: Assets/Joystick Pack/Prefabs/Variable Joystick.prefab
  artifactKey: Guid(ec536a7718376554185e4a856d5ae230) Importer(815301076,1909f56bfc062723c751e8b465ee728b)
Start importing Assets/Joystick Pack/Prefabs/Variable Joystick.prefab using Guid(ec536a7718376554185e4a856d5ae230) Importer(815301076,1909f56bfc062723c751e8b465ee728b) [PhysX] Initialized MultithreadedTaskDispatcher with 4 workers.
 -> (artifact id: '344a91491abea175fbda54c28362f6ee') in 0.007823 seconds
Number of updated asset objects reloaded before import = 0
Number of asset objects unloaded after import = 17
========================================================================
Received Import Request.
  Time since last request: 0.000044 seconds.
  path: Assets/Joystick Pack/Prefabs/Fixed Joystick.prefab
  artifactKey: Guid(aaa2c939c0359ac4dbce3f49e8b90252) Importer(815301076,1909f56bfc062723c751e8b465ee728b)
Start importing Assets/Joystick Pack/Prefabs/Fixed Joystick.prefab using Guid(aaa2c939c0359ac4dbce3f49e8b90252) Importer(815301076,1909f56bfc062723c751e8b465ee728b) [PhysX] Initialized MultithreadedTaskDispatcher with 4 workers.
 -> (artifact id: 'b1d42c79e89da5e19d5015d55c6a5c1a') in 0.007632 seconds
Number of updated asset objects reloaded before import = 0
Number of asset objects unloaded after import = 13
========================================================================
Received Import Request.
  Time since last request: 0.000037 seconds.
  path: Assets/Joystick Pack/Prefabs/Floating Joystick.prefab
  artifactKey: Guid(0d230cc8be529a542a08cb878ab14b18) Importer(815301076,1909f56bfc062723c751e8b465ee728b)
Start importing Assets/Joystick Pack/Prefabs/Floating Joystick.prefab using Guid(0d230cc8be529a542a08cb878ab14b18) Importer(815301076,1909f56bfc062723c751e8b465ee728b) [PhysX] Initialized MultithreadedTaskDispatcher with 4 workers.
 -> (artifact id: 'ef18a4d276893dda5a2cd2eb005e240e') in 0.008546 seconds
Number of updated asset objects reloaded before import = 0
Number of asset objects unloaded after import = 17
========================================================================
Received Prepare
Caller must complete domain reload
Begin MonoManager ReloadAssembly
- Loaded All Assemblies, in  1.083 seconds
Native extension for WindowsStandalone target not found
Native extension for Android target not found
Native extension for WebGL target not found
[Package Manager] Server::EnsureServerProcessIsRunning -- launch failed, reason: Unity was launched with the -noUpm command-line argument
[Package Manager] UpmClient::Send -- Unable to send message (not connected to UPM process).
[Package Manager] Cannot connect to Unity Package Manager local server
Mono: successfully reloaded assembly
- Finished resetting the current domain, in  2.074 seconds
Domain Reload Profiling: 3148ms
	BeginReloadAssembly (413ms)
		ExecutionOrderSort (0ms)
		DisableScriptedObjects (18ms)
		BackupInstance (0ms)
		ReleaseScriptingObjects (0ms)
		CreateAndSetChildDomain (87ms)
	RebuildCommonClasses (99ms)
	RebuildNativeTypeToScriptingClass (33ms)
	initialDomainReloadingComplete (77ms)
	LoadAllAssembliesAndSetupDomain (451ms)
		LoadAssemblies (643ms)
		RebuildTransferFunctionScriptingTraits (0ms)
		AnalyzeDomain (45ms)
			TypeCache.Refresh (13ms)
				TypeCache.ScanAssembly (1ms)
			ScanForSourceGeneratedMonoScriptInfo (20ms)
			ResolveRequiredComponents (10ms)
	FinalizeReload (2075ms)
		ReleaseScriptCaches (0ms)
		RebuildScriptCaches (0ms)
		SetupLoadedEditorAssemblies (1083ms)
			LogAssemblyErrors (0ms)
			InitializePlatformSupportModulesInManaged (47ms)
			SetLoadedEditorAssemblies (6ms)
			RefreshPlugins (0ms)
			BeforeProcessingInitializeOnLoad (115ms)
			ProcessInitializeOnLoadAttributes (846ms)
			ProcessInitializeOnLoadMethodAttributes (48ms)
			AfterProcessingInitializeOnLoad (21ms)
			EditorAssembliesLoaded (1ms)
		ExecutionOrderSort2 (0ms)
		AwakeInstancesAfterBackupRestoration (13ms)
Refreshing native plugins compatible for Editor in 4.64 ms, found 2 plugins.
Preloading 0 native plugins for Editor in 0.00 ms.
Unloading 1592 Unused Serialized files (Serialized files now loaded: 0)
Unloading 11 unused Assets / (123.8 KB). Loaded Objects now: 2264.
Memory consumption went from 90.0 MB to 89.9 MB.
Total: 5.030900 ms (FindLiveObjects: 0.226700 ms CreateObjectMapping: 0.103000 ms MarkObjects: 4.529900 ms  DeleteObjects: 0.169500 ms)

Prepare: number of updated asset objects reloaded= 0
AssetImportParameters requested are different than current active one (requested -> active):
  custom:scripting/monoscript/fileName/CinemachineGroupComposerEditor.cs: 54a07f36704e77a685a5e7e8c8b2c216 -> 
  custom:scripting/monoscript/fileName/JoystickEditor.cs: 406670d2fe263f5d7c582f8389f2b844 -> 
  custom:video-decoder-webm-vp8: 9c59270c3fd7afecdb556c50c9e8de78 -> 
  custom:scripting/monoscript/fileName/CinemachineConfinerEditor.cs: cc6c898a3390647ab91613c8a96de4b4 -> 
  custom:scripting/monoscript/fileName/CinemachineHardLookAt.cs: 792580aec23d39bcecd7ceea4c27a0ce -> 
  custom:scripting/monoscript/fileName/CinemachineInputAxisDriver.cs: 7e424e54660fed310c58dc98ea41042e -> 
  custom:scripting/monoscript/fileName/CinemachineStoryboardEditor.cs: 2e7ec8bfb72013eaaff4873a27da019c -> 
  custom:scripting/monoscript/fileName/CinemachineBasicMultiChannelPerlin.cs: bd5416e75860cd63657371207eb79058 -> 
  custom:scripting/monoscript/fileName/CinemachineBlendDefinitionPropertyDrawer.cs: 7ae344d19d646b738f3c65294becf216 -> 
  custom:scripting/monoscript/fileName/CinemachineTrackedDollyEditor.cs: b4d6784c58752cea58aafd9a76ca4459 -> 
  custom:scripting/monoscript/fileName/CinemachineImpulseManager.cs: c34be3577a810e26fd0110c580799b88 -> 
  custom:scripting/monoscript/fileName/CinemachineSmoothPath.cs: c28db2688f35d70587b5f943431a010a -> 
  custom:SearchIndexIgnoredProperties: e643bd26f0fe6173181afceb89e7c659 -> 
  custom:scripting/monoscript/fileName/CinemachineStateDrivenCamera.cs: aea2468a7384be4ba6d1b043ccec135d -> 
  custom:container-demuxer-ogg: 62fdf1f143b41e24485cea50d1cbac27 -> 
  custom:scripting/monoscript/fileName/CinemachineBlenderSettings.cs: 9adcb80668a56be4cd8e31c1d3dc60ae -> 
  custom:AudioImporter_EditorPlatform: d09bf68614088b80899f8185d706f6e7 -> 
  custom:scripting/monoscript/fileName/SignalSourceAsset.cs: f7ffd463dece56bad278f5a8d3ed7fc6 -> 
  custom:scripting/monoscript/fileName/CinemachineMixingCamera.cs: 739c5ceb76c01023f431794ec46a0177 -> 
  custom:scripting/monoscript/fileName/CinemachineCore.cs: fe6c3be993819098833de1628bfd76b2 -> 
  custom:scripting/monoscript/fileName/CinemachinePath.cs: b443d3c8837a65ddc3c78741cd58ec71 -> 
  custom:scripting/monoscript/fileName/CinemachineImpulseChannelPropertyDrawer.cs: 4b6390a17916751618e2a45cb8d47a80 -> 
  custom:scripting/monoscript/fileName/JoystickPlayerExample.cs: 2ec96b3abad264f4393a91b76b487cb7 -> 
  custom:scripting/monoscript/fileName/SerializedPropertyHelper.cs: b04ac165255e34bc2935ca9bf180e209 -> 
  custom:scripting/monoscript/fileName/CinemachineFramingTransposer.cs: 7943c9d436748359882d8f978cf86c91 -> 
  custom:scripting/monoscript/fileName/CinemachineImpulseListenerEditor.cs: d5d28e418f87c111bce1c1b98f1f70ba -> 
  custom:scripting/monoscript/fileName/AxisState.cs: 1a494a66d8b9a58f4a6873f89bf5b094 -> 
  custom:scripting/monoscript/fileName/CinemachineDollyCart.cs: bbe9d07f4a2f7ee5ab002e66cb05f922 -> 
  custom:scripting/monoscript/fileName/CinemachineStoryboard.cs: 59a2099f76be9b47af1e12ed7d40f553 -> 
  custom:scripting/monoscript/fileName/CinemachineClearShot.cs: 1da15f5c7903497ce3ae982ee4ee4779 -> 
  custom:scripting/monoscript/fileName/CinemachinePOVEditor.cs: 71db5a9242a182995b4ca15db516f628 -> 
  custom:scripting/monoscript/fileName/JoystickSetterExample.cs: 9ef810522df7cdd512f52a98ae7a04f9 -> 
  custom:scripting/monoscript/fileName/CinemachineMixer.cs: 2e36eb9e732dd7c8a32e8f83daebd6f4 -> 
  custom:scripting/monoscript/fileName/CinemachinePixelPerfect.cs: 2f42bea4517739481ed2553d1616050e -> 
  custom:scripting/monoscript/fileName/CinemachineTrackedDolly.cs: f6a9c21b27ad86d45f62f6b444ccbb49 -> 
  custom:scripting/monoscript/fileName/CinemachineHardLookAtEditor.cs: 15b8f2af6a6d786898ce5dd6b0db26dc -> 
  custom:scripting/monoscript/fileName/CinemachineConfiner.cs: 3813336c17662a5cb6b59ce5f1954254 -> 
  custom:scripting/monoscript/fileName/CinemachineComposer.cs: e399dfd36807c341da7cd182ce299d1e -> 
  custom:scripting/monoscript/fileName/CinemachineTrack.cs: 4b50d47d507c57dc81b82253ec075194 -> 
  custom:scripting/monoscript/fileName/VariableJoystickEditor.cs: fee5e077b31909c4bba3d7329fdefd90 -> 
  custom:scripting/monoscript/fileName/CinemachineSmoothPathEditor.cs: 7555bcba4eb760e012dd21c6730ae562 -> 
  custom:scripting/monoscript/fileName/ScriptableObjectUtility.cs: c529d074f6f57a07e3f410d488963bbc -> 
  custom:scripting/monoscript/fileName/CinemachineBrain.cs: 365b4e0b6319f064062e97b8f8e32c8e -> 
  custom:scripting/monoscript/fileName/GlobalEvents.cs: 67f83bda753ae83eb95a23f3cd97c01c -> 
  custom:scripting/monoscript/fileName/CinemachineImpulseDefinitionPropertyDrawer.cs: 1b2fc77b0a80a7e0e9045e0d44fb761c -> 
  custom:scripting/monoscript/fileName/CinemachineColliderPrefs.cs: 47106451d4685409820905badf49b71f -> 
  custom:scripting/monoscript/fileName/CinemachineFollowZoom.cs: eb74e2e98d3dc4647324e113f34710ca -> 
  custom:scripting/monoscript/fileName/CinemachineDebug.cs: 3077ed3b64725184c652d4c07ac732fd -> 
  custom:scripting/monoscript/fileName/CinemachineLensPresets.cs: 014747fb0ab87178c677520d0bf20bf7 -> 
  custom:video-decoder-ogg-theora: a1e56fd34408186e4bbccfd4996cb3dc -> 
  custom:scripting/monoscript/fileName/CinemachineOrbitalTransposer.cs: 71c52878ba6d43827473a480056a99da -> 
  custom:scripting/monoscript/fileName/CinemachineCameraOffset.cs: a6887f67d3eb83cc6393b822d4e65121 -> 
  custom:scripting/monoscript/fileName/ICinemachineCamera.cs: 2faad4f04eaf5d98c2870adbfb06184e -> 
  custom:scripting/monoscript/fileName/CinemachinePathBase.cs: debb99764287c54cae06313e2d6a1fe1 -> 
  custom:scripting/monoscript/fileName/CinemachineImpulseSource.cs: ac073b8453e26c5dd422d5f1a90a7ff2 -> 
  custom:scripting/monoscript/fileName/CinemachineShotPlayable.cs: e346ad1ecb4af45da55274cb9abd9ec0 -> 
  custom:scripting/monoscript/fileName/CinemachineTagFieldPropertyDrawer.cs: e78491a12decd558a49d01cc583bfcfb -> 
  custom:framework-win-MediaFoundation: 216162199b28c13a410421893ffa2e32 -> 
  custom:scripting/monoscript/fileName/CinemachineVolumeSettings.cs: 22782cc3dbf8dfd1cb54e8486f29fe0d -> 
  custom:scripting/monoscript/fileName/CinemachineImpulseEnvelopePropertyDrawer.cs: 07e00c9c84964a5c7e4f3f19e4263ec1 -> 
  custom:scripting/monoscript/fileName/SplineHelpers.cs: 9e5bf4293b3828088291b7871e233a27 -> 
  custom:scripting/monoscript/fileName/CinemachineImpulseSourceEditor.cs: 0ef7804c69c18838aa65e6d5bae5b055 -> 
  custom:scripting/monoscript/fileName/CinemachineExternalCameraEditor.cs: d74df442250b898c9b40669a19100e9d -> 
  custom:scripting/monoscript/fileName/DynamicJoystickEditor.cs: f92673ca2cd03c2f140cf81ccfee7ccb -> 
  custom:scripting/monoscript/fileName/CinemachineSameAsFollowTargetEditor.cs: 6def40fc1e39b3242347b6630fb5127e -> 
  custom:scripting/monoscript/fileName/CinemachineTargetGroupEditor.cs: f70ac85df8c1c9bd0b83a35534bafd1f -> 
  custom:scripting/monoscript/fileName/CinemachineRecomposer.cs: 07354cca81f7d0775b027b5906330569 -> 
  custom:scripting/monoscript/fileName/CinemachineTransposer.cs: aa226dd144b3a977b86ea888b85df5fa -> 
  custom:scripting/monoscript/fileName/CinemachineBlendListCameraEditor.cs: dbc12d2a9f3e2999a067290c411b2aca -> 
  custom:scripting/monoscript/fileName/TargetPositionCache.cs: 49ce97e6930a536b43825141e0c2d3a4 -> 
  custom:scripting/monoscript/fileName/CinemachineShot.cs: 3d4d9d05534db20e82d871d98ea52716 -> 
  custom:scripting/monoscript/fileName/UnityVectorExtensions.cs: 052777772edecdffe26d41a6a989641e -> 
  custom:scripting/monoscript/fileName/CinemachineBasicMultiChannelPerlinEditor.cs: d6749cd6c482efa27bdd41f60394f1b9 -> 
  custom:scripting/monoscript/fileName/CinemachineImpulseChannels.cs: a9a39cc5ecea1f083db0fce154eec19c -> 
  custom:scripting/monoscript/fileName/CinemachineHardLockToTarget.cs: d349308c5b4f600a345055c394206f52 -> 
  custom:scripting/monoscript/fileName/CinemachineConfiner2D.cs: beb10be0db8ff9d3a94bd0a150963b9b -> 
  custom:scripting/monoscript/fileName/LensSettings.cs: 4335e899502c57ee4480b8c9aa915366 -> 
  custom:scripting/monoscript/fileName/CinemachineExternalCamera.cs: d76122377115c288d881064c3f07a3f1 -> 
  custom:scripting/monoscript/fileName/Cinemachine3rdPersonAim.cs: 4bd230d915f070bb3cae23bef6f7ab70 -> 
  custom:scripting/monoscript/fileName/ReflectionHelpers.cs: 60a5d38af3e775d0a421a7ff630d61cc -> 
  custom:scripting/monoscript/fileName/CinemachineVirtualCamera.cs: f16f2dc5bc1261579875c19605c45301 -> 
  custom:scripting/monoscript/fileName/DynamicJoystick.cs: fa6fdbd0de9beec4a70bc764c26bb796 -> 
  custom:scripting/monoscript/fileName/Predictor.cs: d51584936cb5b31b30ee7b444e03385b -> 
  custom:scripting/monoscript/fileName/CinemachineImpulseListener.cs: 6aac146243d38e7a67346170caa40ea1 -> 
  custom:scripting/monoscript/fileName/CinemachineOrbitalTransposerEditor.cs: 5ea2e4bec7ee6c24917bd86647f4bffa -> 
  custom:scripting/monoscript/fileName/CinemachineConfiner2DEditor.cs: 3f4b3d9b17ff5cd560135aa24f822994 -> 
  custom:scripting/monoscript/fileName/RigidbodyVoxelController.cs: d93a52a180fbbe603a59e9aa6da73c83 -> 7ca90fb0e37f14d197d0c5589d1c29f7
  custom:scripting/monoscript/fileName/GroupWeightManipulator.cs: 588749cf3436a8199e762a8e09bc8de7 -> 
  custom:scripting/monoscript/fileName/AxisStatePropertyDrawer.cs: 2d807695a513641e771c78e6c342ff04 -> 
  custom:video-encoder-webm-vp8: eb34c28f22e8b96e1ab97ce403110664 -> 
  custom:scripting/monoscript/fileName/CinemachineScreenComposerGuides.cs: cdc7ea02ccc4c8d1561d98d16760d1ca -> 
  custom:scripting/monoscript/fileName/CinemachinePropertyAttribute.cs: e8158d9725ac3a9129a08e46a4ff7519 -> 
  custom:scripting/monoscript/fileName/CinemachineVirtualCameraEditor.cs: 2e051d0c474634e907fe4123d6e2656e -> 
  custom:scripting/monoscript/fileName/CinemachineMenu.cs: 7b932811d9fa1e44d0d8b2b9ed75adf3 -> 
  custom:scripting/monoscript/fileName/RuntimeUtility.cs: 8c92a9f673836e5d2084dbeb0f10159f -> 
  custom:scripting/monoscript/fileName/CinemachineFreeLook.cs: bebc32b18bc4beddc113bad68624e557 -> 
  custom:scripting/monoscript/fileName/CinemachineSettings.cs: 197f6d5ad32e253546b5afa056a5bba4 -> 
  custom:audio-decoder-ogg-vorbis: bf7c407c2cedff20999df2af8eb42d56 -> 
  custom:scripting/monoscript/fileName/CinemachineGroupComposer.cs: 173a689a80ef321c302f9c045419668f -> 
  custom:scripting/monoscript/fileName/CinemachineVirtualCameraBase.cs: c7e60cccdcb14ee2a33da9fd46c1c54f -> 
  custom:scripting/monoscript/fileName/CinemachineFixedSignal.cs: aedcdca7a861da6e456e0ae105b24c41 -> 
  custom:scripting/monoscript/fileName/CinemachineShotClipEditor.cs: 123a48531bf1d1b4f3c8398556caec62 -> 
  custom:scripting/monoscript/fileName/CinemachineNoiseSettingsEditor.cs: 9056e69d9c759ba2504535054fff31c9 -> 
  custom:scripting/monoscript/fileName/CinemachineTouchInputMapper.cs: b9698729a07a7d31c864247e0582b566 -> 
  custom:scripting/monoscript/fileName/CinemachineTriggerAction.cs: cab9c5d02c28af05797c2c3743539bdb -> 
  custom:scripting/monoscript/fileName/InspectorUtility.cs: e13a8546bf784ce9963c508abb88926b -> 
  custom:CustomObjectIndexerAttribute: 9a22284fe3817be447336de3de66b15e -> 
  custom:scripting/monoscript/fileName/CinemachinePOV.cs: e4df06d1994174afa286b103eb06ee7f -> 
  custom:scripting/monoscript/fileName/CinemachineBlenderSettingsEditor.cs: c57aa7de12bc3e7367ca091f4902c67b -> 
  custom:scripting/monoscript/fileName/CinemachineBlend.cs: f33659d50c4d86144d649aa7e8196529 -> 
  custom:scripting/precompiled-assembly-types:Cinemachine: 54c8b091bb91c32bfeada952c9c53e21 -> 
  custom:scripting/monoscript/fileName/CinemachineImpulseDefinition.cs: 3d434086a2bdaf715abf85e79e9f14b4 -> 
  custom:scripting/precompiled-assembly-types:com.unity.cinemachine.editor: e24bde9f61664824443e2ae04112f2bb -> 
  custom:scripting/monoscript/fileName/CinemachineFreeLookEditor.cs: 9641291977c1891a004ac4c4c259e1c8 -> 
  custom:scripting/monoscript/fileName/CinemachineTransposerEditor.cs: 85841a774ddea4fb7232a7a585f716b4 -> 
  custom:scripting/monoscript/fileName/FloatingJoystickEditor.cs: 20a94efd412f2009d4e6722fe16a3051 -> 
  custom:scripting/monoscript/fileName/clipper.cs: 2a50e35a835148907b3c1fa8e187ab2b -> 
  custom:scripting/monoscript/fileName/NoiseSettings.cs: 443d576e0c72ab62870476103c9384ec -> 
  custom:scripting/monoscript/fileName/VariableJoystick.cs: 6a21e483212ef280c767be5522709419 -> 
  custom:scripting/monoscript/fileName/GaussianFilter.cs: 0a3672ebe80edf7c5daca82445c15683 -> 
  custom:scripting/monoscript/fileName/CinemachineSceneTools.cs: d63880a6073ab3335301b115db235b5b -> 
  custom:scripting/monoscript/fileName/Cinemachine3rdPersonFollowEditor.cs: f79aa162534f81c680877e6274b5d6ec -> 
  custom:scripting/monoscript/fileName/EmbeddedAssetPropertyDrawer.cs: fd7ebc18093de04c88d0cfc86fb060f5 -> 
  custom:scripting/monoscript/fileName/FixedJoystick.cs: ceaced0056a716bd82a85e0f3d488361 -> 
  custom:container-demuxer-webm: 4f35f7cbe854078d1ac9338744f61a02 -> 
  custom:scripting/monoscript/fileName/CinemachineTriggerActionEditor.cs: 2309a2ec6192ace4cae8bab5a535978e -> 
  custom:scripting/monoscript/fileName/ConfinerOven.cs: ff23c03e90b61beb34474fc6e4ff668c -> 
  custom:scripting/monoscript/fileName/VcamTargetPropertyDrawer.cs: 9208050b1312b118a226fef2d63e8fa1 -> 
  custom:scripting/monoscript/fileName/CinemachineCollisionImpulseSource.cs: 9aae5e368cb7786be199f98f2122f96d -> 
  custom:scripting/monoscript/fileName/CinemachineClearShotEditor.cs: ca8875b47e775cd361c78158d7923690 -> 
  custom:scripting/monoscript/fileName/WaveformWindow.cs: 01bbc4fc017d41a2bab7fb57c988e8da -> 
  custom:scripting/monoscript/fileName/CinemachinePipeline.cs: 6ca7a5979a0a73ea1d450a8fc9b437ef -> 
  custom:scripting/monoscript/fileName/CinemachineEditorAnalytics.cs: de76cc292d7ecedcf47af6616498c9f9 -> 
  custom:scripting/monoscript/fileName/Joystick.cs: c13c665079b3ba178e3a8ef05c62070b -> 
  custom:scripting/monoscript/fileName/NoiseSettingsPropertyDrawer.cs: 8d3f69ba7eeec63914970bd3136b6ace -> 
  custom:scripting/monoscript/fileName/VcamStageEditor.cs: 84b0eaf932b448975a99972628e556d8 -> 
  custom:scripting/monoscript/fileName/CinemachineBrainEditor.cs: 49621d8b7679c0b5d128fef53d55becd -> 
  custom:scripting/monoscript/fileName/CinemachineFramingTransposerEditor.cs: 1653e1c00b2ca68b1d40f01e5bfb8445 -> 
  custom:scripting/monoscript/fileName/CinemachineShotEditor.cs: 2ba28b209a4ad7f0a791994d2360a9af -> 
  custom:scripting/monoscript/fileName/CinemachineStateDrivenCameraEditor.cs: 77d9f0a97385f936d9b4ffaa686bce39 -> 
  custom:scripting/monoscript/fileName/OrbitalTransposerHeadingPropertyDrawer.cs: 22496b76ce84f35f630c90badc4babd8 -> 
  custom:scripting/monoscript/fileName/CinemachineHardLockToTargetEditor.cs: c65eaafd47115974a2a9379aae467b0e -> 
  custom:scripting/monoscript/fileName/CinemachinePathEditor.cs: ce10985fbf0e018e2dea63fedae131ba -> 
  custom:scripting/monoscript/fileName/CinemachineCollider.cs: 8fa92f525b1c31cd81812685d7f8c288 -> 
  custom:audio-encoder-webm-vorbis: bf7c407c2cedff20999df2af8eb42d56 -> 
  custom:scripting/monoscript/fileName/CameraState.cs: 6ae7088fa20820e052d1e4d86059e90b -> 
  custom:scripting/monoscript/fileName/CinemachineToolbarOverlay.cs: 371b6fc494252d6fda34e207e170cb66 -> 
  custom:scripting/precompiled-assembly-types:Assembly-CSharp-Editor: f7c7739fc303cafe5879da7512dd0656 -> 
  custom:scripting/monoscript/fileName/CinemachineCollisionImpulseSourceEditor.cs: 29f9a522ec6b23375849ba08fd597c8d -> 
  custom:scripting/monoscript/fileName/JumpButton.cs: 82e6d242617ad477f32ce19b2a5161b4 -> 
  custom:scripting/monoscript/fileName/CinemachineIndependentImpulseListener.cs: 91ae8748b9c36955c333e57505ff90fb -> 
  custom:scripting/monoscript/fileName/CinemachineMixingCameraEditor.cs: 1c122a21d710512fec62cdc7bd351681 -> 
  custom:scripting/monoscript/fileName/CinemachinePostProcessing.cs: bf9b100a1b61fd5383288bc96487c194 -> 
  custom:scripting/monoscript/fileName/CinemachineInputProvider.cs: ecb845de690695f08b3b3bb647cc7006 -> 
  custom:scripting/monoscript/fileName/CinemachineColliderEditor.cs: 859d1abbd669ee84cb713f6d4d0e1c5f -> 
  custom:scripting/monoscript/fileName/CinemachineSameAsFollowTarget.cs: bcfa2d394e1e5460b4ef3dc039214a16 -> 
  custom:scripting/monoscript/fileName/CinemachineExtension.cs: 6968db4afcdc301f6acb1ef4fbadb2f4 -> 
  custom:scripting/monoscript/fileName/CinemachineTargetGroup.cs: 10a09aa736b3a25da6dd9fc3c4dd9d36 -> 
  custom:scripting/monoscript/fileName/CinemachineVirtualCameraBaseEditor.cs: 13ee4931cd85df4b22852d0547b5e690 -> 
  custom:scripting/monoscript/fileName/UpdateTracker.cs: 3dac8a24a32a32e4bbfeb38ed26ef250 -> 
  custom:scripting/monoscript/fileName/CinemachineComposerEditor.cs: dda533b9c6cb2b366292f584704bd904 -> 
  custom:scripting/monoscript/fileName/FloatingJoystick.cs: 516035e2342d093d90fb2bd11ff41e68 -> 
  custom:scripting/monoscript/fileName/Cinemachine3rdPersonFollow.cs: 4600bac2bdf6b37d80e86f9aa5a413c3 -> 
  custom:scripting/monoscript/fileName/EmbeddedAssetHelpers.cs: 90647cc400823b41df847a6cbfc29026 -> 
  custom:scripting/precompiled-assembly-types:Assembly-CSharp: 6e6532c41624004d6b7022451ca935f9 -> 98724c9a75c5cf593f713ad668a0273b
  custom:scripting/monoscript/fileName/CinemachineBlendListCamera.cs: 66104ac24fef171d9f5d5b93a8cb2f83 -> 
  custom:scripting/monoscript/fileName/CinemachineComponentBase.cs: 5293f153c13e9bd2fc262ec31ff69206 -> 
  custom:scripting/monoscript/fileName/BaseEditor.cs: 90647cc400823b41df847a6cbfc29026 -> 
  custom:container-muxer-webm: aa71ff27fc2769a1b78a27578f13a17b -> 
  custom:scripting/monoscript/fileName/SaveDuringPlay.cs: de39f1962b337699845d3d8a2e8f5bde -> 
========================================================================
Received Prepare
Caller must complete domain reload
Begin MonoManager ReloadAssembly
- Loaded All Assemblies, in  1.083 seconds
Native extension for WindowsStandalone target not found
Native extension for Android target not found
Native extension for WebGL target not found
[Package Manager] Server::EnsureServerProcessIsRunning -- launch failed, reason: Unity was launched with the -noUpm command-line argument
[Package Manager] UpmClient::Send -- Unable to send message (not connected to UPM process).
[Package Manager] Cannot connect to Unity Package Manager local server
Mono: successfully reloaded assembly
- Finished resetting the current domain, in  2.078 seconds
Domain Reload Profiling: 3154ms
	BeginReloadAssembly (434ms)
		ExecutionOrderSort (0ms)
		DisableScriptedObjects (18ms)
		BackupInstance (0ms)
		ReleaseScriptingObjects (0ms)
		CreateAndSetChildDomain (69ms)
	RebuildCommonClasses (86ms)
	RebuildNativeTypeToScriptingClass (34ms)
	initialDomainReloadingComplete (68ms)
	LoadAllAssembliesAndSetupDomain (454ms)
		LoadAssemblies (682ms)
		RebuildTransferFunctionScriptingTraits (0ms)
		AnalyzeDomain (40ms)
			TypeCache.Refresh (15ms)
				TypeCache.ScanAssembly (2ms)
			ScanForSourceGeneratedMonoScriptInfo (14ms)
			ResolveRequiredComponents (9ms)
	FinalizeReload (2079ms)
		ReleaseScriptCaches (0ms)
		RebuildScriptCaches (0ms)
		SetupLoadedEditorAssemblies (1088ms)
			LogAssemblyErrors (0ms)
			InitializePlatformSupportModulesInManaged (67ms)
			SetLoadedEditorAssemblies (7ms)
			RefreshPlugins (0ms)
			BeforeProcessingInitializeOnLoad (125ms)
			ProcessInitializeOnLoadAttributes (826ms)
			ProcessInitializeOnLoadMethodAttributes (43ms)
			AfterProcessingInitializeOnLoad (20ms)
			EditorAssembliesLoaded (0ms)
		ExecutionOrderSort2 (0ms)
		AwakeInstancesAfterBackupRestoration (12ms)
Refreshing native plugins compatible for Editor in 4.87 ms, found 2 plugins.
Preloading 0 native plugins for Editor in 0.00 ms.
Unloading 1593 Unused Serialized files (Serialized files now loaded: 0)
Unloading 11 unused Assets / (123.8 KB). Loaded Objects now: 2279.
Memory consumption went from 90.2 MB to 90.1 MB.
Total: 6.724800 ms (FindLiveObjects: 0.225400 ms CreateObjectMapping: 0.094400 ms MarkObjects: 6.232500 ms  DeleteObjects: 0.170800 ms)

Prepare: number of updated asset objects reloaded= 0
AssetImportParameters requested are different than current active one (requested -> active):
  custom:scripting/monoscript/fileName/CinemachineGroupComposerEditor.cs: 54a07f36704e77a685a5e7e8c8b2c216 -> 
  custom:scripting/monoscript/fileName/JoystickEditor.cs: 406670d2fe263f5d7c582f8389f2b844 -> 
  custom:video-decoder-webm-vp8: 9c59270c3fd7afecdb556c50c9e8de78 -> 
  custom:scripting/monoscript/fileName/CinemachineConfinerEditor.cs: cc6c898a3390647ab91613c8a96de4b4 -> 
  custom:scripting/monoscript/fileName/CinemachineHardLookAt.cs: 792580aec23d39bcecd7ceea4c27a0ce -> 
  custom:scripting/monoscript/fileName/CinemachineInputAxisDriver.cs: 7e424e54660fed310c58dc98ea41042e -> 
  custom:scripting/monoscript/fileName/CinemachineStoryboardEditor.cs: 2e7ec8bfb72013eaaff4873a27da019c -> 
  custom:scripting/monoscript/fileName/CinemachineBasicMultiChannelPerlin.cs: bd5416e75860cd63657371207eb79058 -> 
  custom:scripting/monoscript/fileName/CinemachineBlendDefinitionPropertyDrawer.cs: 7ae344d19d646b738f3c65294becf216 -> 
  custom:scripting/monoscript/fileName/CinemachineTrackedDollyEditor.cs: b4d6784c58752cea58aafd9a76ca4459 -> 
  custom:scripting/monoscript/fileName/CinemachineImpulseManager.cs: c34be3577a810e26fd0110c580799b88 -> 
  custom:scripting/monoscript/fileName/CinemachineSmoothPath.cs: c28db2688f35d70587b5f943431a010a -> 
  custom:SearchIndexIgnoredProperties: e643bd26f0fe6173181afceb89e7c659 -> 
  custom:scripting/monoscript/fileName/CinemachineStateDrivenCamera.cs: aea2468a7384be4ba6d1b043ccec135d -> 
  custom:container-demuxer-ogg: 62fdf1f143b41e24485cea50d1cbac27 -> 
  custom:scripting/monoscript/fileName/CinemachineBlenderSettings.cs: 9adcb80668a56be4cd8e31c1d3dc60ae -> 
  custom:AudioImporter_EditorPlatform: d09bf68614088b80899f8185d706f6e7 -> 
  custom:scripting/monoscript/fileName/SignalSourceAsset.cs: f7ffd463dece56bad278f5a8d3ed7fc6 -> 
  custom:scripting/monoscript/fileName/CinemachineMixingCamera.cs: 739c5ceb76c01023f431794ec46a0177 -> 
  custom:scripting/monoscript/fileName/CinemachineCore.cs: fe6c3be993819098833de1628bfd76b2 -> 
  custom:scripting/monoscript/fileName/CinemachinePath.cs: b443d3c8837a65ddc3c78741cd58ec71 -> 
  custom:scripting/monoscript/fileName/CinemachineImpulseChannelPropertyDrawer.cs: 4b6390a17916751618e2a45cb8d47a80 -> 
  custom:scripting/monoscript/fileName/JoystickPlayerExample.cs: 2ec96b3abad264f4393a91b76b487cb7 -> 
  custom:scripting/monoscript/fileName/SerializedPropertyHelper.cs: b04ac165255e34bc2935ca9bf180e209 -> 
  custom:scripting/monoscript/fileName/CinemachineFramingTransposer.cs: 7943c9d436748359882d8f978cf86c91 -> 
  custom:scripting/monoscript/fileName/CinemachineImpulseListenerEditor.cs: d5d28e418f87c111bce1c1b98f1f70ba -> 
  custom:scripting/monoscript/fileName/AxisState.cs: 1a494a66d8b9a58f4a6873f89bf5b094 -> 
  custom:scripting/monoscript/fileName/CinemachineDollyCart.cs: bbe9d07f4a2f7ee5ab002e66cb05f922 -> 
  custom:scripting/monoscript/fileName/CinemachineStoryboard.cs: 59a2099f76be9b47af1e12ed7d40f553 -> 
  custom:scripting/monoscript/fileName/CinemachineClearShot.cs: 1da15f5c7903497ce3ae982ee4ee4779 -> 
  custom:scripting/monoscript/fileName/CinemachinePOVEditor.cs: 71db5a9242a182995b4ca15db516f628 -> 
  custom:scripting/monoscript/fileName/JoystickSetterExample.cs: 9ef810522df7cdd512f52a98ae7a04f9 -> 
  custom:scripting/monoscript/fileName/CinemachineMixer.cs: 2e36eb9e732dd7c8a32e8f83daebd6f4 -> 
  custom:scripting/monoscript/fileName/CinemachinePixelPerfect.cs: 2f42bea4517739481ed2553d1616050e -> 
  custom:scripting/monoscript/fileName/CinemachineTrackedDolly.cs: f6a9c21b27ad86d45f62f6b444ccbb49 -> 
  custom:scripting/monoscript/fileName/CinemachineHardLookAtEditor.cs: 15b8f2af6a6d786898ce5dd6b0db26dc -> 
  custom:scripting/monoscript/fileName/CinemachineConfiner.cs: 3813336c17662a5cb6b59ce5f1954254 -> 
  custom:scripting/monoscript/fileName/CinemachineComposer.cs: e399dfd36807c341da7cd182ce299d1e -> 
  custom:scripting/monoscript/fileName/CinemachineTrack.cs: 4b50d47d507c57dc81b82253ec075194 -> 
  custom:scripting/monoscript/fileName/VariableJoystickEditor.cs: fee5e077b31909c4bba3d7329fdefd90 -> 
  custom:scripting/monoscript/fileName/CinemachineSmoothPathEditor.cs: 7555bcba4eb760e012dd21c6730ae562 -> 
  custom:scripting/monoscript/fileName/ScriptableObjectUtility.cs: c529d074f6f57a07e3f410d488963bbc -> 
  custom:scripting/monoscript/fileName/CinemachineBrain.cs: 365b4e0b6319f064062e97b8f8e32c8e -> 
  custom:scripting/monoscript/fileName/GlobalEvents.cs: 67f83bda753ae83eb95a23f3cd97c01c -> 
  custom:scripting/monoscript/fileName/CinemachineImpulseDefinitionPropertyDrawer.cs: 1b2fc77b0a80a7e0e9045e0d44fb761c -> 
  custom:scripting/monoscript/fileName/CinemachineColliderPrefs.cs: 47106451d4685409820905badf49b71f -> 
  custom:scripting/monoscript/fileName/CinemachineFollowZoom.cs: eb74e2e98d3dc4647324e113f34710ca -> 
  custom:scripting/monoscript/fileName/CinemachineDebug.cs: 3077ed3b64725184c652d4c07ac732fd -> 
  custom:scripting/monoscript/fileName/CinemachineLensPresets.cs: 014747fb0ab87178c677520d0bf20bf7 -> 
  custom:video-decoder-ogg-theora: a1e56fd34408186e4bbccfd4996cb3dc -> 
  custom:scripting/monoscript/fileName/CinemachineOrbitalTransposer.cs: 71c52878ba6d43827473a480056a99da -> 
  custom:scripting/monoscript/fileName/CinemachineCameraOffset.cs: a6887f67d3eb83cc6393b822d4e65121 -> 
  custom:scripting/monoscript/fileName/ICinemachineCamera.cs: 2faad4f04eaf5d98c2870adbfb06184e -> 
  custom:scripting/monoscript/fileName/CinemachinePathBase.cs: debb99764287c54cae06313e2d6a1fe1 -> 
  custom:scripting/monoscript/fileName/CinemachineImpulseSource.cs: ac073b8453e26c5dd422d5f1a90a7ff2 -> 
  custom:scripting/monoscript/fileName/CinemachineShotPlayable.cs: e346ad1ecb4af45da55274cb9abd9ec0 -> 
  custom:scripting/monoscript/fileName/CinemachineTagFieldPropertyDrawer.cs: e78491a12decd558a49d01cc583bfcfb -> 
  custom:framework-win-MediaFoundation: 216162199b28c13a410421893ffa2e32 -> 
  custom:scripting/monoscript/fileName/CinemachineVolumeSettings.cs: 22782cc3dbf8dfd1cb54e8486f29fe0d -> 
  custom:scripting/monoscript/fileName/CinemachineImpulseEnvelopePropertyDrawer.cs: 07e00c9c84964a5c7e4f3f19e4263ec1 -> 
  custom:scripting/monoscript/fileName/SplineHelpers.cs: 9e5bf4293b3828088291b7871e233a27 -> 
  custom:scripting/monoscript/fileName/CinemachineImpulseSourceEditor.cs: 0ef7804c69c18838aa65e6d5bae5b055 -> 
  custom:scripting/monoscript/fileName/CinemachineExternalCameraEditor.cs: d74df442250b898c9b40669a19100e9d -> 
  custom:scripting/monoscript/fileName/DynamicJoystickEditor.cs: f92673ca2cd03c2f140cf81ccfee7ccb -> 
  custom:scripting/monoscript/fileName/CinemachineSameAsFollowTargetEditor.cs: 6def40fc1e39b3242347b6630fb5127e -> 
  custom:scripting/monoscript/fileName/CinemachineTargetGroupEditor.cs: f70ac85df8c1c9bd0b83a35534bafd1f -> 
  custom:scripting/monoscript/fileName/CinemachineRecomposer.cs: 07354cca81f7d0775b027b5906330569 -> 
  custom:scripting/monoscript/fileName/CinemachineTransposer.cs: aa226dd144b3a977b86ea888b85df5fa -> 
  custom:scripting/monoscript/fileName/CinemachineBlendListCameraEditor.cs: dbc12d2a9f3e2999a067290c411b2aca -> 
  custom:scripting/monoscript/fileName/TargetPositionCache.cs: 49ce97e6930a536b43825141e0c2d3a4 -> 
  custom:scripting/monoscript/fileName/CinemachineShot.cs: 3d4d9d05534db20e82d871d98ea52716 -> 
  custom:scripting/monoscript/fileName/UnityVectorExtensions.cs: 052777772edecdffe26d41a6a989641e -> 
  custom:scripting/monoscript/fileName/CinemachineBasicMultiChannelPerlinEditor.cs: d6749cd6c482efa27bdd41f60394f1b9 -> 
  custom:scripting/monoscript/fileName/CinemachineImpulseChannels.cs: a9a39cc5ecea1f083db0fce154eec19c -> 
  custom:scripting/monoscript/fileName/CinemachineHardLockToTarget.cs: d349308c5b4f600a345055c394206f52 -> 
  custom:scripting/monoscript/fileName/CinemachineConfiner2D.cs: beb10be0db8ff9d3a94bd0a150963b9b -> 
  custom:scripting/monoscript/fileName/LensSettings.cs: 4335e899502c57ee4480b8c9aa915366 -> 
  custom:scripting/monoscript/fileName/CinemachineExternalCamera.cs: d76122377115c288d881064c3f07a3f1 -> 
  custom:scripting/monoscript/fileName/Cinemachine3rdPersonAim.cs: 4bd230d915f070bb3cae23bef6f7ab70 -> 
  custom:scripting/monoscript/fileName/ReflectionHelpers.cs: 60a5d38af3e775d0a421a7ff630d61cc -> 
  custom:scripting/monoscript/fileName/CinemachineVirtualCamera.cs: f16f2dc5bc1261579875c19605c45301 -> 
  custom:scripting/monoscript/fileName/DynamicJoystick.cs: fa6fdbd0de9beec4a70bc764c26bb796 -> 
  custom:scripting/monoscript/fileName/Predictor.cs: d51584936cb5b31b30ee7b444e03385b -> 
  custom:scripting/monoscript/fileName/CinemachineImpulseListener.cs: 6aac146243d38e7a67346170caa40ea1 -> 
  custom:scripting/monoscript/fileName/CinemachineOrbitalTransposerEditor.cs: 5ea2e4bec7ee6c24917bd86647f4bffa -> 
  custom:scripting/monoscript/fileName/CinemachineConfiner2DEditor.cs: 3f4b3d9b17ff5cd560135aa24f822994 -> 
  custom:scripting/monoscript/fileName/RigidbodyVoxelController.cs: d93a52a180fbbe603a59e9aa6da73c83 -> 7ca90fb0e37f14d197d0c5589d1c29f7
  custom:scripting/monoscript/fileName/GroupWeightManipulator.cs: 588749cf3436a8199e762a8e09bc8de7 -> 
  custom:scripting/monoscript/fileName/AxisStatePropertyDrawer.cs: 2d807695a513641e771c78e6c342ff04 -> 
  custom:video-encoder-webm-vp8: eb34c28f22e8b96e1ab97ce403110664 -> 
  custom:scripting/monoscript/fileName/CinemachineScreenComposerGuides.cs: cdc7ea02ccc4c8d1561d98d16760d1ca -> 
  custom:scripting/monoscript/fileName/CinemachinePropertyAttribute.cs: e8158d9725ac3a9129a08e46a4ff7519 -> 
  custom:scripting/monoscript/fileName/CinemachineVirtualCameraEditor.cs: 2e051d0c474634e907fe4123d6e2656e -> 
  custom:scripting/monoscript/fileName/CinemachineMenu.cs: 7b932811d9fa1e44d0d8b2b9ed75adf3 -> 
  custom:scripting/monoscript/fileName/RuntimeUtility.cs: 8c92a9f673836e5d2084dbeb0f10159f -> 
  custom:scripting/monoscript/fileName/CinemachineFreeLook.cs: bebc32b18bc4beddc113bad68624e557 -> 
  custom:scripting/monoscript/fileName/CinemachineSettings.cs: 197f6d5ad32e253546b5afa056a5bba4 -> 
  custom:audio-decoder-ogg-vorbis: bf7c407c2cedff20999df2af8eb42d56 -> 
  custom:scripting/monoscript/fileName/CinemachineGroupComposer.cs: 173a689a80ef321c302f9c045419668f -> 
  custom:scripting/monoscript/fileName/PlayerController.cs: d93a52a180fbbe603a59e9aa6da73c83 -> 
  custom:scripting/monoscript/fileName/CinemachineVirtualCameraBase.cs: c7e60cccdcb14ee2a33da9fd46c1c54f -> 
  custom:scripting/monoscript/fileName/CinemachineFixedSignal.cs: aedcdca7a861da6e456e0ae105b24c41 -> 
  custom:scripting/monoscript/fileName/CinemachineShotClipEditor.cs: 123a48531bf1d1b4f3c8398556caec62 -> 
  custom:scripting/monoscript/fileName/CinemachineNoiseSettingsEditor.cs: 9056e69d9c759ba2504535054fff31c9 -> 
  custom:scripting/monoscript/fileName/CinemachineTouchInputMapper.cs: b9698729a07a7d31c864247e0582b566 -> 
  custom:scripting/monoscript/fileName/CinemachineTriggerAction.cs: cab9c5d02c28af05797c2c3743539bdb -> 
  custom:scripting/monoscript/fileName/InspectorUtility.cs: e13a8546bf784ce9963c508abb88926b -> 
  custom:CustomObjectIndexerAttribute: 9a22284fe3817be447336de3de66b15e -> 
  custom:scripting/monoscript/fileName/CinemachinePOV.cs: e4df06d1994174afa286b103eb06ee7f -> 
  custom:scripting/monoscript/fileName/CinemachineBlenderSettingsEditor.cs: c57aa7de12bc3e7367ca091f4902c67b -> 
  custom:scripting/monoscript/fileName/CinemachineBlend.cs: f33659d50c4d86144d649aa7e8196529 -> 
  custom:scripting/precompiled-assembly-types:Cinemachine: 54c8b091bb91c32bfeada952c9c53e21 -> 
  custom:scripting/monoscript/fileName/CinemachineImpulseDefinition.cs: 3d434086a2bdaf715abf85e79e9f14b4 -> 
  custom:scripting/precompiled-assembly-types:com.unity.cinemachine.editor: e24bde9f61664824443e2ae04112f2bb -> 
  custom:scripting/monoscript/fileName/CinemachineFreeLookEditor.cs: 9641291977c1891a004ac4c4c259e1c8 -> 
  custom:scripting/monoscript/fileName/CinemachineTransposerEditor.cs: 85841a774ddea4fb7232a7a585f716b4 -> 
  custom:scripting/monoscript/fileName/FloatingJoystickEditor.cs: 20a94efd412f2009d4e6722fe16a3051 -> 
  custom:scripting/monoscript/fileName/clipper.cs: 2a50e35a835148907b3c1fa8e187ab2b -> 
  custom:scripting/monoscript/fileName/NoiseSettings.cs: 443d576e0c72ab62870476103c9384ec -> 
  custom:scripting/monoscript/fileName/VariableJoystick.cs: 6a21e483212ef280c767be5522709419 -> 
  custom:scripting/monoscript/fileName/GaussianFilter.cs: 0a3672ebe80edf7c5daca82445c15683 -> 
  custom:scripting/monoscript/fileName/CinemachineSceneTools.cs: d63880a6073ab3335301b115db235b5b -> 
  custom:scripting/monoscript/fileName/Cinemachine3rdPersonFollowEditor.cs: f79aa162534f81c680877e6274b5d6ec -> 
  custom:scripting/monoscript/fileName/EmbeddedAssetPropertyDrawer.cs: fd7ebc18093de04c88d0cfc86fb060f5 -> 
  custom:scripting/monoscript/fileName/FixedJoystick.cs: ceaced0056a716bd82a85e0f3d488361 -> 
  custom:container-demuxer-webm: 4f35f7cbe854078d1ac9338744f61a02 -> 
  custom:scripting/monoscript/fileName/CinemachineTriggerActionEditor.cs: 2309a2ec6192ace4cae8bab5a535978e -> 
  custom:scripting/monoscript/fileName/ConfinerOven.cs: ff23c03e90b61beb34474fc6e4ff668c -> 
  custom:scripting/monoscript/fileName/VcamTargetPropertyDrawer.cs: 9208050b1312b118a226fef2d63e8fa1 -> 
  custom:scripting/monoscript/fileName/CinemachineCollisionImpulseSource.cs: 9aae5e368cb7786be199f98f2122f96d -> 
  custom:scripting/monoscript/fileName/CinemachineClearShotEditor.cs: ca8875b47e775cd361c78158d7923690 -> 
  custom:scripting/monoscript/fileName/WaveformWindow.cs: 01bbc4fc017d41a2bab7fb57c988e8da -> 
  custom:scripting/monoscript/fileName/CinemachinePipeline.cs: 6ca7a5979a0a73ea1d450a8fc9b437ef -> 
  custom:scripting/monoscript/fileName/CinemachineEditorAnalytics.cs: de76cc292d7ecedcf47af6616498c9f9 -> 
  custom:scripting/monoscript/fileName/Joystick.cs: c13c665079b3ba178e3a8ef05c62070b -> 
  custom:scripting/monoscript/fileName/NoiseSettingsPropertyDrawer.cs: 8d3f69ba7eeec63914970bd3136b6ace -> 
  custom:scripting/monoscript/fileName/VcamStageEditor.cs: 84b0eaf932b448975a99972628e556d8 -> 
  custom:scripting/monoscript/fileName/CinemachineBrainEditor.cs: 49621d8b7679c0b5d128fef53d55becd -> 
  custom:scripting/monoscript/fileName/CinemachineFramingTransposerEditor.cs: 1653e1c00b2ca68b1d40f01e5bfb8445 -> 
  custom:scripting/monoscript/fileName/CinemachineShotEditor.cs: 2ba28b209a4ad7f0a791994d2360a9af -> 
  custom:scripting/monoscript/fileName/CinemachineStateDrivenCameraEditor.cs: 77d9f0a97385f936d9b4ffaa686bce39 -> 
  custom:scripting/monoscript/fileName/OrbitalTransposerHeadingPropertyDrawer.cs: 22496b76ce84f35f630c90badc4babd8 -> 
  custom:scripting/monoscript/fileName/CinemachineHardLockToTargetEditor.cs: c65eaafd47115974a2a9379aae467b0e -> 
  custom:scripting/monoscript/fileName/CinemachinePathEditor.cs: ce10985fbf0e018e2dea63fedae131ba -> 
  custom:scripting/monoscript/fileName/CinemachineCollider.cs: 8fa92f525b1c31cd81812685d7f8c288 -> 
  custom:audio-encoder-webm-vorbis: bf7c407c2cedff20999df2af8eb42d56 -> 
  custom:scripting/monoscript/fileName/CameraState.cs: 6ae7088fa20820e052d1e4d86059e90b -> 
  custom:scripting/monoscript/fileName/CinemachineToolbarOverlay.cs: 371b6fc494252d6fda34e207e170cb66 -> 
  custom:scripting/precompiled-assembly-types:Assembly-CSharp-Editor: f7c7739fc303cafe5879da7512dd0656 -> 
  custom:scripting/monoscript/fileName/CinemachineCollisionImpulseSourceEditor.cs: 29f9a522ec6b23375849ba08fd597c8d -> 
  custom:scripting/monoscript/fileName/JumpButton.cs: 82e6d242617ad477f32ce19b2a5161b4 -> 
  custom:scripting/monoscript/fileName/CinemachineIndependentImpulseListener.cs: 91ae8748b9c36955c333e57505ff90fb -> 
  custom:scripting/monoscript/fileName/CinemachineMixingCameraEditor.cs: 1c122a21d710512fec62cdc7bd351681 -> 
  custom:scripting/monoscript/fileName/CinemachinePostProcessing.cs: bf9b100a1b61fd5383288bc96487c194 -> 
  custom:scripting/monoscript/fileName/CinemachineInputProvider.cs: ecb845de690695f08b3b3bb647cc7006 -> 
  custom:scripting/monoscript/fileName/CinemachineColliderEditor.cs: 859d1abbd669ee84cb713f6d4d0e1c5f -> 
  custom:scripting/monoscript/fileName/CinemachineSameAsFollowTarget.cs: bcfa2d394e1e5460b4ef3dc039214a16 -> 
  custom:scripting/monoscript/fileName/CinemachineExtension.cs: 6968db4afcdc301f6acb1ef4fbadb2f4 -> 
  custom:scripting/monoscript/fileName/CinemachineTargetGroup.cs: 10a09aa736b3a25da6dd9fc3c4dd9d36 -> 
  custom:scripting/monoscript/fileName/CinemachineVirtualCameraBaseEditor.cs: 13ee4931cd85df4b22852d0547b5e690 -> 
  custom:scripting/monoscript/fileName/UpdateTracker.cs: 3dac8a24a32a32e4bbfeb38ed26ef250 -> 
  custom:scripting/monoscript/fileName/CinemachineComposerEditor.cs: dda533b9c6cb2b366292f584704bd904 -> 
  custom:scripting/monoscript/fileName/FloatingJoystick.cs: 516035e2342d093d90fb2bd11ff41e68 -> 
  custom:scripting/monoscript/fileName/Cinemachine3rdPersonFollow.cs: 4600bac2bdf6b37d80e86f9aa5a413c3 -> 
  custom:scripting/monoscript/fileName/EmbeddedAssetHelpers.cs: 90647cc400823b41df847a6cbfc29026 -> 
  custom:scripting/precompiled-assembly-types:Assembly-CSharp: 0bd804ddcaeb38d50b6b8e4f12899232 -> 98724c9a75c5cf593f713ad668a0273b
  custom:scripting/monoscript/fileName/CinemachineBlendListCamera.cs: 66104ac24fef171d9f5d5b93a8cb2f83 -> 
  custom:scripting/monoscript/fileName/CinemachineComponentBase.cs: 5293f153c13e9bd2fc262ec31ff69206 -> 
  custom:scripting/monoscript/fileName/BaseEditor.cs: 90647cc400823b41df847a6cbfc29026 -> 
  custom:container-muxer-webm: aa71ff27fc2769a1b78a27578f13a17b -> 
  custom:scripting/monoscript/fileName/SaveDuringPlay.cs: de39f1962b337699845d3d8a2e8f5bde -> 
========================================================================
Received Prepare
Caller must complete domain reload
Begin MonoManager ReloadAssembly
- Loaded All Assemblies, in  1.464 seconds
Native extension for WindowsStandalone target not found
Native extension for Android target not found
Native extension for WebGL target not found
[Package Manager] Server::EnsureServerProcessIsRunning -- launch failed, reason: Unity was launched with the -noUpm command-line argument
[Package Manager] UpmClient::Send -- Unable to send message (not connected to UPM process).
[Package Manager] Cannot connect to Unity Package Manager local server
Mono: successfully reloaded assembly
- Finished resetting the current domain, in  2.116 seconds
Domain Reload Profiling: 3566ms
	BeginReloadAssembly (467ms)
		ExecutionOrderSort (0ms)
		DisableScriptedObjects (18ms)
		BackupInstance (0ms)
		ReleaseScriptingObjects (0ms)
		CreateAndSetChildDomain (66ms)
	RebuildCommonClasses (288ms)
	RebuildNativeTypeToScriptingClass (61ms)
	initialDomainReloadingComplete (94ms)
	LoadAllAssembliesAndSetupDomain (541ms)
		LoadAssemblies (798ms)
		RebuildTransferFunctionScriptingTraits (0ms)
		AnalyzeDomain (56ms)
			TypeCache.Refresh (16ms)
				TypeCache.ScanAssembly (2ms)
			ScanForSourceGeneratedMonoScriptInfo (24ms)
			ResolveRequiredComponents (13ms)
	FinalizeReload (2116ms)
		ReleaseScriptCaches (0ms)
		RebuildScriptCaches (0ms)
		SetupLoadedEditorAssemblies (1013ms)
			LogAssemblyErrors (0ms)
			InitializePlatformSupportModulesInManaged (45ms)
			SetLoadedEditorAssemblies (6ms)
			RefreshPlugins (0ms)
			BeforeProcessingInitializeOnLoad (108ms)
			ProcessInitializeOnLoadAttributes (793ms)
			ProcessInitializeOnLoadMethodAttributes (41ms)
			AfterProcessingInitializeOnLoad (19ms)
			EditorAssembliesLoaded (0ms)
		ExecutionOrderSort2 (0ms)
		AwakeInstancesAfterBackupRestoration (13ms)
Refreshing native plugins compatible for Editor in 4.86 ms, found 2 plugins.
Preloading 0 native plugins for Editor in 0.00 ms.
Unloading 1593 Unused Serialized files (Serialized files now loaded: 0)
Unloading 11 unused Assets / (123.8 KB). Loaded Objects now: 2294.
Memory consumption went from 90.3 MB to 90.1 MB.
Total: 5.643600 ms (FindLiveObjects: 0.222500 ms CreateObjectMapping: 0.091000 ms MarkObjects: 5.133400 ms  DeleteObjects: 0.194600 ms)

Prepare: number of updated asset objects reloaded= 0
AssetImportParameters requested are different than current active one (requested -> active):
  custom:scripting/monoscript/fileName/CinemachineGroupComposerEditor.cs: 54a07f36704e77a685a5e7e8c8b2c216 -> 
  custom:scripting/monoscript/fileName/JoystickEditor.cs: 406670d2fe263f5d7c582f8389f2b844 -> 
  custom:video-decoder-webm-vp8: 9c59270c3fd7afecdb556c50c9e8de78 -> 
  custom:scripting/monoscript/fileName/CinemachineConfinerEditor.cs: cc6c898a3390647ab91613c8a96de4b4 -> 
  custom:scripting/monoscript/fileName/CinemachineHardLookAt.cs: 792580aec23d39bcecd7ceea4c27a0ce -> 
  custom:scripting/monoscript/fileName/CinemachineInputAxisDriver.cs: 7e424e54660fed310c58dc98ea41042e -> 
  custom:scripting/monoscript/fileName/CinemachineStoryboardEditor.cs: 2e7ec8bfb72013eaaff4873a27da019c -> 
  custom:scripting/monoscript/fileName/CinemachineBasicMultiChannelPerlin.cs: bd5416e75860cd63657371207eb79058 -> 
  custom:scripting/monoscript/fileName/CinemachineBlendDefinitionPropertyDrawer.cs: 7ae344d19d646b738f3c65294becf216 -> 
  custom:scripting/monoscript/fileName/CinemachineTrackedDollyEditor.cs: b4d6784c58752cea58aafd9a76ca4459 -> 
  custom:scripting/monoscript/fileName/CinemachineImpulseManager.cs: c34be3577a810e26fd0110c580799b88 -> 
  custom:scripting/monoscript/fileName/CinemachineSmoothPath.cs: c28db2688f35d70587b5f943431a010a -> 
  custom:SearchIndexIgnoredProperties: e643bd26f0fe6173181afceb89e7c659 -> 
  custom:scripting/monoscript/fileName/CinemachineStateDrivenCamera.cs: aea2468a7384be4ba6d1b043ccec135d -> 
  custom:container-demuxer-ogg: 62fdf1f143b41e24485cea50d1cbac27 -> 
  custom:scripting/monoscript/fileName/CinemachineBlenderSettings.cs: 9adcb80668a56be4cd8e31c1d3dc60ae -> 
  custom:AudioImporter_EditorPlatform: d09bf68614088b80899f8185d706f6e7 -> 
  custom:scripting/monoscript/fileName/SignalSourceAsset.cs: f7ffd463dece56bad278f5a8d3ed7fc6 -> 
  custom:scripting/monoscript/fileName/CinemachineMixingCamera.cs: 739c5ceb76c01023f431794ec46a0177 -> 
  custom:scripting/monoscript/fileName/CinemachineCore.cs: fe6c3be993819098833de1628bfd76b2 -> 
  custom:scripting/monoscript/fileName/CinemachinePath.cs: b443d3c8837a65ddc3c78741cd58ec71 -> 
  custom:scripting/monoscript/fileName/CinemachineImpulseChannelPropertyDrawer.cs: 4b6390a17916751618e2a45cb8d47a80 -> 
  custom:scripting/monoscript/fileName/JoystickPlayerExample.cs: 2ec96b3abad264f4393a91b76b487cb7 -> 
  custom:scripting/monoscript/fileName/SerializedPropertyHelper.cs: b04ac165255e34bc2935ca9bf180e209 -> 
  custom:scripting/monoscript/fileName/CinemachineFramingTransposer.cs: 7943c9d436748359882d8f978cf86c91 -> 
  custom:scripting/monoscript/fileName/CinemachineImpulseListenerEditor.cs: d5d28e418f87c111bce1c1b98f1f70ba -> 
  custom:scripting/monoscript/fileName/AxisState.cs: 1a494a66d8b9a58f4a6873f89bf5b094 -> 
  custom:scripting/monoscript/fileName/CinemachineDollyCart.cs: bbe9d07f4a2f7ee5ab002e66cb05f922 -> 
  custom:scripting/monoscript/fileName/CinemachineStoryboard.cs: 59a2099f76be9b47af1e12ed7d40f553 -> 
  custom:scripting/monoscript/fileName/CinemachineClearShot.cs: 1da15f5c7903497ce3ae982ee4ee4779 -> 
  custom:scripting/monoscript/fileName/CinemachinePOVEditor.cs: 71db5a9242a182995b4ca15db516f628 -> 
  custom:scripting/monoscript/fileName/JoystickSetterExample.cs: 9ef810522df7cdd512f52a98ae7a04f9 -> 
  custom:scripting/monoscript/fileName/CinemachineMixer.cs: 2e36eb9e732dd7c8a32e8f83daebd6f4 -> 
  custom:scripting/monoscript/fileName/CinemachinePixelPerfect.cs: 2f42bea4517739481ed2553d1616050e -> 
  custom:scripting/monoscript/fileName/CinemachineTrackedDolly.cs: f6a9c21b27ad86d45f62f6b444ccbb49 -> 
  custom:scripting/monoscript/fileName/CinemachineHardLookAtEditor.cs: 15b8f2af6a6d786898ce5dd6b0db26dc -> 
  custom:scripting/monoscript/fileName/CinemachineConfiner.cs: 3813336c17662a5cb6b59ce5f1954254 -> 
  custom:scripting/monoscript/fileName/CinemachineComposer.cs: e399dfd36807c341da7cd182ce299d1e -> 
  custom:scripting/monoscript/fileName/CinemachineTrack.cs: 4b50d47d507c57dc81b82253ec075194 -> 
  custom:scripting/monoscript/fileName/VariableJoystickEditor.cs: fee5e077b31909c4bba3d7329fdefd90 -> 
  custom:scripting/monoscript/fileName/CinemachineSmoothPathEditor.cs: 7555bcba4eb760e012dd21c6730ae562 -> 
  custom:scripting/monoscript/fileName/ScriptableObjectUtility.cs: c529d074f6f57a07e3f410d488963bbc -> 
  custom:scripting/monoscript/fileName/CinemachineBrain.cs: 365b4e0b6319f064062e97b8f8e32c8e -> 
  custom:scripting/monoscript/fileName/GlobalEvents.cs: 67f83bda753ae83eb95a23f3cd97c01c -> 
  custom:scripting/monoscript/fileName/CinemachineImpulseDefinitionPropertyDrawer.cs: 1b2fc77b0a80a7e0e9045e0d44fb761c -> 
  custom:scripting/monoscript/fileName/CinemachineColliderPrefs.cs: 47106451d4685409820905badf49b71f -> 
  custom:scripting/monoscript/fileName/CinemachineFollowZoom.cs: eb74e2e98d3dc4647324e113f34710ca -> 
  custom:scripting/monoscript/fileName/CinemachineDebug.cs: 3077ed3b64725184c652d4c07ac732fd -> 
  custom:scripting/monoscript/fileName/CinemachineLensPresets.cs: 014747fb0ab87178c677520d0bf20bf7 -> 
  custom:video-decoder-ogg-theora: a1e56fd34408186e4bbccfd4996cb3dc -> 
  custom:scripting/monoscript/fileName/CinemachineOrbitalTransposer.cs: 71c52878ba6d43827473a480056a99da -> 
  custom:scripting/monoscript/fileName/CinemachineCameraOffset.cs: a6887f67d3eb83cc6393b822d4e65121 -> 
  custom:scripting/monoscript/fileName/ICinemachineCamera.cs: 2faad4f04eaf5d98c2870adbfb06184e -> 
  custom:scripting/monoscript/fileName/CinemachinePathBase.cs: debb99764287c54cae06313e2d6a1fe1 -> 
  custom:scripting/monoscript/fileName/CinemachineImpulseSource.cs: ac073b8453e26c5dd422d5f1a90a7ff2 -> 
  custom:scripting/monoscript/fileName/CinemachineShotPlayable.cs: e346ad1ecb4af45da55274cb9abd9ec0 -> 
  custom:scripting/monoscript/fileName/CinemachineTagFieldPropertyDrawer.cs: e78491a12decd558a49d01cc583bfcfb -> 
  custom:framework-win-MediaFoundation: 216162199b28c13a410421893ffa2e32 -> 
  custom:scripting/monoscript/fileName/CinemachineVolumeSettings.cs: 22782cc3dbf8dfd1cb54e8486f29fe0d -> 
  custom:scripting/monoscript/fileName/CinemachineImpulseEnvelopePropertyDrawer.cs: 07e00c9c84964a5c7e4f3f19e4263ec1 -> 
  custom:scripting/monoscript/fileName/SplineHelpers.cs: 9e5bf4293b3828088291b7871e233a27 -> 
  custom:scripting/monoscript/fileName/CinemachineImpulseSourceEditor.cs: 0ef7804c69c18838aa65e6d5bae5b055 -> 
  custom:scripting/monoscript/fileName/CinemachineExternalCameraEditor.cs: d74df442250b898c9b40669a19100e9d -> 
  custom:scripting/monoscript/fileName/DynamicJoystickEditor.cs: f92673ca2cd03c2f140cf81ccfee7ccb -> 
  custom:scripting/monoscript/fileName/CinemachineSameAsFollowTargetEditor.cs: 6def40fc1e39b3242347b6630fb5127e -> 
  custom:scripting/monoscript/fileName/CinemachineTargetGroupEditor.cs: f70ac85df8c1c9bd0b83a35534bafd1f -> 
  custom:scripting/monoscript/fileName/CinemachineRecomposer.cs: 07354cca81f7d0775b027b5906330569 -> 
  custom:scripting/monoscript/fileName/CinemachineTransposer.cs: aa226dd144b3a977b86ea888b85df5fa -> 
  custom:scripting/monoscript/fileName/CinemachineBlendListCameraEditor.cs: dbc12d2a9f3e2999a067290c411b2aca -> 
  custom:scripting/monoscript/fileName/TargetPositionCache.cs: 49ce97e6930a536b43825141e0c2d3a4 -> 
  custom:scripting/monoscript/fileName/CinemachineShot.cs: 3d4d9d05534db20e82d871d98ea52716 -> 
  custom:scripting/monoscript/fileName/UnityVectorExtensions.cs: 052777772edecdffe26d41a6a989641e -> 
  custom:scripting/monoscript/fileName/CinemachineBasicMultiChannelPerlinEditor.cs: d6749cd6c482efa27bdd41f60394f1b9 -> 
  custom:scripting/monoscript/fileName/CinemachineImpulseChannels.cs: a9a39cc5ecea1f083db0fce154eec19c -> 
  custom:scripting/monoscript/fileName/CinemachineHardLockToTarget.cs: d349308c5b4f600a345055c394206f52 -> 
  custom:scripting/monoscript/fileName/CinemachineConfiner2D.cs: beb10be0db8ff9d3a94bd0a150963b9b -> 
  custom:scripting/monoscript/fileName/LensSettings.cs: 4335e899502c57ee4480b8c9aa915366 -> 
  custom:scripting/monoscript/fileName/CinemachineExternalCamera.cs: d76122377115c288d881064c3f07a3f1 -> 
  custom:scripting/monoscript/fileName/Cinemachine3rdPersonAim.cs: 4bd230d915f070bb3cae23bef6f7ab70 -> 
  custom:scripting/monoscript/fileName/ReflectionHelpers.cs: 60a5d38af3e775d0a421a7ff630d61cc -> 
  custom:scripting/monoscript/fileName/CinemachineVirtualCamera.cs: f16f2dc5bc1261579875c19605c45301 -> 
  custom:scripting/monoscript/fileName/DynamicJoystick.cs: fa6fdbd0de9beec4a70bc764c26bb796 -> 
  custom:scripting/monoscript/fileName/Predictor.cs: d51584936cb5b31b30ee7b444e03385b -> 
  custom:scripting/monoscript/fileName/CinemachineImpulseListener.cs: 6aac146243d38e7a67346170caa40ea1 -> 
  custom:scripting/monoscript/fileName/CinemachineOrbitalTransposerEditor.cs: 5ea2e4bec7ee6c24917bd86647f4bffa -> 
  custom:scripting/monoscript/fileName/CinemachineConfiner2DEditor.cs: 3f4b3d9b17ff5cd560135aa24f822994 -> 
  custom:scripting/monoscript/fileName/RigidbodyVoxelController.cs: d93a52a180fbbe603a59e9aa6da73c83 -> 7ca90fb0e37f14d197d0c5589d1c29f7
  custom:scripting/monoscript/fileName/GroupWeightManipulator.cs: 588749cf3436a8199e762a8e09bc8de7 -> 
  custom:scripting/monoscript/fileName/AxisStatePropertyDrawer.cs: 2d807695a513641e771c78e6c342ff04 -> 
  custom:video-encoder-webm-vp8: eb34c28f22e8b96e1ab97ce403110664 -> 
  custom:scripting/monoscript/fileName/CinemachineScreenComposerGuides.cs: cdc7ea02ccc4c8d1561d98d16760d1ca -> 
  custom:scripting/monoscript/fileName/CinemachinePropertyAttribute.cs: e8158d9725ac3a9129a08e46a4ff7519 -> 
  custom:scripting/monoscript/fileName/CinemachineVirtualCameraEditor.cs: 2e051d0c474634e907fe4123d6e2656e -> 
  custom:scripting/monoscript/fileName/CinemachineMenu.cs: 7b932811d9fa1e44d0d8b2b9ed75adf3 -> 
  custom:scripting/monoscript/fileName/RuntimeUtility.cs: 8c92a9f673836e5d2084dbeb0f10159f -> 
  custom:scripting/monoscript/fileName/CinemachineFreeLook.cs: bebc32b18bc4beddc113bad68624e557 -> 
  custom:scripting/monoscript/fileName/CinemachineSettings.cs: 197f6d5ad32e253546b5afa056a5bba4 -> 
  custom:audio-decoder-ogg-vorbis: bf7c407c2cedff20999df2af8eb42d56 -> 
  custom:scripting/monoscript/fileName/CinemachineGroupComposer.cs: 173a689a80ef321c302f9c045419668f -> 
  custom:scripting/monoscript/fileName/PlayerController.cs: d93a52a180fbbe603a59e9aa6da73c83 -> 
  custom:scripting/monoscript/fileName/CinemachineVirtualCameraBase.cs: c7e60cccdcb14ee2a33da9fd46c1c54f -> 
  custom:scripting/monoscript/fileName/CinemachineFixedSignal.cs: aedcdca7a861da6e456e0ae105b24c41 -> 
  custom:scripting/monoscript/fileName/CinemachineShotClipEditor.cs: 123a48531bf1d1b4f3c8398556caec62 -> 
  custom:scripting/monoscript/fileName/CinemachineNoiseSettingsEditor.cs: 9056e69d9c759ba2504535054fff31c9 -> 
  custom:scripting/monoscript/fileName/CinemachineTouchInputMapper.cs: b9698729a07a7d31c864247e0582b566 -> 
  custom:scripting/monoscript/fileName/CinemachineTriggerAction.cs: cab9c5d02c28af05797c2c3743539bdb -> 
  custom:scripting/monoscript/fileName/InspectorUtility.cs: e13a8546bf784ce9963c508abb88926b -> 
  custom:CustomObjectIndexerAttribute: 9a22284fe3817be447336de3de66b15e -> 
  custom:scripting/monoscript/fileName/CinemachinePOV.cs: e4df06d1994174afa286b103eb06ee7f -> 
  custom:scripting/monoscript/fileName/CinemachineBlenderSettingsEditor.cs: c57aa7de12bc3e7367ca091f4902c67b -> 
  custom:scripting/monoscript/fileName/CinemachineBlend.cs: f33659d50c4d86144d649aa7e8196529 -> 
  custom:scripting/precompiled-assembly-types:Cinemachine: 54c8b091bb91c32bfeada952c9c53e21 -> 
  custom:scripting/monoscript/fileName/CinemachineImpulseDefinition.cs: 3d434086a2bdaf715abf85e79e9f14b4 -> 
  custom:scripting/precompiled-assembly-types:com.unity.cinemachine.editor: e24bde9f61664824443e2ae04112f2bb -> 
  custom:scripting/monoscript/fileName/CinemachineFreeLookEditor.cs: 9641291977c1891a004ac4c4c259e1c8 -> 
  custom:scripting/monoscript/fileName/CinemachineTransposerEditor.cs: 85841a774ddea4fb7232a7a585f716b4 -> 
  custom:scripting/monoscript/fileName/FloatingJoystickEditor.cs: 20a94efd412f2009d4e6722fe16a3051 -> 
  custom:scripting/monoscript/fileName/clipper.cs: 2a50e35a835148907b3c1fa8e187ab2b -> 
  custom:scripting/monoscript/fileName/NoiseSettings.cs: 443d576e0c72ab62870476103c9384ec -> 
  custom:scripting/monoscript/fileName/VariableJoystick.cs: 6a21e483212ef280c767be5522709419 -> 
  custom:scripting/monoscript/fileName/GaussianFilter.cs: 0a3672ebe80edf7c5daca82445c15683 -> 
  custom:scripting/monoscript/fileName/CinemachineSceneTools.cs: d63880a6073ab3335301b115db235b5b -> 
  custom:scripting/monoscript/fileName/Cinemachine3rdPersonFollowEditor.cs: f79aa162534f81c680877e6274b5d6ec -> 
  custom:scripting/monoscript/fileName/EmbeddedAssetPropertyDrawer.cs: fd7ebc18093de04c88d0cfc86fb060f5 -> 
  custom:scripting/monoscript/fileName/FixedJoystick.cs: ceaced0056a716bd82a85e0f3d488361 -> 
  custom:container-demuxer-webm: 4f35f7cbe854078d1ac9338744f61a02 -> 
  custom:scripting/monoscript/fileName/CinemachineTriggerActionEditor.cs: 2309a2ec6192ace4cae8bab5a535978e -> 
  custom:scripting/monoscript/fileName/ConfinerOven.cs: ff23c03e90b61beb34474fc6e4ff668c -> 
  custom:scripting/monoscript/fileName/VcamTargetPropertyDrawer.cs: 9208050b1312b118a226fef2d63e8fa1 -> 
  custom:scripting/monoscript/fileName/CinemachineCollisionImpulseSource.cs: 9aae5e368cb7786be199f98f2122f96d -> 
  custom:scripting/monoscript/fileName/CinemachineClearShotEditor.cs: ca8875b47e775cd361c78158d7923690 -> 
  custom:scripting/monoscript/fileName/WaveformWindow.cs: 01bbc4fc017d41a2bab7fb57c988e8da -> 
  custom:scripting/monoscript/fileName/CinemachinePipeline.cs: 6ca7a5979a0a73ea1d450a8fc9b437ef -> 
  custom:scripting/monoscript/fileName/CinemachineEditorAnalytics.cs: de76cc292d7ecedcf47af6616498c9f9 -> 
  custom:scripting/monoscript/fileName/Joystick.cs: c13c665079b3ba178e3a8ef05c62070b -> 
  custom:scripting/monoscript/fileName/NoiseSettingsPropertyDrawer.cs: 8d3f69ba7eeec63914970bd3136b6ace -> 
  custom:scripting/monoscript/fileName/VcamStageEditor.cs: 84b0eaf932b448975a99972628e556d8 -> 
  custom:scripting/monoscript/fileName/CinemachineBrainEditor.cs: 49621d8b7679c0b5d128fef53d55becd -> 
  custom:scripting/monoscript/fileName/CinemachineFramingTransposerEditor.cs: 1653e1c00b2ca68b1d40f01e5bfb8445 -> 
  custom:scripting/monoscript/fileName/CinemachineShotEditor.cs: 2ba28b209a4ad7f0a791994d2360a9af -> 
  custom:scripting/monoscript/fileName/CinemachineStateDrivenCameraEditor.cs: 77d9f0a97385f936d9b4ffaa686bce39 -> 
  custom:scripting/monoscript/fileName/OrbitalTransposerHeadingPropertyDrawer.cs: 22496b76ce84f35f630c90badc4babd8 -> 
  custom:scripting/monoscript/fileName/CinemachineHardLockToTargetEditor.cs: c65eaafd47115974a2a9379aae467b0e -> 
  custom:scripting/monoscript/fileName/CinemachinePathEditor.cs: ce10985fbf0e018e2dea63fedae131ba -> 
  custom:scripting/monoscript/fileName/CinemachineCollider.cs: 8fa92f525b1c31cd81812685d7f8c288 -> 
  custom:audio-encoder-webm-vorbis: bf7c407c2cedff20999df2af8eb42d56 -> 
  custom:scripting/monoscript/fileName/CameraState.cs: 6ae7088fa20820e052d1e4d86059e90b -> 
  custom:scripting/monoscript/fileName/CinemachineToolbarOverlay.cs: 371b6fc494252d6fda34e207e170cb66 -> 
  custom:scripting/precompiled-assembly-types:Assembly-CSharp-Editor: f7c7739fc303cafe5879da7512dd0656 -> 
  custom:scripting/monoscript/fileName/CinemachineCollisionImpulseSourceEditor.cs: 29f9a522ec6b23375849ba08fd597c8d -> 
  custom:scripting/monoscript/fileName/JumpButton.cs: 82e6d242617ad477f32ce19b2a5161b4 -> 
  custom:scripting/monoscript/fileName/CinemachineIndependentImpulseListener.cs: 91ae8748b9c36955c333e57505ff90fb -> 
  custom:scripting/monoscript/fileName/CinemachineMixingCameraEditor.cs: 1c122a21d710512fec62cdc7bd351681 -> 
  custom:scripting/monoscript/fileName/CinemachinePostProcessing.cs: bf9b100a1b61fd5383288bc96487c194 -> 
  custom:scripting/monoscript/fileName/CinemachineInputProvider.cs: ecb845de690695f08b3b3bb647cc7006 -> 
  custom:scripting/monoscript/fileName/CinemachineColliderEditor.cs: 859d1abbd669ee84cb713f6d4d0e1c5f -> 
  custom:scripting/monoscript/fileName/CinemachineSameAsFollowTarget.cs: bcfa2d394e1e5460b4ef3dc039214a16 -> 
  custom:scripting/monoscript/fileName/CinemachineExtension.cs: 6968db4afcdc301f6acb1ef4fbadb2f4 -> 
  custom:scripting/monoscript/fileName/CinemachineTargetGroup.cs: 10a09aa736b3a25da6dd9fc3c4dd9d36 -> 
  custom:scripting/monoscript/fileName/CinemachineVirtualCameraBaseEditor.cs: 13ee4931cd85df4b22852d0547b5e690 -> 
  custom:scripting/monoscript/fileName/UpdateTracker.cs: 3dac8a24a32a32e4bbfeb38ed26ef250 -> 
  custom:scripting/monoscript/fileName/CinemachineComposerEditor.cs: dda533b9c6cb2b366292f584704bd904 -> 
  custom:scripting/monoscript/fileName/FloatingJoystick.cs: 516035e2342d093d90fb2bd11ff41e68 -> 
  custom:scripting/monoscript/fileName/Cinemachine3rdPersonFollow.cs: 4600bac2bdf6b37d80e86f9aa5a413c3 -> 
  custom:scripting/monoscript/fileName/EmbeddedAssetHelpers.cs: 90647cc400823b41df847a6cbfc29026 -> 
  custom:scripting/precompiled-assembly-types:Assembly-CSharp: 0bd804ddcaeb38d50b6b8e4f12899232 -> 98724c9a75c5cf593f713ad668a0273b
  custom:scripting/monoscript/fileName/CinemachineBlendListCamera.cs: 66104ac24fef171d9f5d5b93a8cb2f83 -> 
  custom:scripting/monoscript/fileName/CinemachineComponentBase.cs: 5293f153c13e9bd2fc262ec31ff69206 -> 
  custom:scripting/monoscript/fileName/BaseEditor.cs: 90647cc400823b41df847a6cbfc29026 -> 
  custom:container-muxer-webm: aa71ff27fc2769a1b78a27578f13a17b -> 
  custom:scripting/monoscript/fileName/SaveDuringPlay.cs: de39f1962b337699845d3d8a2e8f5bde -> 
========================================================================
Received Prepare
Caller must complete domain reload
Begin MonoManager ReloadAssembly
- Loaded All Assemblies, in  1.036 seconds
Native extension for WindowsStandalone target not found
Native extension for Android target not found
Native extension for WebGL target not found
[Package Manager] Server::EnsureServerProcessIsRunning -- launch failed, reason: Unity was launched with the -noUpm command-line argument
[Package Manager] UpmClient::Send -- Unable to send message (not connected to UPM process).
[Package Manager] Cannot connect to Unity Package Manager local server
Mono: successfully reloaded assembly
- Finished resetting the current domain, in  2.141 seconds
Domain Reload Profiling: 3166ms
	BeginReloadAssembly (401ms)
		ExecutionOrderSort (0ms)
		DisableScriptedObjects (15ms)
		BackupInstance (0ms)
		ReleaseScriptingObjects (0ms)
		CreateAndSetChildDomain (56ms)
	RebuildCommonClasses (88ms)
	RebuildNativeTypeToScriptingClass (40ms)
	initialDomainReloadingComplete (70ms)
	LoadAllAssembliesAndSetupDomain (425ms)
		LoadAssemblies (644ms)
		RebuildTransferFunctionScriptingTraits (0ms)
		AnalyzeDomain (39ms)
			TypeCache.Refresh (13ms)
				TypeCache.ScanAssembly (2ms)
			ScanForSourceGeneratedMonoScriptInfo (14ms)
			ResolveRequiredComponents (9ms)
	FinalizeReload (2142ms)
		ReleaseScriptCaches (0ms)
		RebuildScriptCaches (0ms)
		SetupLoadedEditorAssemblies (1065ms)
			LogAssemblyErrors (0ms)
			InitializePlatformSupportModulesInManaged (49ms)
			SetLoadedEditorAssemblies (10ms)
			RefreshPlugins (0ms)
			BeforeProcessingInitializeOnLoad (123ms)
			ProcessInitializeOnLoadAttributes (816ms)
			ProcessInitializeOnLoadMethodAttributes (48ms)
			AfterProcessingInitializeOnLoad (19ms)
			EditorAssembliesLoaded (1ms)
		ExecutionOrderSort2 (0ms)
		AwakeInstancesAfterBackupRestoration (13ms)
Refreshing native plugins compatible for Editor in 4.46 ms, found 2 plugins.
Preloading 0 native plugins for Editor in 0.00 ms.
Unloading 1593 Unused Serialized files (Serialized files now loaded: 0)
Unloading 11 unused Assets / (123.8 KB). Loaded Objects now: 2309.
Memory consumption went from 90.3 MB to 90.1 MB.
Total: 18.367200 ms (FindLiveObjects: 0.384900 ms CreateObjectMapping: 0.125600 ms MarkObjects: 17.567700 ms  DeleteObjects: 0.286500 ms)

Prepare: number of updated asset objects reloaded= 0
AssetImportParameters requested are different than current active one (requested -> active):
  custom:scripting/monoscript/fileName/CinemachineGroupComposerEditor.cs: 54a07f36704e77a685a5e7e8c8b2c216 -> 
  custom:scripting/monoscript/fileName/JoystickEditor.cs: 406670d2fe263f5d7c582f8389f2b844 -> 
  custom:video-decoder-webm-vp8: 9c59270c3fd7afecdb556c50c9e8de78 -> 
  custom:scripting/monoscript/fileName/CinemachineConfinerEditor.cs: cc6c898a3390647ab91613c8a96de4b4 -> 
  custom:scripting/monoscript/fileName/CinemachineHardLookAt.cs: 792580aec23d39bcecd7ceea4c27a0ce -> 
  custom:scripting/monoscript/fileName/CinemachineInputAxisDriver.cs: 7e424e54660fed310c58dc98ea41042e -> 
  custom:scripting/monoscript/fileName/CinemachineStoryboardEditor.cs: 2e7ec8bfb72013eaaff4873a27da019c -> 
  custom:scripting/monoscript/fileName/CinemachineBasicMultiChannelPerlin.cs: bd5416e75860cd63657371207eb79058 -> 
  custom:scripting/monoscript/fileName/CinemachineBlendDefinitionPropertyDrawer.cs: 7ae344d19d646b738f3c65294becf216 -> 
  custom:scripting/monoscript/fileName/CinemachineTrackedDollyEditor.cs: b4d6784c58752cea58aafd9a76ca4459 -> 
  custom:scripting/monoscript/fileName/CinemachineImpulseManager.cs: c34be3577a810e26fd0110c580799b88 -> 
  custom:scripting/monoscript/fileName/CinemachineSmoothPath.cs: c28db2688f35d70587b5f943431a010a -> 
  custom:SearchIndexIgnoredProperties: e643bd26f0fe6173181afceb89e7c659 -> 
  custom:scripting/monoscript/fileName/CinemachineStateDrivenCamera.cs: aea2468a7384be4ba6d1b043ccec135d -> 
  custom:container-demuxer-ogg: 62fdf1f143b41e24485cea50d1cbac27 -> 
  custom:scripting/monoscript/fileName/CinemachineBlenderSettings.cs: 9adcb80668a56be4cd8e31c1d3dc60ae -> 
  custom:AudioImporter_EditorPlatform: d09bf68614088b80899f8185d706f6e7 -> 
  custom:scripting/monoscript/fileName/SignalSourceAsset.cs: f7ffd463dece56bad278f5a8d3ed7fc6 -> 
  custom:scripting/monoscript/fileName/CinemachineMixingCamera.cs: 739c5ceb76c01023f431794ec46a0177 -> 
  custom:scripting/monoscript/fileName/CinemachineCore.cs: fe6c3be993819098833de1628bfd76b2 -> 
  custom:scripting/monoscript/fileName/CinemachinePath.cs: b443d3c8837a65ddc3c78741cd58ec71 -> 
  custom:scripting/monoscript/fileName/CinemachineImpulseChannelPropertyDrawer.cs: 4b6390a17916751618e2a45cb8d47a80 -> 
  custom:scripting/monoscript/fileName/JoystickPlayerExample.cs: 2ec96b3abad264f4393a91b76b487cb7 -> 
  custom:scripting/monoscript/fileName/SerializedPropertyHelper.cs: b04ac165255e34bc2935ca9bf180e209 -> 
  custom:scripting/monoscript/fileName/CinemachineFramingTransposer.cs: 7943c9d436748359882d8f978cf86c91 -> 
  custom:scripting/monoscript/fileName/CinemachineImpulseListenerEditor.cs: d5d28e418f87c111bce1c1b98f1f70ba -> 
  custom:scripting/monoscript/fileName/AxisState.cs: 1a494a66d8b9a58f4a6873f89bf5b094 -> 
  custom:scripting/monoscript/fileName/CinemachineDollyCart.cs: bbe9d07f4a2f7ee5ab002e66cb05f922 -> 
  custom:scripting/monoscript/fileName/CinemachineStoryboard.cs: 59a2099f76be9b47af1e12ed7d40f553 -> 
  custom:scripting/monoscript/fileName/CinemachineClearShot.cs: 1da15f5c7903497ce3ae982ee4ee4779 -> 
  custom:scripting/monoscript/fileName/CinemachinePOVEditor.cs: 71db5a9242a182995b4ca15db516f628 -> 
  custom:scripting/monoscript/fileName/JoystickSetterExample.cs: 9ef810522df7cdd512f52a98ae7a04f9 -> 
  custom:scripting/monoscript/fileName/CinemachineMixer.cs: 2e36eb9e732dd7c8a32e8f83daebd6f4 -> 
  custom:scripting/monoscript/fileName/CinemachinePixelPerfect.cs: 2f42bea4517739481ed2553d1616050e -> 
  custom:scripting/monoscript/fileName/CinemachineTrackedDolly.cs: f6a9c21b27ad86d45f62f6b444ccbb49 -> 
  custom:scripting/monoscript/fileName/CinemachineHardLookAtEditor.cs: 15b8f2af6a6d786898ce5dd6b0db26dc -> 
  custom:scripting/monoscript/fileName/CinemachineConfiner.cs: 3813336c17662a5cb6b59ce5f1954254 -> 
  custom:scripting/monoscript/fileName/CinemachineComposer.cs: e399dfd36807c341da7cd182ce299d1e -> 
  custom:scripting/monoscript/fileName/CinemachineTrack.cs: 4b50d47d507c57dc81b82253ec075194 -> 
  custom:scripting/monoscript/fileName/VariableJoystickEditor.cs: fee5e077b31909c4bba3d7329fdefd90 -> 
  custom:scripting/monoscript/fileName/CinemachineSmoothPathEditor.cs: 7555bcba4eb760e012dd21c6730ae562 -> 
  custom:scripting/monoscript/fileName/ScriptableObjectUtility.cs: c529d074f6f57a07e3f410d488963bbc -> 
  custom:scripting/monoscript/fileName/CinemachineBrain.cs: 365b4e0b6319f064062e97b8f8e32c8e -> 
  custom:scripting/monoscript/fileName/GlobalEvents.cs: 67f83bda753ae83eb95a23f3cd97c01c -> 
  custom:scripting/monoscript/fileName/CinemachineImpulseDefinitionPropertyDrawer.cs: 1b2fc77b0a80a7e0e9045e0d44fb761c -> 
  custom:scripting/monoscript/fileName/CinemachineColliderPrefs.cs: 47106451d4685409820905badf49b71f -> 
  custom:scripting/monoscript/fileName/CinemachineFollowZoom.cs: eb74e2e98d3dc4647324e113f34710ca -> 
  custom:scripting/monoscript/fileName/CinemachineDebug.cs: 3077ed3b64725184c652d4c07ac732fd -> 
  custom:scripting/monoscript/fileName/CinemachineLensPresets.cs: 014747fb0ab87178c677520d0bf20bf7 -> 
  custom:video-decoder-ogg-theora: a1e56fd34408186e4bbccfd4996cb3dc -> 
  custom:scripting/monoscript/fileName/CinemachineOrbitalTransposer.cs: 71c52878ba6d43827473a480056a99da -> 
  custom:scripting/monoscript/fileName/CinemachineCameraOffset.cs: a6887f67d3eb83cc6393b822d4e65121 -> 
  custom:scripting/monoscript/fileName/ICinemachineCamera.cs: 2faad4f04eaf5d98c2870adbfb06184e -> 
  custom:scripting/monoscript/fileName/CinemachinePathBase.cs: debb99764287c54cae06313e2d6a1fe1 -> 
  custom:scripting/monoscript/fileName/CinemachineImpulseSource.cs: ac073b8453e26c5dd422d5f1a90a7ff2 -> 
  custom:scripting/monoscript/fileName/CinemachineShotPlayable.cs: e346ad1ecb4af45da55274cb9abd9ec0 -> 
  custom:scripting/monoscript/fileName/CinemachineTagFieldPropertyDrawer.cs: e78491a12decd558a49d01cc583bfcfb -> 
  custom:framework-win-MediaFoundation: 216162199b28c13a410421893ffa2e32 -> 
  custom:scripting/monoscript/fileName/CinemachineVolumeSettings.cs: 22782cc3dbf8dfd1cb54e8486f29fe0d -> 
  custom:scripting/monoscript/fileName/CinemachineImpulseEnvelopePropertyDrawer.cs: 07e00c9c84964a5c7e4f3f19e4263ec1 -> 
  custom:scripting/monoscript/fileName/SplineHelpers.cs: 9e5bf4293b3828088291b7871e233a27 -> 
  custom:scripting/monoscript/fileName/CinemachineImpulseSourceEditor.cs: 0ef7804c69c18838aa65e6d5bae5b055 -> 
  custom:scripting/monoscript/fileName/CinemachineExternalCameraEditor.cs: d74df442250b898c9b40669a19100e9d -> 
  custom:scripting/monoscript/fileName/DynamicJoystickEditor.cs: f92673ca2cd03c2f140cf81ccfee7ccb -> 
  custom:scripting/monoscript/fileName/CinemachineSameAsFollowTargetEditor.cs: 6def40fc1e39b3242347b6630fb5127e -> 
  custom:scripting/monoscript/fileName/CinemachineTargetGroupEditor.cs: f70ac85df8c1c9bd0b83a35534bafd1f -> 
  custom:scripting/monoscript/fileName/CinemachineRecomposer.cs: 07354cca81f7d0775b027b5906330569 -> 
  custom:scripting/monoscript/fileName/CinemachineTransposer.cs: aa226dd144b3a977b86ea888b85df5fa -> 
  custom:scripting/monoscript/fileName/CinemachineBlendListCameraEditor.cs: dbc12d2a9f3e2999a067290c411b2aca -> 
  custom:scripting/monoscript/fileName/TargetPositionCache.cs: 49ce97e6930a536b43825141e0c2d3a4 -> 
  custom:scripting/monoscript/fileName/CinemachineShot.cs: 3d4d9d05534db20e82d871d98ea52716 -> 
  custom:scripting/monoscript/fileName/UnityVectorExtensions.cs: 052777772edecdffe26d41a6a989641e -> 
  custom:scripting/monoscript/fileName/CinemachineBasicMultiChannelPerlinEditor.cs: d6749cd6c482efa27bdd41f60394f1b9 -> 
  custom:scripting/monoscript/fileName/CinemachineImpulseChannels.cs: a9a39cc5ecea1f083db0fce154eec19c -> 
  custom:scripting/monoscript/fileName/CinemachineHardLockToTarget.cs: d349308c5b4f600a345055c394206f52 -> 
  custom:scripting/monoscript/fileName/CinemachineConfiner2D.cs: beb10be0db8ff9d3a94bd0a150963b9b -> 
  custom:scripting/monoscript/fileName/LensSettings.cs: 4335e899502c57ee4480b8c9aa915366 -> 
  custom:scripting/monoscript/fileName/CinemachineExternalCamera.cs: d76122377115c288d881064c3f07a3f1 -> 
  custom:scripting/monoscript/fileName/Cinemachine3rdPersonAim.cs: 4bd230d915f070bb3cae23bef6f7ab70 -> 
  custom:scripting/monoscript/fileName/ReflectionHelpers.cs: 60a5d38af3e775d0a421a7ff630d61cc -> 
  custom:scripting/monoscript/fileName/CinemachineVirtualCamera.cs: f16f2dc5bc1261579875c19605c45301 -> 
  custom:scripting/monoscript/fileName/DynamicJoystick.cs: fa6fdbd0de9beec4a70bc764c26bb796 -> 
  custom:scripting/monoscript/fileName/Predictor.cs: d51584936cb5b31b30ee7b444e03385b -> 
  custom:scripting/monoscript/fileName/CinemachineImpulseListener.cs: 6aac146243d38e7a67346170caa40ea1 -> 
  custom:scripting/monoscript/fileName/CinemachineOrbitalTransposerEditor.cs: 5ea2e4bec7ee6c24917bd86647f4bffa -> 
  custom:scripting/monoscript/fileName/CinemachineConfiner2DEditor.cs: 3f4b3d9b17ff5cd560135aa24f822994 -> 
  custom:scripting/monoscript/fileName/RigidbodyVoxelController.cs: d93a52a180fbbe603a59e9aa6da73c83 -> 7ca90fb0e37f14d197d0c5589d1c29f7
  custom:scripting/monoscript/fileName/GroupWeightManipulator.cs: 588749cf3436a8199e762a8e09bc8de7 -> 
  custom:scripting/monoscript/fileName/AxisStatePropertyDrawer.cs: 2d807695a513641e771c78e6c342ff04 -> 
  custom:video-encoder-webm-vp8: eb34c28f22e8b96e1ab97ce403110664 -> 
  custom:scripting/monoscript/fileName/CinemachineScreenComposerGuides.cs: cdc7ea02ccc4c8d1561d98d16760d1ca -> 
  custom:scripting/monoscript/fileName/CinemachinePropertyAttribute.cs: e8158d9725ac3a9129a08e46a4ff7519 -> 
  custom:scripting/monoscript/fileName/CinemachineVirtualCameraEditor.cs: 2e051d0c474634e907fe4123d6e2656e -> 
  custom:scripting/monoscript/fileName/CinemachineMenu.cs: 7b932811d9fa1e44d0d8b2b9ed75adf3 -> 
  custom:scripting/monoscript/fileName/RuntimeUtility.cs: 8c92a9f673836e5d2084dbeb0f10159f -> 
  custom:scripting/monoscript/fileName/CinemachineFreeLook.cs: bebc32b18bc4beddc113bad68624e557 -> 
  custom:scripting/monoscript/fileName/CinemachineSettings.cs: 197f6d5ad32e253546b5afa056a5bba4 -> 
  custom:audio-decoder-ogg-vorbis: bf7c407c2cedff20999df2af8eb42d56 -> 
  custom:scripting/monoscript/fileName/CinemachineGroupComposer.cs: 173a689a80ef321c302f9c045419668f -> 
  custom:scripting/monoscript/fileName/PlayerController.cs: d93a52a180fbbe603a59e9aa6da73c83 -> 
  custom:scripting/monoscript/fileName/CinemachineVirtualCameraBase.cs: c7e60cccdcb14ee2a33da9fd46c1c54f -> 
  custom:scripting/monoscript/fileName/CinemachineFixedSignal.cs: aedcdca7a861da6e456e0ae105b24c41 -> 
  custom:scripting/monoscript/fileName/CinemachineShotClipEditor.cs: 123a48531bf1d1b4f3c8398556caec62 -> 
  custom:scripting/monoscript/fileName/CinemachineNoiseSettingsEditor.cs: 9056e69d9c759ba2504535054fff31c9 -> 
  custom:scripting/monoscript/fileName/CinemachineTouchInputMapper.cs: b9698729a07a7d31c864247e0582b566 -> 
  custom:scripting/monoscript/fileName/CinemachineTriggerAction.cs: cab9c5d02c28af05797c2c3743539bdb -> 
  custom:scripting/monoscript/fileName/InspectorUtility.cs: e13a8546bf784ce9963c508abb88926b -> 
  custom:CustomObjectIndexerAttribute: 9a22284fe3817be447336de3de66b15e -> 
  custom:scripting/monoscript/fileName/CinemachinePOV.cs: e4df06d1994174afa286b103eb06ee7f -> 
  custom:scripting/monoscript/fileName/CinemachineBlenderSettingsEditor.cs: c57aa7de12bc3e7367ca091f4902c67b -> 
  custom:scripting/monoscript/fileName/CinemachineBlend.cs: f33659d50c4d86144d649aa7e8196529 -> 
  custom:scripting/precompiled-assembly-types:Cinemachine: 54c8b091bb91c32bfeada952c9c53e21 -> 
  custom:scripting/monoscript/fileName/CinemachineImpulseDefinition.cs: 3d434086a2bdaf715abf85e79e9f14b4 -> 
  custom:scripting/precompiled-assembly-types:com.unity.cinemachine.editor: e24bde9f61664824443e2ae04112f2bb -> 
  custom:scripting/monoscript/fileName/CinemachineFreeLookEditor.cs: 9641291977c1891a004ac4c4c259e1c8 -> 
  custom:scripting/monoscript/fileName/CinemachineTransposerEditor.cs: 85841a774ddea4fb7232a7a585f716b4 -> 
  custom:scripting/monoscript/fileName/FloatingJoystickEditor.cs: 20a94efd412f2009d4e6722fe16a3051 -> 
  custom:scripting/monoscript/fileName/clipper.cs: 2a50e35a835148907b3c1fa8e187ab2b -> 
  custom:scripting/monoscript/fileName/NoiseSettings.cs: 443d576e0c72ab62870476103c9384ec -> 
  custom:scripting/monoscript/fileName/VariableJoystick.cs: 6a21e483212ef280c767be5522709419 -> 
  custom:scripting/monoscript/fileName/GaussianFilter.cs: 0a3672ebe80edf7c5daca82445c15683 -> 
  custom:scripting/monoscript/fileName/CinemachineSceneTools.cs: d63880a6073ab3335301b115db235b5b -> 
  custom:scripting/monoscript/fileName/Cinemachine3rdPersonFollowEditor.cs: f79aa162534f81c680877e6274b5d6ec -> 
  custom:scripting/monoscript/fileName/EmbeddedAssetPropertyDrawer.cs: fd7ebc18093de04c88d0cfc86fb060f5 -> 
  custom:scripting/monoscript/fileName/FixedJoystick.cs: ceaced0056a716bd82a85e0f3d488361 -> 
  custom:container-demuxer-webm: 4f35f7cbe854078d1ac9338744f61a02 -> 
  custom:scripting/monoscript/fileName/CinemachineTriggerActionEditor.cs: 2309a2ec6192ace4cae8bab5a535978e -> 
  custom:scripting/monoscript/fileName/ConfinerOven.cs: ff23c03e90b61beb34474fc6e4ff668c -> 
  custom:scripting/monoscript/fileName/VcamTargetPropertyDrawer.cs: 9208050b1312b118a226fef2d63e8fa1 -> 
  custom:scripting/monoscript/fileName/CinemachineCollisionImpulseSource.cs: 9aae5e368cb7786be199f98f2122f96d -> 
  custom:scripting/monoscript/fileName/CinemachineClearShotEditor.cs: ca8875b47e775cd361c78158d7923690 -> 
  custom:scripting/monoscript/fileName/WaveformWindow.cs: 01bbc4fc017d41a2bab7fb57c988e8da -> 
  custom:scripting/monoscript/fileName/CinemachinePipeline.cs: 6ca7a5979a0a73ea1d450a8fc9b437ef -> 
  custom:scripting/monoscript/fileName/CinemachineEditorAnalytics.cs: de76cc292d7ecedcf47af6616498c9f9 -> 
  custom:scripting/monoscript/fileName/Joystick.cs: c13c665079b3ba178e3a8ef05c62070b -> 
  custom:scripting/monoscript/fileName/NoiseSettingsPropertyDrawer.cs: 8d3f69ba7eeec63914970bd3136b6ace -> 
  custom:scripting/monoscript/fileName/VcamStageEditor.cs: 84b0eaf932b448975a99972628e556d8 -> 
  custom:scripting/monoscript/fileName/CinemachineBrainEditor.cs: 49621d8b7679c0b5d128fef53d55becd -> 
  custom:scripting/monoscript/fileName/CinemachineFramingTransposerEditor.cs: 1653e1c00b2ca68b1d40f01e5bfb8445 -> 
  custom:scripting/monoscript/fileName/CinemachineShotEditor.cs: 2ba28b209a4ad7f0a791994d2360a9af -> 
  custom:scripting/monoscript/fileName/CinemachineStateDrivenCameraEditor.cs: 77d9f0a97385f936d9b4ffaa686bce39 -> 
  custom:scripting/monoscript/fileName/OrbitalTransposerHeadingPropertyDrawer.cs: 22496b76ce84f35f630c90badc4babd8 -> 
  custom:scripting/monoscript/fileName/CinemachineHardLockToTargetEditor.cs: c65eaafd47115974a2a9379aae467b0e -> 
  custom:scripting/monoscript/fileName/CinemachinePathEditor.cs: ce10985fbf0e018e2dea63fedae131ba -> 
  custom:scripting/monoscript/fileName/CinemachineCollider.cs: 8fa92f525b1c31cd81812685d7f8c288 -> 
  custom:audio-encoder-webm-vorbis: bf7c407c2cedff20999df2af8eb42d56 -> 
  custom:scripting/monoscript/fileName/CameraState.cs: 6ae7088fa20820e052d1e4d86059e90b -> 
  custom:scripting/monoscript/fileName/CinemachineToolbarOverlay.cs: 371b6fc494252d6fda34e207e170cb66 -> 
  custom:scripting/precompiled-assembly-types:Assembly-CSharp-Editor: f7c7739fc303cafe5879da7512dd0656 -> 
  custom:scripting/monoscript/fileName/CinemachineCollisionImpulseSourceEditor.cs: 29f9a522ec6b23375849ba08fd597c8d -> 
  custom:scripting/monoscript/fileName/JumpButton.cs: 82e6d242617ad477f32ce19b2a5161b4 -> 
  custom:scripting/monoscript/fileName/CinemachineIndependentImpulseListener.cs: 91ae8748b9c36955c333e57505ff90fb -> 
  custom:scripting/monoscript/fileName/CinemachineMixingCameraEditor.cs: 1c122a21d710512fec62cdc7bd351681 -> 
  custom:scripting/monoscript/fileName/CinemachinePostProcessing.cs: bf9b100a1b61fd5383288bc96487c194 -> 
  custom:scripting/monoscript/fileName/CinemachineInputProvider.cs: ecb845de690695f08b3b3bb647cc7006 -> 
  custom:scripting/monoscript/fileName/CinemachineColliderEditor.cs: 859d1abbd669ee84cb713f6d4d0e1c5f -> 
  custom:scripting/monoscript/fileName/CinemachineSameAsFollowTarget.cs: bcfa2d394e1e5460b4ef3dc039214a16 -> 
  custom:scripting/monoscript/fileName/CinemachineExtension.cs: 6968db4afcdc301f6acb1ef4fbadb2f4 -> 
  custom:scripting/monoscript/fileName/CinemachineTargetGroup.cs: 10a09aa736b3a25da6dd9fc3c4dd9d36 -> 
  custom:scripting/monoscript/fileName/CinemachineVirtualCameraBaseEditor.cs: 13ee4931cd85df4b22852d0547b5e690 -> 
  custom:scripting/monoscript/fileName/UpdateTracker.cs: 3dac8a24a32a32e4bbfeb38ed26ef250 -> 
  custom:scripting/monoscript/fileName/CinemachineComposerEditor.cs: dda533b9c6cb2b366292f584704bd904 -> 
  custom:scripting/monoscript/fileName/FloatingJoystick.cs: 516035e2342d093d90fb2bd11ff41e68 -> 
  custom:scripting/monoscript/fileName/Cinemachine3rdPersonFollow.cs: 4600bac2bdf6b37d80e86f9aa5a413c3 -> 
  custom:scripting/monoscript/fileName/EmbeddedAssetHelpers.cs: 90647cc400823b41df847a6cbfc29026 -> 
  custom:scripting/precompiled-assembly-types:Assembly-CSharp: 0bd804ddcaeb38d50b6b8e4f12899232 -> 98724c9a75c5cf593f713ad668a0273b
  custom:scripting/monoscript/fileName/CinemachineBlendListCamera.cs: 66104ac24fef171d9f5d5b93a8cb2f83 -> 
  custom:scripting/monoscript/fileName/CinemachineComponentBase.cs: 5293f153c13e9bd2fc262ec31ff69206 -> 
  custom:scripting/monoscript/fileName/BaseEditor.cs: 90647cc400823b41df847a6cbfc29026 -> 
  custom:container-muxer-webm: aa71ff27fc2769a1b78a27578f13a17b -> 
  custom:scripting/monoscript/fileName/SaveDuringPlay.cs: de39f1962b337699845d3d8a2e8f5bde -> 
========================================================================
Received Prepare
Caller must complete domain reload
Begin MonoManager ReloadAssembly
- Loaded All Assemblies, in  0.981 seconds
Native extension for WindowsStandalone target not found
Native extension for Android target not found
Native extension for WebGL target not found
[Package Manager] Server::EnsureServerProcessIsRunning -- launch failed, reason: Unity was launched with the -noUpm command-line argument
[Package Manager] UpmClient::Send -- Unable to send message (not connected to UPM process).
[Package Manager] Cannot connect to Unity Package Manager local server
Mono: successfully reloaded assembly
- Finished resetting the current domain, in  1.994 seconds
Domain Reload Profiling: 2968ms
	BeginReloadAssembly (348ms)
		ExecutionOrderSort (0ms)
		DisableScriptedObjects (15ms)
		BackupInstance (0ms)
		ReleaseScriptingObjects (0ms)
		CreateAndSetChildDomain (54ms)
	RebuildCommonClasses (75ms)
	RebuildNativeTypeToScriptingClass (38ms)
	initialDomainReloadingComplete (81ms)
	LoadAllAssembliesAndSetupDomain (431ms)
		LoadAssemblies (613ms)
		RebuildTransferFunctionScriptingTraits (0ms)
		AnalyzeDomain (40ms)
			TypeCache.Refresh (15ms)
				TypeCache.ScanAssembly (2ms)
			ScanForSourceGeneratedMonoScriptInfo (14ms)
			ResolveRequiredComponents (9ms)
	FinalizeReload (1995ms)
		ReleaseScriptCaches (0ms)
		RebuildScriptCaches (0ms)
		SetupLoadedEditorAssemblies (1062ms)
			LogAssemblyErrors (0ms)
			InitializePlatformSupportModulesInManaged (62ms)
			SetLoadedEditorAssemblies (8ms)
			RefreshPlugins (0ms)
			BeforeProcessingInitializeOnLoad (114ms)
			ProcessInitializeOnLoadAttributes (810ms)
			ProcessInitializeOnLoadMethodAttributes (47ms)
			AfterProcessingInitializeOnLoad (20ms)
			EditorAssembliesLoaded (0ms)
		ExecutionOrderSort2 (0ms)
		AwakeInstancesAfterBackupRestoration (19ms)
Refreshing native plugins compatible for Editor in 4.63 ms, found 2 plugins.
Preloading 0 native plugins for Editor in 0.00 ms.
Unloading 1593 Unused Serialized files (Serialized files now loaded: 0)
Unloading 11 unused Assets / (123.7 KB). Loaded Objects now: 2324.
Memory consumption went from 90.3 MB to 90.2 MB.
Total: 7.155400 ms (FindLiveObjects: 0.228000 ms CreateObjectMapping: 0.090100 ms MarkObjects: 6.665400 ms  DeleteObjects: 0.169900 ms)

Prepare: number of updated asset objects reloaded= 0
AssetImportParameters requested are different than current active one (requested -> active):
  custom:scripting/monoscript/fileName/CinemachineGroupComposerEditor.cs: 54a07f36704e77a685a5e7e8c8b2c216 -> 
  custom:scripting/monoscript/fileName/JoystickEditor.cs: 406670d2fe263f5d7c582f8389f2b844 -> 
  custom:video-decoder-webm-vp8: 9c59270c3fd7afecdb556c50c9e8de78 -> 
  custom:scripting/monoscript/fileName/CinemachineConfinerEditor.cs: cc6c898a3390647ab91613c8a96de4b4 -> 
  custom:scripting/monoscript/fileName/CinemachineHardLookAt.cs: 792580aec23d39bcecd7ceea4c27a0ce -> 
  custom:scripting/monoscript/fileName/CinemachineInputAxisDriver.cs: 7e424e54660fed310c58dc98ea41042e -> 
  custom:scripting/monoscript/fileName/CinemachineStoryboardEditor.cs: 2e7ec8bfb72013eaaff4873a27da019c -> 
  custom:scripting/monoscript/fileName/CinemachineBasicMultiChannelPerlin.cs: bd5416e75860cd63657371207eb79058 -> 
  custom:scripting/monoscript/fileName/CinemachineBlendDefinitionPropertyDrawer.cs: 7ae344d19d646b738f3c65294becf216 -> 
  custom:scripting/monoscript/fileName/CinemachineTrackedDollyEditor.cs: b4d6784c58752cea58aafd9a76ca4459 -> 
  custom:scripting/monoscript/fileName/CinemachineImpulseManager.cs: c34be3577a810e26fd0110c580799b88 -> 
  custom:scripting/monoscript/fileName/CinemachineSmoothPath.cs: c28db2688f35d70587b5f943431a010a -> 
  custom:SearchIndexIgnoredProperties: e643bd26f0fe6173181afceb89e7c659 -> 
  custom:scripting/monoscript/fileName/CinemachineStateDrivenCamera.cs: aea2468a7384be4ba6d1b043ccec135d -> 
  custom:container-demuxer-ogg: 62fdf1f143b41e24485cea50d1cbac27 -> 
  custom:scripting/monoscript/fileName/CinemachineBlenderSettings.cs: 9adcb80668a56be4cd8e31c1d3dc60ae -> 
  custom:AudioImporter_EditorPlatform: d09bf68614088b80899f8185d706f6e7 -> 
  custom:scripting/monoscript/fileName/SignalSourceAsset.cs: f7ffd463dece56bad278f5a8d3ed7fc6 -> 
  custom:scripting/monoscript/fileName/CinemachineMixingCamera.cs: 739c5ceb76c01023f431794ec46a0177 -> 
  custom:scripting/monoscript/fileName/CinemachineCore.cs: fe6c3be993819098833de1628bfd76b2 -> 
  custom:scripting/monoscript/fileName/CinemachinePath.cs: b443d3c8837a65ddc3c78741cd58ec71 -> 
  custom:scripting/monoscript/fileName/CinemachineImpulseChannelPropertyDrawer.cs: 4b6390a17916751618e2a45cb8d47a80 -> 
  custom:scripting/monoscript/fileName/JoystickPlayerExample.cs: 2ec96b3abad264f4393a91b76b487cb7 -> 
  custom:scripting/monoscript/fileName/SerializedPropertyHelper.cs: b04ac165255e34bc2935ca9bf180e209 -> 
  custom:scripting/monoscript/fileName/CinemachineFramingTransposer.cs: 7943c9d436748359882d8f978cf86c91 -> 
  custom:scripting/monoscript/fileName/CinemachineImpulseListenerEditor.cs: d5d28e418f87c111bce1c1b98f1f70ba -> 
  custom:scripting/monoscript/fileName/AxisState.cs: 1a494a66d8b9a58f4a6873f89bf5b094 -> 
  custom:scripting/monoscript/fileName/CinemachineDollyCart.cs: bbe9d07f4a2f7ee5ab002e66cb05f922 -> 
  custom:scripting/monoscript/fileName/CinemachineStoryboard.cs: 59a2099f76be9b47af1e12ed7d40f553 -> 
  custom:scripting/monoscript/fileName/CinemachineClearShot.cs: 1da15f5c7903497ce3ae982ee4ee4779 -> 
  custom:scripting/monoscript/fileName/CinemachinePOVEditor.cs: 71db5a9242a182995b4ca15db516f628 -> 
  custom:scripting/monoscript/fileName/JoystickSetterExample.cs: 9ef810522df7cdd512f52a98ae7a04f9 -> 
  custom:scripting/monoscript/fileName/CinemachineMixer.cs: 2e36eb9e732dd7c8a32e8f83daebd6f4 -> 
  custom:scripting/monoscript/fileName/CinemachinePixelPerfect.cs: 2f42bea4517739481ed2553d1616050e -> 
  custom:scripting/monoscript/fileName/CinemachineTrackedDolly.cs: f6a9c21b27ad86d45f62f6b444ccbb49 -> 
  custom:scripting/monoscript/fileName/CinemachineHardLookAtEditor.cs: 15b8f2af6a6d786898ce5dd6b0db26dc -> 
  custom:scripting/monoscript/fileName/CinemachineConfiner.cs: 3813336c17662a5cb6b59ce5f1954254 -> 
  custom:scripting/monoscript/fileName/CinemachineComposer.cs: e399dfd36807c341da7cd182ce299d1e -> 
  custom:scripting/monoscript/fileName/CinemachineTrack.cs: 4b50d47d507c57dc81b82253ec075194 -> 
  custom:scripting/monoscript/fileName/VariableJoystickEditor.cs: fee5e077b31909c4bba3d7329fdefd90 -> 
  custom:scripting/monoscript/fileName/CinemachineSmoothPathEditor.cs: 7555bcba4eb760e012dd21c6730ae562 -> 
  custom:scripting/monoscript/fileName/ScriptableObjectUtility.cs: c529d074f6f57a07e3f410d488963bbc -> 
  custom:scripting/monoscript/fileName/CinemachineBrain.cs: 365b4e0b6319f064062e97b8f8e32c8e -> 
  custom:scripting/monoscript/fileName/GlobalEvents.cs: 67f83bda753ae83eb95a23f3cd97c01c -> 
  custom:scripting/monoscript/fileName/CinemachineImpulseDefinitionPropertyDrawer.cs: 1b2fc77b0a80a7e0e9045e0d44fb761c -> 
  custom:scripting/monoscript/fileName/CinemachineColliderPrefs.cs: 47106451d4685409820905badf49b71f -> 
  custom:scripting/monoscript/fileName/CinemachineFollowZoom.cs: eb74e2e98d3dc4647324e113f34710ca -> 
  custom:scripting/monoscript/fileName/CinemachineDebug.cs: 3077ed3b64725184c652d4c07ac732fd -> 
  custom:scripting/monoscript/fileName/CinemachineLensPresets.cs: 014747fb0ab87178c677520d0bf20bf7 -> 
  custom:video-decoder-ogg-theora: a1e56fd34408186e4bbccfd4996cb3dc -> 
  custom:scripting/monoscript/fileName/CinemachineOrbitalTransposer.cs: 71c52878ba6d43827473a480056a99da -> 
  custom:scripting/monoscript/fileName/CinemachineCameraOffset.cs: a6887f67d3eb83cc6393b822d4e65121 -> 
  custom:scripting/monoscript/fileName/ICinemachineCamera.cs: 2faad4f04eaf5d98c2870adbfb06184e -> 
  custom:scripting/monoscript/fileName/CinemachinePathBase.cs: debb99764287c54cae06313e2d6a1fe1 -> 
  custom:scripting/monoscript/fileName/CinemachineImpulseSource.cs: ac073b8453e26c5dd422d5f1a90a7ff2 -> 
  custom:scripting/monoscript/fileName/CinemachineShotPlayable.cs: e346ad1ecb4af45da55274cb9abd9ec0 -> 
  custom:scripting/monoscript/fileName/CinemachineTagFieldPropertyDrawer.cs: e78491a12decd558a49d01cc583bfcfb -> 
  custom:framework-win-MediaFoundation: 216162199b28c13a410421893ffa2e32 -> 
  custom:scripting/monoscript/fileName/CinemachineVolumeSettings.cs: 22782cc3dbf8dfd1cb54e8486f29fe0d -> 
  custom:scripting/monoscript/fileName/CinemachineImpulseEnvelopePropertyDrawer.cs: 07e00c9c84964a5c7e4f3f19e4263ec1 -> 
  custom:scripting/monoscript/fileName/SplineHelpers.cs: 9e5bf4293b3828088291b7871e233a27 -> 
  custom:scripting/monoscript/fileName/CinemachineImpulseSourceEditor.cs: 0ef7804c69c18838aa65e6d5bae5b055 -> 
  custom:scripting/monoscript/fileName/CinemachineExternalCameraEditor.cs: d74df442250b898c9b40669a19100e9d -> 
  custom:scripting/monoscript/fileName/DynamicJoystickEditor.cs: f92673ca2cd03c2f140cf81ccfee7ccb -> 
  custom:scripting/monoscript/fileName/CinemachineSameAsFollowTargetEditor.cs: 6def40fc1e39b3242347b6630fb5127e -> 
  custom:scripting/monoscript/fileName/CinemachineTargetGroupEditor.cs: f70ac85df8c1c9bd0b83a35534bafd1f -> 
  custom:scripting/monoscript/fileName/CinemachineRecomposer.cs: 07354cca81f7d0775b027b5906330569 -> 
  custom:scripting/monoscript/fileName/CinemachineTransposer.cs: aa226dd144b3a977b86ea888b85df5fa -> 
  custom:scripting/monoscript/fileName/CinemachineBlendListCameraEditor.cs: dbc12d2a9f3e2999a067290c411b2aca -> 
  custom:scripting/monoscript/fileName/TargetPositionCache.cs: 49ce97e6930a536b43825141e0c2d3a4 -> 
  custom:scripting/monoscript/fileName/CinemachineShot.cs: 3d4d9d05534db20e82d871d98ea52716 -> 
  custom:scripting/monoscript/fileName/UnityVectorExtensions.cs: 052777772edecdffe26d41a6a989641e -> 
  custom:scripting/monoscript/fileName/CinemachineBasicMultiChannelPerlinEditor.cs: d6749cd6c482efa27bdd41f60394f1b9 -> 
  custom:scripting/monoscript/fileName/CinemachineImpulseChannels.cs: a9a39cc5ecea1f083db0fce154eec19c -> 
  custom:scripting/monoscript/fileName/CinemachineHardLockToTarget.cs: d349308c5b4f600a345055c394206f52 -> 
  custom:scripting/monoscript/fileName/CinemachineConfiner2D.cs: beb10be0db8ff9d3a94bd0a150963b9b -> 
  custom:scripting/monoscript/fileName/LensSettings.cs: 4335e899502c57ee4480b8c9aa915366 -> 
  custom:scripting/monoscript/fileName/CinemachineExternalCamera.cs: d76122377115c288d881064c3f07a3f1 -> 
  custom:scripting/monoscript/fileName/Cinemachine3rdPersonAim.cs: 4bd230d915f070bb3cae23bef6f7ab70 -> 
  custom:scripting/monoscript/fileName/ReflectionHelpers.cs: 60a5d38af3e775d0a421a7ff630d61cc -> 
  custom:scripting/monoscript/fileName/CinemachineVirtualCamera.cs: f16f2dc5bc1261579875c19605c45301 -> 
  custom:scripting/monoscript/fileName/DynamicJoystick.cs: fa6fdbd0de9beec4a70bc764c26bb796 -> 
  custom:scripting/monoscript/fileName/Predictor.cs: d51584936cb5b31b30ee7b444e03385b -> 
  custom:scripting/monoscript/fileName/CinemachineImpulseListener.cs: 6aac146243d38e7a67346170caa40ea1 -> 
  custom:scripting/monoscript/fileName/CinemachineOrbitalTransposerEditor.cs: 5ea2e4bec7ee6c24917bd86647f4bffa -> 
  custom:scripting/monoscript/fileName/CinemachineConfiner2DEditor.cs: 3f4b3d9b17ff5cd560135aa24f822994 -> 
  custom:scripting/monoscript/fileName/RigidbodyVoxelController.cs: d93a52a180fbbe603a59e9aa6da73c83 -> 7ca90fb0e37f14d197d0c5589d1c29f7
  custom:scripting/monoscript/fileName/GroupWeightManipulator.cs: 588749cf3436a8199e762a8e09bc8de7 -> 
  custom:scripting/monoscript/fileName/AxisStatePropertyDrawer.cs: 2d807695a513641e771c78e6c342ff04 -> 
  custom:video-encoder-webm-vp8: eb34c28f22e8b96e1ab97ce403110664 -> 
  custom:scripting/monoscript/fileName/CinemachineScreenComposerGuides.cs: cdc7ea02ccc4c8d1561d98d16760d1ca -> 
  custom:scripting/monoscript/fileName/CinemachinePropertyAttribute.cs: e8158d9725ac3a9129a08e46a4ff7519 -> 
  custom:scripting/monoscript/fileName/CinemachineVirtualCameraEditor.cs: 2e051d0c474634e907fe4123d6e2656e -> 
  custom:scripting/monoscript/fileName/CinemachineMenu.cs: 7b932811d9fa1e44d0d8b2b9ed75adf3 -> 
  custom:scripting/monoscript/fileName/RuntimeUtility.cs: 8c92a9f673836e5d2084dbeb0f10159f -> 
  custom:scripting/monoscript/fileName/CinemachineFreeLook.cs: bebc32b18bc4beddc113bad68624e557 -> 
  custom:scripting/monoscript/fileName/CinemachineSettings.cs: 197f6d5ad32e253546b5afa056a5bba4 -> 
  custom:audio-decoder-ogg-vorbis: bf7c407c2cedff20999df2af8eb42d56 -> 
  custom:scripting/monoscript/fileName/CinemachineGroupComposer.cs: 173a689a80ef321c302f9c045419668f -> 
  custom:scripting/monoscript/fileName/PlayerController.cs: d93a52a180fbbe603a59e9aa6da73c83 -> 
  custom:scripting/monoscript/fileName/CinemachineVirtualCameraBase.cs: c7e60cccdcb14ee2a33da9fd46c1c54f -> 
  custom:scripting/monoscript/fileName/CinemachineFixedSignal.cs: aedcdca7a861da6e456e0ae105b24c41 -> 
  custom:scripting/monoscript/fileName/CinemachineShotClipEditor.cs: 123a48531bf1d1b4f3c8398556caec62 -> 
  custom:scripting/monoscript/fileName/CinemachineNoiseSettingsEditor.cs: 9056e69d9c759ba2504535054fff31c9 -> 
  custom:scripting/monoscript/fileName/CinemachineTouchInputMapper.cs: b9698729a07a7d31c864247e0582b566 -> 
  custom:scripting/monoscript/fileName/CinemachineTriggerAction.cs: cab9c5d02c28af05797c2c3743539bdb -> 
  custom:scripting/monoscript/fileName/InspectorUtility.cs: e13a8546bf784ce9963c508abb88926b -> 
  custom:CustomObjectIndexerAttribute: 9a22284fe3817be447336de3de66b15e -> 
  custom:scripting/monoscript/fileName/CinemachinePOV.cs: e4df06d1994174afa286b103eb06ee7f -> 
  custom:scripting/monoscript/fileName/CinemachineBlenderSettingsEditor.cs: c57aa7de12bc3e7367ca091f4902c67b -> 
  custom:scripting/monoscript/fileName/CinemachineBlend.cs: f33659d50c4d86144d649aa7e8196529 -> 
  custom:scripting/precompiled-assembly-types:Cinemachine: 54c8b091bb91c32bfeada952c9c53e21 -> 
  custom:scripting/monoscript/fileName/CinemachineImpulseDefinition.cs: 3d434086a2bdaf715abf85e79e9f14b4 -> 
  custom:scripting/precompiled-assembly-types:com.unity.cinemachine.editor: e24bde9f61664824443e2ae04112f2bb -> 
  custom:scripting/monoscript/fileName/CinemachineFreeLookEditor.cs: 9641291977c1891a004ac4c4c259e1c8 -> 
  custom:scripting/monoscript/fileName/CinemachineTransposerEditor.cs: 85841a774ddea4fb7232a7a585f716b4 -> 
  custom:scripting/monoscript/fileName/FloatingJoystickEditor.cs: 20a94efd412f2009d4e6722fe16a3051 -> 
  custom:scripting/monoscript/fileName/clipper.cs: 2a50e35a835148907b3c1fa8e187ab2b -> 
  custom:scripting/monoscript/fileName/NoiseSettings.cs: 443d576e0c72ab62870476103c9384ec -> 
  custom:scripting/monoscript/fileName/VariableJoystick.cs: 6a21e483212ef280c767be5522709419 -> 
  custom:scripting/monoscript/fileName/GaussianFilter.cs: 0a3672ebe80edf7c5daca82445c15683 -> 
  custom:scripting/monoscript/fileName/CinemachineSceneTools.cs: d63880a6073ab3335301b115db235b5b -> 
  custom:scripting/monoscript/fileName/Cinemachine3rdPersonFollowEditor.cs: f79aa162534f81c680877e6274b5d6ec -> 
  custom:scripting/monoscript/fileName/EmbeddedAssetPropertyDrawer.cs: fd7ebc18093de04c88d0cfc86fb060f5 -> 
  custom:scripting/monoscript/fileName/FixedJoystick.cs: ceaced0056a716bd82a85e0f3d488361 -> 
  custom:container-demuxer-webm: 4f35f7cbe854078d1ac9338744f61a02 -> 
  custom:scripting/monoscript/fileName/CinemachineTriggerActionEditor.cs: 2309a2ec6192ace4cae8bab5a535978e -> 
  custom:scripting/monoscript/fileName/ConfinerOven.cs: ff23c03e90b61beb34474fc6e4ff668c -> 
  custom:scripting/monoscript/fileName/VcamTargetPropertyDrawer.cs: 9208050b1312b118a226fef2d63e8fa1 -> 
  custom:scripting/monoscript/fileName/CinemachineCollisionImpulseSource.cs: 9aae5e368cb7786be199f98f2122f96d -> 
  custom:scripting/monoscript/fileName/CinemachineClearShotEditor.cs: ca8875b47e775cd361c78158d7923690 -> 
  custom:scripting/monoscript/fileName/WaveformWindow.cs: 01bbc4fc017d41a2bab7fb57c988e8da -> 
  custom:scripting/monoscript/fileName/CinemachinePipeline.cs: 6ca7a5979a0a73ea1d450a8fc9b437ef -> 
  custom:scripting/monoscript/fileName/CinemachineEditorAnalytics.cs: de76cc292d7ecedcf47af6616498c9f9 -> 
  custom:scripting/monoscript/fileName/Joystick.cs: c13c665079b3ba178e3a8ef05c62070b -> 
  custom:scripting/monoscript/fileName/NoiseSettingsPropertyDrawer.cs: 8d3f69ba7eeec63914970bd3136b6ace -> 
  custom:scripting/monoscript/fileName/VcamStageEditor.cs: 84b0eaf932b448975a99972628e556d8 -> 
  custom:scripting/monoscript/fileName/CinemachineBrainEditor.cs: 49621d8b7679c0b5d128fef53d55becd -> 
  custom:scripting/monoscript/fileName/CinemachineFramingTransposerEditor.cs: 1653e1c00b2ca68b1d40f01e5bfb8445 -> 
  custom:scripting/monoscript/fileName/CinemachineShotEditor.cs: 2ba28b209a4ad7f0a791994d2360a9af -> 
  custom:scripting/monoscript/fileName/CinemachineStateDrivenCameraEditor.cs: 77d9f0a97385f936d9b4ffaa686bce39 -> 
  custom:scripting/monoscript/fileName/OrbitalTransposerHeadingPropertyDrawer.cs: 22496b76ce84f35f630c90badc4babd8 -> 
  custom:scripting/monoscript/fileName/CinemachineHardLockToTargetEditor.cs: c65eaafd47115974a2a9379aae467b0e -> 
  custom:scripting/monoscript/fileName/CinemachinePathEditor.cs: ce10985fbf0e018e2dea63fedae131ba -> 
  custom:scripting/monoscript/fileName/CinemachineCollider.cs: 8fa92f525b1c31cd81812685d7f8c288 -> 
  custom:audio-encoder-webm-vorbis: bf7c407c2cedff20999df2af8eb42d56 -> 
  custom:scripting/monoscript/fileName/CameraState.cs: 6ae7088fa20820e052d1e4d86059e90b -> 
  custom:scripting/monoscript/fileName/CinemachineToolbarOverlay.cs: 371b6fc494252d6fda34e207e170cb66 -> 
  custom:scripting/precompiled-assembly-types:Assembly-CSharp-Editor: f7c7739fc303cafe5879da7512dd0656 -> 
  custom:scripting/monoscript/fileName/CinemachineCollisionImpulseSourceEditor.cs: 29f9a522ec6b23375849ba08fd597c8d -> 
  custom:scripting/monoscript/fileName/JumpButton.cs: 82e6d242617ad477f32ce19b2a5161b4 -> 
  custom:scripting/monoscript/fileName/CinemachineIndependentImpulseListener.cs: 91ae8748b9c36955c333e57505ff90fb -> 
  custom:scripting/monoscript/fileName/CinemachineMixingCameraEditor.cs: 1c122a21d710512fec62cdc7bd351681 -> 
  custom:scripting/monoscript/fileName/CinemachinePostProcessing.cs: bf9b100a1b61fd5383288bc96487c194 -> 
  custom:scripting/monoscript/fileName/CinemachineInputProvider.cs: ecb845de690695f08b3b3bb647cc7006 -> 
  custom:scripting/monoscript/fileName/CinemachineColliderEditor.cs: 859d1abbd669ee84cb713f6d4d0e1c5f -> 
  custom:scripting/monoscript/fileName/CinemachineSameAsFollowTarget.cs: bcfa2d394e1e5460b4ef3dc039214a16 -> 
  custom:scripting/monoscript/fileName/CinemachineExtension.cs: 6968db4afcdc301f6acb1ef4fbadb2f4 -> 
  custom:scripting/monoscript/fileName/CinemachineTargetGroup.cs: 10a09aa736b3a25da6dd9fc3c4dd9d36 -> 
  custom:scripting/monoscript/fileName/CinemachineVirtualCameraBaseEditor.cs: 13ee4931cd85df4b22852d0547b5e690 -> 
  custom:scripting/monoscript/fileName/UpdateTracker.cs: 3dac8a24a32a32e4bbfeb38ed26ef250 -> 
  custom:scripting/monoscript/fileName/CinemachineComposerEditor.cs: dda533b9c6cb2b366292f584704bd904 -> 
  custom:scripting/monoscript/fileName/FloatingJoystick.cs: 516035e2342d093d90fb2bd11ff41e68 -> 
  custom:scripting/monoscript/fileName/Cinemachine3rdPersonFollow.cs: 4600bac2bdf6b37d80e86f9aa5a413c3 -> 
  custom:scripting/monoscript/fileName/EmbeddedAssetHelpers.cs: 90647cc400823b41df847a6cbfc29026 -> 
  custom:scripting/precompiled-assembly-types:Assembly-CSharp: 0bd804ddcaeb38d50b6b8e4f12899232 -> 98724c9a75c5cf593f713ad668a0273b
  custom:scripting/monoscript/fileName/CinemachineBlendListCamera.cs: 66104ac24fef171d9f5d5b93a8cb2f83 -> 
  custom:scripting/monoscript/fileName/CinemachineComponentBase.cs: 5293f153c13e9bd2fc262ec31ff69206 -> 
  custom:scripting/monoscript/fileName/BaseEditor.cs: 90647cc400823b41df847a6cbfc29026 -> 
  custom:container-muxer-webm: aa71ff27fc2769a1b78a27578f13a17b -> 
  custom:scripting/monoscript/fileName/SaveDuringPlay.cs: de39f1962b337699845d3d8a2e8f5bde -> 
========================================================================
Received Prepare
Caller must complete domain reload
Begin MonoManager ReloadAssembly
- Loaded All Assemblies, in  0.961 seconds
Native extension for WindowsStandalone target not found
Native extension for Android target not found
Native extension for WebGL target not found
[Package Manager] Server::EnsureServerProcessIsRunning -- launch failed, reason: Unity was launched with the -noUpm command-line argument
[Package Manager] UpmClient::Send -- Unable to send message (not connected to UPM process).
[Package Manager] Cannot connect to Unity Package Manager local server
Mono: successfully reloaded assembly
- Finished resetting the current domain, in  2.254 seconds
Domain Reload Profiling: 3205ms
	BeginReloadAssembly (351ms)
		ExecutionOrderSort (0ms)
		DisableScriptedObjects (12ms)
		BackupInstance (0ms)
		ReleaseScriptingObjects (0ms)
		CreateAndSetChildDomain (56ms)
	RebuildCommonClasses (84ms)
	RebuildNativeTypeToScriptingClass (31ms)
	initialDomainReloadingComplete (75ms)
	LoadAllAssembliesAndSetupDomain (409ms)
		LoadAssemblies (608ms)
		RebuildTransferFunctionScriptingTraits (0ms)
		AnalyzeDomain (24ms)
			TypeCache.Refresh (8ms)
				TypeCache.ScanAssembly (0ms)
			ScanForSourceGeneratedMonoScriptInfo (0ms)
			ResolveRequiredComponents (14ms)
	FinalizeReload (2255ms)
		ReleaseScriptCaches (0ms)
		RebuildScriptCaches (0ms)
		SetupLoadedEditorAssemblies (1305ms)
			LogAssemblyErrors (0ms)
			InitializePlatformSupportModulesInManaged (58ms)
			SetLoadedEditorAssemblies (11ms)
			RefreshPlugins (0ms)
			BeforeProcessingInitializeOnLoad (136ms)
			ProcessInitializeOnLoadAttributes (1032ms)
			ProcessInitializeOnLoadMethodAttributes (48ms)
			AfterProcessingInitializeOnLoad (22ms)
			EditorAssembliesLoaded (0ms)
		ExecutionOrderSort2 (0ms)
		AwakeInstancesAfterBackupRestoration (13ms)
Refreshing native plugins compatible for Editor in 9.19 ms, found 2 plugins.
Preloading 0 native plugins for Editor in 0.00 ms.
Unloading 1593 Unused Serialized files (Serialized files now loaded: 0)
Unloading 11 unused Assets / (123.9 KB). Loaded Objects now: 2339.
Memory consumption went from 90.3 MB to 90.2 MB.
Total: 7.638600 ms (FindLiveObjects: 0.271300 ms CreateObjectMapping: 0.096600 ms MarkObjects: 7.098900 ms  DeleteObjects: 0.169400 ms)

Prepare: number of updated asset objects reloaded= 0
AssetImportParameters requested are different than current active one (requested -> active):
  custom:scripting/monoscript/fileName/CinemachineGroupComposerEditor.cs: 54a07f36704e77a685a5e7e8c8b2c216 -> 
  custom:scripting/monoscript/fileName/JoystickEditor.cs: 406670d2fe263f5d7c582f8389f2b844 -> 
  custom:video-decoder-webm-vp8: 9c59270c3fd7afecdb556c50c9e8de78 -> 
  custom:scripting/monoscript/fileName/CinemachineConfinerEditor.cs: cc6c898a3390647ab91613c8a96de4b4 -> 
  custom:scripting/monoscript/fileName/CinemachineHardLookAt.cs: 792580aec23d39bcecd7ceea4c27a0ce -> 
  custom:scripting/monoscript/fileName/CinemachineInputAxisDriver.cs: 7e424e54660fed310c58dc98ea41042e -> 
  custom:scripting/monoscript/fileName/CinemachineStoryboardEditor.cs: 2e7ec8bfb72013eaaff4873a27da019c -> 
  custom:scripting/monoscript/fileName/CinemachineBasicMultiChannelPerlin.cs: bd5416e75860cd63657371207eb79058 -> 
  custom:scripting/monoscript/fileName/CinemachineBlendDefinitionPropertyDrawer.cs: 7ae344d19d646b738f3c65294becf216 -> 
  custom:scripting/monoscript/fileName/CinemachineTrackedDollyEditor.cs: b4d6784c58752cea58aafd9a76ca4459 -> 
  custom:scripting/monoscript/fileName/CinemachineImpulseManager.cs: c34be3577a810e26fd0110c580799b88 -> 
  custom:scripting/monoscript/fileName/CinemachineSmoothPath.cs: c28db2688f35d70587b5f943431a010a -> 
  custom:SearchIndexIgnoredProperties: e643bd26f0fe6173181afceb89e7c659 -> 
  custom:scripting/monoscript/fileName/CinemachineStateDrivenCamera.cs: aea2468a7384be4ba6d1b043ccec135d -> 
  custom:container-demuxer-ogg: 62fdf1f143b41e24485cea50d1cbac27 -> 
  custom:scripting/monoscript/fileName/CinemachineBlenderSettings.cs: 9adcb80668a56be4cd8e31c1d3dc60ae -> 
  custom:AudioImporter_EditorPlatform: d09bf68614088b80899f8185d706f6e7 -> 
  custom:scripting/monoscript/fileName/SignalSourceAsset.cs: f7ffd463dece56bad278f5a8d3ed7fc6 -> 
  custom:scripting/monoscript/fileName/CinemachineMixingCamera.cs: 739c5ceb76c01023f431794ec46a0177 -> 
  custom:scripting/monoscript/fileName/CinemachineCore.cs: fe6c3be993819098833de1628bfd76b2 -> 
  custom:scripting/monoscript/fileName/CinemachinePath.cs: b443d3c8837a65ddc3c78741cd58ec71 -> 
  custom:scripting/monoscript/fileName/CinemachineImpulseChannelPropertyDrawer.cs: 4b6390a17916751618e2a45cb8d47a80 -> 
  custom:scripting/monoscript/fileName/JoystickPlayerExample.cs: 2ec96b3abad264f4393a91b76b487cb7 -> 
  custom:scripting/monoscript/fileName/SerializedPropertyHelper.cs: b04ac165255e34bc2935ca9bf180e209 -> 
  custom:scripting/monoscript/fileName/CinemachineFramingTransposer.cs: 7943c9d436748359882d8f978cf86c91 -> 
  custom:scripting/monoscript/fileName/CinemachineImpulseListenerEditor.cs: d5d28e418f87c111bce1c1b98f1f70ba -> 
  custom:scripting/monoscript/fileName/AxisState.cs: 1a494a66d8b9a58f4a6873f89bf5b094 -> 
  custom:scripting/monoscript/fileName/CinemachineDollyCart.cs: bbe9d07f4a2f7ee5ab002e66cb05f922 -> 
  custom:scripting/monoscript/fileName/CinemachineStoryboard.cs: 59a2099f76be9b47af1e12ed7d40f553 -> 
  custom:scripting/monoscript/fileName/CinemachineClearShot.cs: 1da15f5c7903497ce3ae982ee4ee4779 -> 
  custom:scripting/monoscript/fileName/CinemachinePOVEditor.cs: 71db5a9242a182995b4ca15db516f628 -> 
  custom:scripting/monoscript/fileName/JoystickSetterExample.cs: 9ef810522df7cdd512f52a98ae7a04f9 -> 
  custom:scripting/monoscript/fileName/CinemachineMixer.cs: 2e36eb9e732dd7c8a32e8f83daebd6f4 -> 
  custom:scripting/monoscript/fileName/CinemachinePixelPerfect.cs: 2f42bea4517739481ed2553d1616050e -> 
  custom:scripting/monoscript/fileName/CinemachineTrackedDolly.cs: f6a9c21b27ad86d45f62f6b444ccbb49 -> 
  custom:scripting/monoscript/fileName/CinemachineHardLookAtEditor.cs: 15b8f2af6a6d786898ce5dd6b0db26dc -> 
  custom:scripting/monoscript/fileName/CinemachineConfiner.cs: 3813336c17662a5cb6b59ce5f1954254 -> 
  custom:scripting/monoscript/fileName/CinemachineComposer.cs: e399dfd36807c341da7cd182ce299d1e -> 
  custom:scripting/monoscript/fileName/CinemachineTrack.cs: 4b50d47d507c57dc81b82253ec075194 -> 
  custom:scripting/monoscript/fileName/VariableJoystickEditor.cs: fee5e077b31909c4bba3d7329fdefd90 -> 
  custom:scripting/monoscript/fileName/CinemachineSmoothPathEditor.cs: 7555bcba4eb760e012dd21c6730ae562 -> 
  custom:scripting/monoscript/fileName/ScriptableObjectUtility.cs: c529d074f6f57a07e3f410d488963bbc -> 
  custom:scripting/monoscript/fileName/CinemachineBrain.cs: 365b4e0b6319f064062e97b8f8e32c8e -> 
  custom:scripting/monoscript/fileName/GlobalEvents.cs: 67f83bda753ae83eb95a23f3cd97c01c -> 
  custom:scripting/monoscript/fileName/CinemachineImpulseDefinitionPropertyDrawer.cs: 1b2fc77b0a80a7e0e9045e0d44fb761c -> 
  custom:scripting/monoscript/fileName/CinemachineColliderPrefs.cs: 47106451d4685409820905badf49b71f -> 
  custom:scripting/monoscript/fileName/CinemachineFollowZoom.cs: eb74e2e98d3dc4647324e113f34710ca -> 
  custom:scripting/monoscript/fileName/CinemachineDebug.cs: 3077ed3b64725184c652d4c07ac732fd -> 
  custom:scripting/monoscript/fileName/CinemachineLensPresets.cs: 014747fb0ab87178c677520d0bf20bf7 -> 
  custom:video-decoder-ogg-theora: a1e56fd34408186e4bbccfd4996cb3dc -> 
  custom:scripting/monoscript/fileName/CinemachineOrbitalTransposer.cs: 71c52878ba6d43827473a480056a99da -> 
  custom:scripting/monoscript/fileName/CinemachineCameraOffset.cs: a6887f67d3eb83cc6393b822d4e65121 -> 
  custom:scripting/monoscript/fileName/ICinemachineCamera.cs: 2faad4f04eaf5d98c2870adbfb06184e -> 
  custom:scripting/monoscript/fileName/CinemachinePathBase.cs: debb99764287c54cae06313e2d6a1fe1 -> 
  custom:scripting/monoscript/fileName/CinemachineImpulseSource.cs: ac073b8453e26c5dd422d5f1a90a7ff2 -> 
  custom:scripting/monoscript/fileName/CinemachineShotPlayable.cs: e346ad1ecb4af45da55274cb9abd9ec0 -> 
  custom:scripting/monoscript/fileName/CinemachineTagFieldPropertyDrawer.cs: e78491a12decd558a49d01cc583bfcfb -> 
  custom:framework-win-MediaFoundation: 216162199b28c13a410421893ffa2e32 -> 
  custom:scripting/monoscript/fileName/CinemachineVolumeSettings.cs: 22782cc3dbf8dfd1cb54e8486f29fe0d -> 
  custom:scripting/monoscript/fileName/CinemachineImpulseEnvelopePropertyDrawer.cs: 07e00c9c84964a5c7e4f3f19e4263ec1 -> 
  custom:scripting/monoscript/fileName/SplineHelpers.cs: 9e5bf4293b3828088291b7871e233a27 -> 
  custom:scripting/monoscript/fileName/CinemachineImpulseSourceEditor.cs: 0ef7804c69c18838aa65e6d5bae5b055 -> 
  custom:scripting/monoscript/fileName/CinemachineExternalCameraEditor.cs: d74df442250b898c9b40669a19100e9d -> 
  custom:scripting/monoscript/fileName/DynamicJoystickEditor.cs: f92673ca2cd03c2f140cf81ccfee7ccb -> 
  custom:scripting/monoscript/fileName/CinemachineSameAsFollowTargetEditor.cs: 6def40fc1e39b3242347b6630fb5127e -> 
  custom:scripting/monoscript/fileName/CinemachineTargetGroupEditor.cs: f70ac85df8c1c9bd0b83a35534bafd1f -> 
  custom:scripting/monoscript/fileName/CinemachineRecomposer.cs: 07354cca81f7d0775b027b5906330569 -> 
  custom:scripting/monoscript/fileName/CinemachineTransposer.cs: aa226dd144b3a977b86ea888b85df5fa -> 
  custom:scripting/monoscript/fileName/CinemachineBlendListCameraEditor.cs: dbc12d2a9f3e2999a067290c411b2aca -> 
  custom:scripting/monoscript/fileName/TargetPositionCache.cs: 49ce97e6930a536b43825141e0c2d3a4 -> 
  custom:scripting/monoscript/fileName/CinemachineShot.cs: 3d4d9d05534db20e82d871d98ea52716 -> 
  custom:scripting/monoscript/fileName/UnityVectorExtensions.cs: 052777772edecdffe26d41a6a989641e -> 
  custom:scripting/monoscript/fileName/CinemachineBasicMultiChannelPerlinEditor.cs: d6749cd6c482efa27bdd41f60394f1b9 -> 
  custom:scripting/monoscript/fileName/CinemachineImpulseChannels.cs: a9a39cc5ecea1f083db0fce154eec19c -> 
  custom:scripting/monoscript/fileName/CinemachineHardLockToTarget.cs: d349308c5b4f600a345055c394206f52 -> 
  custom:scripting/monoscript/fileName/CinemachineConfiner2D.cs: beb10be0db8ff9d3a94bd0a150963b9b -> 
  custom:scripting/monoscript/fileName/LensSettings.cs: 4335e899502c57ee4480b8c9aa915366 -> 
  custom:scripting/monoscript/fileName/CinemachineExternalCamera.cs: d76122377115c288d881064c3f07a3f1 -> 
  custom:scripting/monoscript/fileName/Cinemachine3rdPersonAim.cs: 4bd230d915f070bb3cae23bef6f7ab70 -> 
  custom:scripting/monoscript/fileName/ReflectionHelpers.cs: 60a5d38af3e775d0a421a7ff630d61cc -> 
  custom:scripting/monoscript/fileName/CinemachineVirtualCamera.cs: f16f2dc5bc1261579875c19605c45301 -> 
  custom:scripting/monoscript/fileName/DynamicJoystick.cs: fa6fdbd0de9beec4a70bc764c26bb796 -> 
  custom:scripting/monoscript/fileName/Predictor.cs: d51584936cb5b31b30ee7b444e03385b -> 
  custom:scripting/monoscript/fileName/CinemachineImpulseListener.cs: 6aac146243d38e7a67346170caa40ea1 -> 
  custom:scripting/monoscript/fileName/CinemachineOrbitalTransposerEditor.cs: 5ea2e4bec7ee6c24917bd86647f4bffa -> 
  custom:scripting/monoscript/fileName/CinemachineConfiner2DEditor.cs: 3f4b3d9b17ff5cd560135aa24f822994 -> 
  custom:scripting/monoscript/fileName/RigidbodyVoxelController.cs: d93a52a180fbbe603a59e9aa6da73c83 -> 7ca90fb0e37f14d197d0c5589d1c29f7
  custom:scripting/monoscript/fileName/GroupWeightManipulator.cs: 588749cf3436a8199e762a8e09bc8de7 -> 
  custom:scripting/monoscript/fileName/AxisStatePropertyDrawer.cs: 2d807695a513641e771c78e6c342ff04 -> 
  custom:video-encoder-webm-vp8: eb34c28f22e8b96e1ab97ce403110664 -> 
  custom:scripting/monoscript/fileName/CinemachineScreenComposerGuides.cs: cdc7ea02ccc4c8d1561d98d16760d1ca -> 
  custom:scripting/monoscript/fileName/CinemachinePropertyAttribute.cs: e8158d9725ac3a9129a08e46a4ff7519 -> 
  custom:scripting/monoscript/fileName/CinemachineVirtualCameraEditor.cs: 2e051d0c474634e907fe4123d6e2656e -> 
  custom:scripting/monoscript/fileName/CinemachineMenu.cs: 7b932811d9fa1e44d0d8b2b9ed75adf3 -> 
  custom:scripting/monoscript/fileName/RuntimeUtility.cs: 8c92a9f673836e5d2084dbeb0f10159f -> 
  custom:scripting/monoscript/fileName/CinemachineFreeLook.cs: bebc32b18bc4beddc113bad68624e557 -> 
  custom:scripting/monoscript/fileName/CinemachineSettings.cs: 197f6d5ad32e253546b5afa056a5bba4 -> 
  custom:audio-decoder-ogg-vorbis: bf7c407c2cedff20999df2af8eb42d56 -> 
  custom:scripting/monoscript/fileName/CinemachineGroupComposer.cs: 173a689a80ef321c302f9c045419668f -> 
  custom:scripting/monoscript/fileName/PlayerController.cs: d93a52a180fbbe603a59e9aa6da73c83 -> 
  custom:scripting/monoscript/fileName/CinemachineVirtualCameraBase.cs: c7e60cccdcb14ee2a33da9fd46c1c54f -> 
  custom:scripting/monoscript/fileName/CinemachineFixedSignal.cs: aedcdca7a861da6e456e0ae105b24c41 -> 
  custom:scripting/monoscript/fileName/CinemachineShotClipEditor.cs: 123a48531bf1d1b4f3c8398556caec62 -> 
  custom:scripting/monoscript/fileName/CinemachineNoiseSettingsEditor.cs: 9056e69d9c759ba2504535054fff31c9 -> 
  custom:scripting/monoscript/fileName/CinemachineTouchInputMapper.cs: b9698729a07a7d31c864247e0582b566 -> 
  custom:scripting/monoscript/fileName/CinemachineTriggerAction.cs: cab9c5d02c28af05797c2c3743539bdb -> 
  custom:scripting/monoscript/fileName/InspectorUtility.cs: e13a8546bf784ce9963c508abb88926b -> 
  custom:CustomObjectIndexerAttribute: 9a22284fe3817be447336de3de66b15e -> 
  custom:scripting/monoscript/fileName/CinemachinePOV.cs: e4df06d1994174afa286b103eb06ee7f -> 
  custom:scripting/monoscript/fileName/CinemachineBlenderSettingsEditor.cs: c57aa7de12bc3e7367ca091f4902c67b -> 
  custom:scripting/monoscript/fileName/CinemachineBlend.cs: f33659d50c4d86144d649aa7e8196529 -> 
  custom:scripting/precompiled-assembly-types:Cinemachine: 54c8b091bb91c32bfeada952c9c53e21 -> 
  custom:scripting/monoscript/fileName/CinemachineImpulseDefinition.cs: 3d434086a2bdaf715abf85e79e9f14b4 -> 
  custom:scripting/precompiled-assembly-types:com.unity.cinemachine.editor: e24bde9f61664824443e2ae04112f2bb -> 
  custom:scripting/monoscript/fileName/CinemachineFreeLookEditor.cs: 9641291977c1891a004ac4c4c259e1c8 -> 
  custom:scripting/monoscript/fileName/CinemachineTransposerEditor.cs: 85841a774ddea4fb7232a7a585f716b4 -> 
  custom:scripting/monoscript/fileName/FloatingJoystickEditor.cs: 20a94efd412f2009d4e6722fe16a3051 -> 
  custom:scripting/monoscript/fileName/clipper.cs: 2a50e35a835148907b3c1fa8e187ab2b -> 
  custom:scripting/monoscript/fileName/NoiseSettings.cs: 443d576e0c72ab62870476103c9384ec -> 
  custom:scripting/monoscript/fileName/VariableJoystick.cs: 6a21e483212ef280c767be5522709419 -> 
  custom:scripting/monoscript/fileName/GaussianFilter.cs: 0a3672ebe80edf7c5daca82445c15683 -> 
  custom:scripting/monoscript/fileName/CinemachineSceneTools.cs: d63880a6073ab3335301b115db235b5b -> 
  custom:scripting/monoscript/fileName/Cinemachine3rdPersonFollowEditor.cs: f79aa162534f81c680877e6274b5d6ec -> 
  custom:scripting/monoscript/fileName/EmbeddedAssetPropertyDrawer.cs: fd7ebc18093de04c88d0cfc86fb060f5 -> 
  custom:scripting/monoscript/fileName/FixedJoystick.cs: ceaced0056a716bd82a85e0f3d488361 -> 
  custom:container-demuxer-webm: 4f35f7cbe854078d1ac9338744f61a02 -> 
  custom:scripting/monoscript/fileName/CinemachineTriggerActionEditor.cs: 2309a2ec6192ace4cae8bab5a535978e -> 
  custom:scripting/monoscript/fileName/ConfinerOven.cs: ff23c03e90b61beb34474fc6e4ff668c -> 
  custom:scripting/monoscript/fileName/VcamTargetPropertyDrawer.cs: 9208050b1312b118a226fef2d63e8fa1 -> 
  custom:scripting/monoscript/fileName/CinemachineCollisionImpulseSource.cs: 9aae5e368cb7786be199f98f2122f96d -> 
  custom:scripting/monoscript/fileName/CinemachineClearShotEditor.cs: ca8875b47e775cd361c78158d7923690 -> 
  custom:scripting/monoscript/fileName/WaveformWindow.cs: 01bbc4fc017d41a2bab7fb57c988e8da -> 
  custom:scripting/monoscript/fileName/CinemachinePipeline.cs: 6ca7a5979a0a73ea1d450a8fc9b437ef -> 
  custom:scripting/monoscript/fileName/CinemachineEditorAnalytics.cs: de76cc292d7ecedcf47af6616498c9f9 -> 
  custom:scripting/monoscript/fileName/Joystick.cs: c13c665079b3ba178e3a8ef05c62070b -> 
  custom:scripting/monoscript/fileName/NoiseSettingsPropertyDrawer.cs: 8d3f69ba7eeec63914970bd3136b6ace -> 
  custom:scripting/monoscript/fileName/VcamStageEditor.cs: 84b0eaf932b448975a99972628e556d8 -> 
  custom:scripting/monoscript/fileName/CinemachineBrainEditor.cs: 49621d8b7679c0b5d128fef53d55becd -> 
  custom:scripting/monoscript/fileName/CinemachineFramingTransposerEditor.cs: 1653e1c00b2ca68b1d40f01e5bfb8445 -> 
  custom:scripting/monoscript/fileName/CinemachineShotEditor.cs: 2ba28b209a4ad7f0a791994d2360a9af -> 
  custom:scripting/monoscript/fileName/CinemachineStateDrivenCameraEditor.cs: 77d9f0a97385f936d9b4ffaa686bce39 -> 
  custom:scripting/monoscript/fileName/OrbitalTransposerHeadingPropertyDrawer.cs: 22496b76ce84f35f630c90badc4babd8 -> 
  custom:scripting/monoscript/fileName/CinemachineHardLockToTargetEditor.cs: c65eaafd47115974a2a9379aae467b0e -> 
  custom:scripting/monoscript/fileName/CinemachinePathEditor.cs: ce10985fbf0e018e2dea63fedae131ba -> 
  custom:scripting/monoscript/fileName/CinemachineCollider.cs: 8fa92f525b1c31cd81812685d7f8c288 -> 
  custom:audio-encoder-webm-vorbis: bf7c407c2cedff20999df2af8eb42d56 -> 
  custom:scripting/monoscript/fileName/CameraState.cs: 6ae7088fa20820e052d1e4d86059e90b -> 
  custom:scripting/monoscript/fileName/CinemachineToolbarOverlay.cs: 371b6fc494252d6fda34e207e170cb66 -> 
  custom:scripting/precompiled-assembly-types:Assembly-CSharp-Editor: f7c7739fc303cafe5879da7512dd0656 -> 
  custom:scripting/monoscript/fileName/CinemachineCollisionImpulseSourceEditor.cs: 29f9a522ec6b23375849ba08fd597c8d -> 
  custom:scripting/monoscript/fileName/JumpButton.cs: 82e6d242617ad477f32ce19b2a5161b4 -> 
  custom:scripting/monoscript/fileName/CinemachineIndependentImpulseListener.cs: 91ae8748b9c36955c333e57505ff90fb -> 
  custom:scripting/monoscript/fileName/CinemachineMixingCameraEditor.cs: 1c122a21d710512fec62cdc7bd351681 -> 
  custom:scripting/monoscript/fileName/CinemachinePostProcessing.cs: bf9b100a1b61fd5383288bc96487c194 -> 
  custom:scripting/monoscript/fileName/CinemachineInputProvider.cs: ecb845de690695f08b3b3bb647cc7006 -> 
  custom:scripting/monoscript/fileName/CinemachineColliderEditor.cs: 859d1abbd669ee84cb713f6d4d0e1c5f -> 
  custom:scripting/monoscript/fileName/CinemachineSameAsFollowTarget.cs: bcfa2d394e1e5460b4ef3dc039214a16 -> 
  custom:scripting/monoscript/fileName/CinemachineExtension.cs: 6968db4afcdc301f6acb1ef4fbadb2f4 -> 
  custom:scripting/monoscript/fileName/CinemachineTargetGroup.cs: 10a09aa736b3a25da6dd9fc3c4dd9d36 -> 
  custom:scripting/monoscript/fileName/CinemachineVirtualCameraBaseEditor.cs: 13ee4931cd85df4b22852d0547b5e690 -> 
  custom:scripting/monoscript/fileName/UpdateTracker.cs: 3dac8a24a32a32e4bbfeb38ed26ef250 -> 
  custom:scripting/monoscript/fileName/CinemachineComposerEditor.cs: dda533b9c6cb2b366292f584704bd904 -> 
  custom:scripting/monoscript/fileName/FloatingJoystick.cs: 516035e2342d093d90fb2bd11ff41e68 -> 
  custom:scripting/monoscript/fileName/Cinemachine3rdPersonFollow.cs: 4600bac2bdf6b37d80e86f9aa5a413c3 -> 
  custom:scripting/monoscript/fileName/EmbeddedAssetHelpers.cs: 90647cc400823b41df847a6cbfc29026 -> 
  custom:scripting/precompiled-assembly-types:Assembly-CSharp: 0bd804ddcaeb38d50b6b8e4f12899232 -> 98724c9a75c5cf593f713ad668a0273b
  custom:scripting/monoscript/fileName/CinemachineBlendListCamera.cs: 66104ac24fef171d9f5d5b93a8cb2f83 -> 
  custom:scripting/monoscript/fileName/CinemachineComponentBase.cs: 5293f153c13e9bd2fc262ec31ff69206 -> 
  custom:scripting/monoscript/fileName/BaseEditor.cs: 90647cc400823b41df847a6cbfc29026 -> 
  custom:container-muxer-webm: aa71ff27fc2769a1b78a27578f13a17b -> 
  custom:scripting/monoscript/fileName/SaveDuringPlay.cs: de39f1962b337699845d3d8a2e8f5bde -> 
========================================================================
Received Prepare
Caller must complete domain reload
Begin MonoManager ReloadAssembly
- Loaded All Assemblies, in  1.084 seconds
Native extension for WindowsStandalone target not found
Native extension for Android target not found
Native extension for WebGL target not found
[Package Manager] Server::EnsureServerProcessIsRunning -- launch failed, reason: Unity was launched with the -noUpm command-line argument
[Package Manager] UpmClient::Send -- Unable to send message (not connected to UPM process).
[Package Manager] Cannot connect to Unity Package Manager local server
Mono: successfully reloaded assembly
- Finished resetting the current domain, in  2.118 seconds
Domain Reload Profiling: 3192ms
	BeginReloadAssembly (355ms)
		ExecutionOrderSort (0ms)
		DisableScriptedObjects (16ms)
		BackupInstance (0ms)
		ReleaseScriptingObjects (0ms)
		CreateAndSetChildDomain (55ms)
	RebuildCommonClasses (102ms)
	RebuildNativeTypeToScriptingClass (31ms)
	initialDomainReloadingComplete (102ms)
	LoadAllAssembliesAndSetupDomain (483ms)
		LoadAssemblies (668ms)
		RebuildTransferFunctionScriptingTraits (0ms)
		AnalyzeDomain (44ms)
			TypeCache.Refresh (16ms)
				TypeCache.ScanAssembly (2ms)
			ScanForSourceGeneratedMonoScriptInfo (17ms)
			ResolveRequiredComponents (9ms)
	FinalizeReload (2119ms)
		ReleaseScriptCaches (0ms)
		RebuildScriptCaches (0ms)
		SetupLoadedEditorAssemblies (1028ms)
			LogAssemblyErrors (0ms)
			InitializePlatformSupportModulesInManaged (44ms)
			SetLoadedEditorAssemblies (9ms)
			RefreshPlugins (0ms)
			BeforeProcessingInitializeOnLoad (111ms)
			ProcessInitializeOnLoadAttributes (801ms)
			ProcessInitializeOnLoadMethodAttributes (43ms)
			AfterProcessingInitializeOnLoad (19ms)
			EditorAssembliesLoaded (0ms)
		ExecutionOrderSort2 (0ms)
		AwakeInstancesAfterBackupRestoration (18ms)
Refreshing native plugins compatible for Editor in 4.96 ms, found 2 plugins.
Preloading 0 native plugins for Editor in 0.00 ms.
Unloading 1593 Unused Serialized files (Serialized files now loaded: 0)
Unloading 11 unused Assets / (123.8 KB). Loaded Objects now: 2354.
Memory consumption went from 90.3 MB to 90.2 MB.
Total: 6.885900 ms (FindLiveObjects: 0.231300 ms CreateObjectMapping: 0.089500 ms MarkObjects: 6.392900 ms  DeleteObjects: 0.170300 ms)

Prepare: number of updated asset objects reloaded= 0
AssetImportParameters requested are different than current active one (requested -> active):
  custom:scripting/monoscript/fileName/CinemachineGroupComposerEditor.cs: 54a07f36704e77a685a5e7e8c8b2c216 -> 
  custom:scripting/monoscript/fileName/JoystickEditor.cs: 406670d2fe263f5d7c582f8389f2b844 -> 
  custom:video-decoder-webm-vp8: 9c59270c3fd7afecdb556c50c9e8de78 -> 
  custom:scripting/monoscript/fileName/CinemachineConfinerEditor.cs: cc6c898a3390647ab91613c8a96de4b4 -> 
  custom:scripting/monoscript/fileName/CinemachineHardLookAt.cs: 792580aec23d39bcecd7ceea4c27a0ce -> 
  custom:scripting/monoscript/fileName/CinemachineInputAxisDriver.cs: 7e424e54660fed310c58dc98ea41042e -> 
  custom:scripting/monoscript/fileName/CinemachineStoryboardEditor.cs: 2e7ec8bfb72013eaaff4873a27da019c -> 
  custom:scripting/monoscript/fileName/CinemachineBasicMultiChannelPerlin.cs: bd5416e75860cd63657371207eb79058 -> 
  custom:scripting/monoscript/fileName/CinemachineBlendDefinitionPropertyDrawer.cs: 7ae344d19d646b738f3c65294becf216 -> 
  custom:scripting/monoscript/fileName/CinemachineTrackedDollyEditor.cs: b4d6784c58752cea58aafd9a76ca4459 -> 
  custom:scripting/monoscript/fileName/CinemachineImpulseManager.cs: c34be3577a810e26fd0110c580799b88 -> 
  custom:scripting/monoscript/fileName/CinemachineSmoothPath.cs: c28db2688f35d70587b5f943431a010a -> 
  custom:SearchIndexIgnoredProperties: e643bd26f0fe6173181afceb89e7c659 -> 
  custom:scripting/monoscript/fileName/CinemachineStateDrivenCamera.cs: aea2468a7384be4ba6d1b043ccec135d -> 
  custom:container-demuxer-ogg: 62fdf1f143b41e24485cea50d1cbac27 -> 
  custom:scripting/monoscript/fileName/CinemachineBlenderSettings.cs: 9adcb80668a56be4cd8e31c1d3dc60ae -> 
  custom:AudioImporter_EditorPlatform: d09bf68614088b80899f8185d706f6e7 -> 
  custom:scripting/monoscript/fileName/SignalSourceAsset.cs: f7ffd463dece56bad278f5a8d3ed7fc6 -> 
  custom:scripting/monoscript/fileName/CinemachineMixingCamera.cs: 739c5ceb76c01023f431794ec46a0177 -> 
  custom:scripting/monoscript/fileName/CinemachineCore.cs: fe6c3be993819098833de1628bfd76b2 -> 
  custom:scripting/monoscript/fileName/CinemachinePath.cs: b443d3c8837a65ddc3c78741cd58ec71 -> 
  custom:scripting/monoscript/fileName/CinemachineImpulseChannelPropertyDrawer.cs: 4b6390a17916751618e2a45cb8d47a80 -> 
  custom:scripting/monoscript/fileName/JoystickPlayerExample.cs: 2ec96b3abad264f4393a91b76b487cb7 -> 
  custom:scripting/monoscript/fileName/SerializedPropertyHelper.cs: b04ac165255e34bc2935ca9bf180e209 -> 
  custom:scripting/monoscript/fileName/CinemachineFramingTransposer.cs: 7943c9d436748359882d8f978cf86c91 -> 
  custom:scripting/monoscript/fileName/CinemachineImpulseListenerEditor.cs: d5d28e418f87c111bce1c1b98f1f70ba -> 
  custom:scripting/monoscript/fileName/AxisState.cs: 1a494a66d8b9a58f4a6873f89bf5b094 -> 
  custom:scripting/monoscript/fileName/CinemachineDollyCart.cs: bbe9d07f4a2f7ee5ab002e66cb05f922 -> 
  custom:scripting/monoscript/fileName/CinemachineStoryboard.cs: 59a2099f76be9b47af1e12ed7d40f553 -> 
  custom:scripting/monoscript/fileName/CinemachineClearShot.cs: 1da15f5c7903497ce3ae982ee4ee4779 -> 
  custom:scripting/monoscript/fileName/CinemachinePOVEditor.cs: 71db5a9242a182995b4ca15db516f628 -> 
  custom:scripting/monoscript/fileName/JoystickSetterExample.cs: 9ef810522df7cdd512f52a98ae7a04f9 -> 
  custom:scripting/monoscript/fileName/CinemachineMixer.cs: 2e36eb9e732dd7c8a32e8f83daebd6f4 -> 
  custom:scripting/monoscript/fileName/CinemachinePixelPerfect.cs: 2f42bea4517739481ed2553d1616050e -> 
  custom:scripting/monoscript/fileName/CinemachineTrackedDolly.cs: f6a9c21b27ad86d45f62f6b444ccbb49 -> 
  custom:scripting/monoscript/fileName/CinemachineHardLookAtEditor.cs: 15b8f2af6a6d786898ce5dd6b0db26dc -> 
  custom:scripting/monoscript/fileName/CinemachineConfiner.cs: 3813336c17662a5cb6b59ce5f1954254 -> 
  custom:scripting/monoscript/fileName/CinemachineComposer.cs: e399dfd36807c341da7cd182ce299d1e -> 
  custom:scripting/monoscript/fileName/CinemachineTrack.cs: 4b50d47d507c57dc81b82253ec075194 -> 
  custom:scripting/monoscript/fileName/VariableJoystickEditor.cs: fee5e077b31909c4bba3d7329fdefd90 -> 
  custom:scripting/monoscript/fileName/CinemachineSmoothPathEditor.cs: 7555bcba4eb760e012dd21c6730ae562 -> 
  custom:scripting/monoscript/fileName/ScriptableObjectUtility.cs: c529d074f6f57a07e3f410d488963bbc -> 
  custom:scripting/monoscript/fileName/CinemachineBrain.cs: 365b4e0b6319f064062e97b8f8e32c8e -> 
  custom:scripting/monoscript/fileName/GlobalEvents.cs: 67f83bda753ae83eb95a23f3cd97c01c -> 
  custom:scripting/monoscript/fileName/CinemachineImpulseDefinitionPropertyDrawer.cs: 1b2fc77b0a80a7e0e9045e0d44fb761c -> 
  custom:scripting/monoscript/fileName/CinemachineColliderPrefs.cs: 47106451d4685409820905badf49b71f -> 
  custom:scripting/monoscript/fileName/CinemachineFollowZoom.cs: eb74e2e98d3dc4647324e113f34710ca -> 
  custom:scripting/monoscript/fileName/CinemachineDebug.cs: 3077ed3b64725184c652d4c07ac732fd -> 
  custom:scripting/monoscript/fileName/CinemachineLensPresets.cs: 014747fb0ab87178c677520d0bf20bf7 -> 
  custom:video-decoder-ogg-theora: a1e56fd34408186e4bbccfd4996cb3dc -> 
  custom:scripting/monoscript/fileName/CinemachineOrbitalTransposer.cs: 71c52878ba6d43827473a480056a99da -> 
  custom:scripting/monoscript/fileName/CinemachineCameraOffset.cs: a6887f67d3eb83cc6393b822d4e65121 -> 
  custom:scripting/monoscript/fileName/ICinemachineCamera.cs: 2faad4f04eaf5d98c2870adbfb06184e -> 
  custom:scripting/monoscript/fileName/CinemachinePathBase.cs: debb99764287c54cae06313e2d6a1fe1 -> 
  custom:scripting/monoscript/fileName/CinemachineImpulseSource.cs: ac073b8453e26c5dd422d5f1a90a7ff2 -> 
  custom:scripting/monoscript/fileName/CinemachineShotPlayable.cs: e346ad1ecb4af45da55274cb9abd9ec0 -> 
  custom:scripting/monoscript/fileName/CinemachineTagFieldPropertyDrawer.cs: e78491a12decd558a49d01cc583bfcfb -> 
  custom:framework-win-MediaFoundation: 216162199b28c13a410421893ffa2e32 -> 
  custom:scripting/monoscript/fileName/CinemachineVolumeSettings.cs: 22782cc3dbf8dfd1cb54e8486f29fe0d -> 
  custom:scripting/monoscript/fileName/CinemachineImpulseEnvelopePropertyDrawer.cs: 07e00c9c84964a5c7e4f3f19e4263ec1 -> 
  custom:scripting/monoscript/fileName/SplineHelpers.cs: 9e5bf4293b3828088291b7871e233a27 -> 
  custom:scripting/monoscript/fileName/CinemachineImpulseSourceEditor.cs: 0ef7804c69c18838aa65e6d5bae5b055 -> 
  custom:scripting/monoscript/fileName/CinemachineExternalCameraEditor.cs: d74df442250b898c9b40669a19100e9d -> 
  custom:scripting/monoscript/fileName/DynamicJoystickEditor.cs: f92673ca2cd03c2f140cf81ccfee7ccb -> 
  custom:scripting/monoscript/fileName/CinemachineSameAsFollowTargetEditor.cs: 6def40fc1e39b3242347b6630fb5127e -> 
  custom:scripting/monoscript/fileName/CinemachineTargetGroupEditor.cs: f70ac85df8c1c9bd0b83a35534bafd1f -> 
  custom:scripting/monoscript/fileName/CinemachineRecomposer.cs: 07354cca81f7d0775b027b5906330569 -> 
  custom:scripting/monoscript/fileName/CinemachineTransposer.cs: aa226dd144b3a977b86ea888b85df5fa -> 
  custom:scripting/monoscript/fileName/CinemachineBlendListCameraEditor.cs: dbc12d2a9f3e2999a067290c411b2aca -> 
  custom:scripting/monoscript/fileName/TargetPositionCache.cs: 49ce97e6930a536b43825141e0c2d3a4 -> 
  custom:scripting/monoscript/fileName/CinemachineShot.cs: 3d4d9d05534db20e82d871d98ea52716 -> 
  custom:scripting/monoscript/fileName/UnityVectorExtensions.cs: 052777772edecdffe26d41a6a989641e -> 
  custom:scripting/monoscript/fileName/CinemachineBasicMultiChannelPerlinEditor.cs: d6749cd6c482efa27bdd41f60394f1b9 -> 
  custom:scripting/monoscript/fileName/CinemachineImpulseChannels.cs: a9a39cc5ecea1f083db0fce154eec19c -> 
  custom:scripting/monoscript/fileName/CinemachineHardLockToTarget.cs: d349308c5b4f600a345055c394206f52 -> 
  custom:scripting/monoscript/fileName/CinemachineConfiner2D.cs: beb10be0db8ff9d3a94bd0a150963b9b -> 
  custom:scripting/monoscript/fileName/LensSettings.cs: 4335e899502c57ee4480b8c9aa915366 -> 
  custom:scripting/monoscript/fileName/CinemachineExternalCamera.cs: d76122377115c288d881064c3f07a3f1 -> 
  custom:scripting/monoscript/fileName/Cinemachine3rdPersonAim.cs: 4bd230d915f070bb3cae23bef6f7ab70 -> 
  custom:scripting/monoscript/fileName/ReflectionHelpers.cs: 60a5d38af3e775d0a421a7ff630d61cc -> 
  custom:scripting/monoscript/fileName/CinemachineVirtualCamera.cs: f16f2dc5bc1261579875c19605c45301 -> 
  custom:scripting/monoscript/fileName/DynamicJoystick.cs: fa6fdbd0de9beec4a70bc764c26bb796 -> 
  custom:scripting/monoscript/fileName/Predictor.cs: d51584936cb5b31b30ee7b444e03385b -> 
  custom:scripting/monoscript/fileName/CinemachineImpulseListener.cs: 6aac146243d38e7a67346170caa40ea1 -> 
  custom:scripting/monoscript/fileName/CinemachineOrbitalTransposerEditor.cs: 5ea2e4bec7ee6c24917bd86647f4bffa -> 
  custom:scripting/monoscript/fileName/CinemachineConfiner2DEditor.cs: 3f4b3d9b17ff5cd560135aa24f822994 -> 
  custom:scripting/monoscript/fileName/RigidbodyVoxelController.cs: d93a52a180fbbe603a59e9aa6da73c83 -> 7ca90fb0e37f14d197d0c5589d1c29f7
  custom:scripting/monoscript/fileName/GroupWeightManipulator.cs: 588749cf3436a8199e762a8e09bc8de7 -> 
  custom:scripting/monoscript/fileName/AxisStatePropertyDrawer.cs: 2d807695a513641e771c78e6c342ff04 -> 
  custom:video-encoder-webm-vp8: eb34c28f22e8b96e1ab97ce403110664 -> 
  custom:scripting/monoscript/fileName/CinemachineScreenComposerGuides.cs: cdc7ea02ccc4c8d1561d98d16760d1ca -> 
  custom:scripting/monoscript/fileName/CinemachinePropertyAttribute.cs: e8158d9725ac3a9129a08e46a4ff7519 -> 
  custom:scripting/monoscript/fileName/CinemachineVirtualCameraEditor.cs: 2e051d0c474634e907fe4123d6e2656e -> 
  custom:scripting/monoscript/fileName/CinemachineMenu.cs: 7b932811d9fa1e44d0d8b2b9ed75adf3 -> 
  custom:scripting/monoscript/fileName/RuntimeUtility.cs: 8c92a9f673836e5d2084dbeb0f10159f -> 
  custom:scripting/monoscript/fileName/CinemachineFreeLook.cs: bebc32b18bc4beddc113bad68624e557 -> 
  custom:scripting/monoscript/fileName/CinemachineSettings.cs: 197f6d5ad32e253546b5afa056a5bba4 -> 
  custom:audio-decoder-ogg-vorbis: bf7c407c2cedff20999df2af8eb42d56 -> 
  custom:scripting/monoscript/fileName/CinemachineGroupComposer.cs: 173a689a80ef321c302f9c045419668f -> 
  custom:scripting/monoscript/fileName/PlayerController.cs: d93a52a180fbbe603a59e9aa6da73c83 -> 
  custom:scripting/monoscript/fileName/CinemachineVirtualCameraBase.cs: c7e60cccdcb14ee2a33da9fd46c1c54f -> 
  custom:scripting/monoscript/fileName/CinemachineFixedSignal.cs: aedcdca7a861da6e456e0ae105b24c41 -> 
  custom:scripting/monoscript/fileName/CinemachineShotClipEditor.cs: 123a48531bf1d1b4f3c8398556caec62 -> 
  custom:scripting/monoscript/fileName/CinemachineNoiseSettingsEditor.cs: 9056e69d9c759ba2504535054fff31c9 -> 
  custom:scripting/monoscript/fileName/CinemachineTouchInputMapper.cs: b9698729a07a7d31c864247e0582b566 -> 
  custom:scripting/monoscript/fileName/CinemachineTriggerAction.cs: cab9c5d02c28af05797c2c3743539bdb -> 
  custom:scripting/monoscript/fileName/InspectorUtility.cs: e13a8546bf784ce9963c508abb88926b -> 
  custom:CustomObjectIndexerAttribute: 9a22284fe3817be447336de3de66b15e -> 
  custom:scripting/monoscript/fileName/CinemachinePOV.cs: e4df06d1994174afa286b103eb06ee7f -> 
  custom:scripting/monoscript/fileName/CinemachineBlenderSettingsEditor.cs: c57aa7de12bc3e7367ca091f4902c67b -> 
  custom:scripting/monoscript/fileName/CinemachineBlend.cs: f33659d50c4d86144d649aa7e8196529 -> 
  custom:scripting/precompiled-assembly-types:Cinemachine: 54c8b091bb91c32bfeada952c9c53e21 -> 
  custom:scripting/monoscript/fileName/CinemachineImpulseDefinition.cs: 3d434086a2bdaf715abf85e79e9f14b4 -> 
  custom:scripting/precompiled-assembly-types:com.unity.cinemachine.editor: e24bde9f61664824443e2ae04112f2bb -> 
  custom:scripting/monoscript/fileName/CinemachineFreeLookEditor.cs: 9641291977c1891a004ac4c4c259e1c8 -> 
  custom:scripting/monoscript/fileName/CinemachineTransposerEditor.cs: 85841a774ddea4fb7232a7a585f716b4 -> 
  custom:scripting/monoscript/fileName/FloatingJoystickEditor.cs: 20a94efd412f2009d4e6722fe16a3051 -> 
  custom:scripting/monoscript/fileName/clipper.cs: 2a50e35a835148907b3c1fa8e187ab2b -> 
  custom:scripting/monoscript/fileName/NoiseSettings.cs: 443d576e0c72ab62870476103c9384ec -> 
  custom:scripting/monoscript/fileName/VariableJoystick.cs: 6a21e483212ef280c767be5522709419 -> 
  custom:scripting/monoscript/fileName/GaussianFilter.cs: 0a3672ebe80edf7c5daca82445c15683 -> 
  custom:scripting/monoscript/fileName/CinemachineSceneTools.cs: d63880a6073ab3335301b115db235b5b -> 
  custom:scripting/monoscript/fileName/Cinemachine3rdPersonFollowEditor.cs: f79aa162534f81c680877e6274b5d6ec -> 
  custom:scripting/monoscript/fileName/EmbeddedAssetPropertyDrawer.cs: fd7ebc18093de04c88d0cfc86fb060f5 -> 
  custom:scripting/monoscript/fileName/FixedJoystick.cs: ceaced0056a716bd82a85e0f3d488361 -> 
  custom:container-demuxer-webm: 4f35f7cbe854078d1ac9338744f61a02 -> 
  custom:scripting/monoscript/fileName/CinemachineTriggerActionEditor.cs: 2309a2ec6192ace4cae8bab5a535978e -> 
  custom:scripting/monoscript/fileName/ConfinerOven.cs: ff23c03e90b61beb34474fc6e4ff668c -> 
  custom:scripting/monoscript/fileName/VcamTargetPropertyDrawer.cs: 9208050b1312b118a226fef2d63e8fa1 -> 
  custom:scripting/monoscript/fileName/CinemachineCollisionImpulseSource.cs: 9aae5e368cb7786be199f98f2122f96d -> 
  custom:scripting/monoscript/fileName/CinemachineClearShotEditor.cs: ca8875b47e775cd361c78158d7923690 -> 
  custom:scripting/monoscript/fileName/WaveformWindow.cs: 01bbc4fc017d41a2bab7fb57c988e8da -> 
  custom:scripting/monoscript/fileName/CinemachinePipeline.cs: 6ca7a5979a0a73ea1d450a8fc9b437ef -> 
  custom:scripting/monoscript/fileName/CinemachineEditorAnalytics.cs: de76cc292d7ecedcf47af6616498c9f9 -> 
  custom:scripting/monoscript/fileName/Joystick.cs: c13c665079b3ba178e3a8ef05c62070b -> 
  custom:scripting/monoscript/fileName/NoiseSettingsPropertyDrawer.cs: 8d3f69ba7eeec63914970bd3136b6ace -> 
  custom:scripting/monoscript/fileName/VcamStageEditor.cs: 84b0eaf932b448975a99972628e556d8 -> 
  custom:scripting/monoscript/fileName/CinemachineBrainEditor.cs: 49621d8b7679c0b5d128fef53d55becd -> 
  custom:scripting/monoscript/fileName/CinemachineFramingTransposerEditor.cs: 1653e1c00b2ca68b1d40f01e5bfb8445 -> 
  custom:scripting/monoscript/fileName/CinemachineShotEditor.cs: 2ba28b209a4ad7f0a791994d2360a9af -> 
  custom:scripting/monoscript/fileName/CinemachineStateDrivenCameraEditor.cs: 77d9f0a97385f936d9b4ffaa686bce39 -> 
  custom:scripting/monoscript/fileName/OrbitalTransposerHeadingPropertyDrawer.cs: 22496b76ce84f35f630c90badc4babd8 -> 
  custom:scripting/monoscript/fileName/CinemachineHardLockToTargetEditor.cs: c65eaafd47115974a2a9379aae467b0e -> 
  custom:scripting/monoscript/fileName/CinemachinePathEditor.cs: ce10985fbf0e018e2dea63fedae131ba -> 
  custom:scripting/monoscript/fileName/CinemachineCollider.cs: 8fa92f525b1c31cd81812685d7f8c288 -> 
  custom:audio-encoder-webm-vorbis: bf7c407c2cedff20999df2af8eb42d56 -> 
  custom:scripting/monoscript/fileName/CameraState.cs: 6ae7088fa20820e052d1e4d86059e90b -> 
  custom:scripting/monoscript/fileName/CinemachineToolbarOverlay.cs: 371b6fc494252d6fda34e207e170cb66 -> 
  custom:scripting/precompiled-assembly-types:Assembly-CSharp-Editor: f7c7739fc303cafe5879da7512dd0656 -> 
  custom:scripting/monoscript/fileName/CinemachineCollisionImpulseSourceEditor.cs: 29f9a522ec6b23375849ba08fd597c8d -> 
  custom:scripting/monoscript/fileName/JumpButton.cs: 82e6d242617ad477f32ce19b2a5161b4 -> 
  custom:scripting/monoscript/fileName/CinemachineIndependentImpulseListener.cs: 91ae8748b9c36955c333e57505ff90fb -> 
  custom:scripting/monoscript/fileName/CinemachineMixingCameraEditor.cs: 1c122a21d710512fec62cdc7bd351681 -> 
  custom:scripting/monoscript/fileName/CinemachinePostProcessing.cs: bf9b100a1b61fd5383288bc96487c194 -> 
  custom:scripting/monoscript/fileName/CinemachineInputProvider.cs: ecb845de690695f08b3b3bb647cc7006 -> 
  custom:scripting/monoscript/fileName/CinemachineColliderEditor.cs: 859d1abbd669ee84cb713f6d4d0e1c5f -> 
  custom:scripting/monoscript/fileName/CinemachineSameAsFollowTarget.cs: bcfa2d394e1e5460b4ef3dc039214a16 -> 
  custom:scripting/monoscript/fileName/CinemachineExtension.cs: 6968db4afcdc301f6acb1ef4fbadb2f4 -> 
  custom:scripting/monoscript/fileName/CinemachineTargetGroup.cs: 10a09aa736b3a25da6dd9fc3c4dd9d36 -> 
  custom:scripting/monoscript/fileName/CinemachineVirtualCameraBaseEditor.cs: 13ee4931cd85df4b22852d0547b5e690 -> 
  custom:scripting/monoscript/fileName/UpdateTracker.cs: 3dac8a24a32a32e4bbfeb38ed26ef250 -> 
  custom:scripting/monoscript/fileName/CinemachineComposerEditor.cs: dda533b9c6cb2b366292f584704bd904 -> 
  custom:scripting/monoscript/fileName/FloatingJoystick.cs: 516035e2342d093d90fb2bd11ff41e68 -> 
  custom:scripting/monoscript/fileName/Cinemachine3rdPersonFollow.cs: 4600bac2bdf6b37d80e86f9aa5a413c3 -> 
  custom:scripting/monoscript/fileName/EmbeddedAssetHelpers.cs: 90647cc400823b41df847a6cbfc29026 -> 
  custom:scripting/precompiled-assembly-types:Assembly-CSharp: 0bd804ddcaeb38d50b6b8e4f12899232 -> 98724c9a75c5cf593f713ad668a0273b
  custom:scripting/monoscript/fileName/CinemachineBlendListCamera.cs: 66104ac24fef171d9f5d5b93a8cb2f83 -> 
  custom:scripting/monoscript/fileName/CinemachineComponentBase.cs: 5293f153c13e9bd2fc262ec31ff69206 -> 
  custom:scripting/monoscript/fileName/BaseEditor.cs: 90647cc400823b41df847a6cbfc29026 -> 
  custom:container-muxer-webm: aa71ff27fc2769a1b78a27578f13a17b -> 
  custom:scripting/monoscript/fileName/SaveDuringPlay.cs: de39f1962b337699845d3d8a2e8f5bde -> 
========================================================================
Received Prepare
Caller must complete domain reload
Begin MonoManager ReloadAssembly
- Loaded All Assemblies, in  1.732 seconds
Native extension for WindowsStandalone target not found
Native extension for Android target not found
Native extension for WebGL target not found
[Package Manager] Server::EnsureServerProcessIsRunning -- launch failed, reason: Unity was launched with the -noUpm command-line argument
[Package Manager] UpmClient::Send -- Unable to send message (not connected to UPM process).
[Package Manager] Cannot connect to Unity Package Manager local server
Mono: successfully reloaded assembly
- Finished resetting the current domain, in  4.129 seconds
Domain Reload Profiling: 5851ms
	BeginReloadAssembly (657ms)
		ExecutionOrderSort (0ms)
		DisableScriptedObjects (17ms)
		BackupInstance (0ms)
		ReleaseScriptingObjects (0ms)
		CreateAndSetChildDomain (225ms)
	RebuildCommonClasses (205ms)
	RebuildNativeTypeToScriptingClass (65ms)
	initialDomainReloadingComplete (124ms)
	LoadAllAssembliesAndSetupDomain (669ms)
		LoadAssemblies (954ms)
		RebuildTransferFunctionScriptingTraits (0ms)
		AnalyzeDomain (43ms)
			TypeCache.Refresh (14ms)
				TypeCache.ScanAssembly (1ms)
			ScanForSourceGeneratedMonoScriptInfo (17ms)
			ResolveRequiredComponents (10ms)
	FinalizeReload (4131ms)
		ReleaseScriptCaches (0ms)
		RebuildScriptCaches (0ms)
		SetupLoadedEditorAssemblies (2481ms)
			LogAssemblyErrors (0ms)
			InitializePlatformSupportModulesInManaged (122ms)
			SetLoadedEditorAssemblies (24ms)
			RefreshPlugins (0ms)
			BeforeProcessingInitializeOnLoad (269ms)
			ProcessInitializeOnLoadAttributes (1807ms)
			ProcessInitializeOnLoadMethodAttributes (216ms)
			AfterProcessingInitializeOnLoad (43ms)
			EditorAssembliesLoaded (0ms)
		ExecutionOrderSort2 (0ms)
		AwakeInstancesAfterBackupRestoration (20ms)
Refreshing native plugins compatible for Editor in 5.40 ms, found 2 plugins.
Preloading 0 native plugins for Editor in 0.00 ms.
Unloading 1594 Unused Serialized files (Serialized files now loaded: 0)
Unloading 11 unused Assets / (123.7 KB). Loaded Objects now: 2370.
Memory consumption went from 90.4 MB to 90.3 MB.
Total: 7.603400 ms (FindLiveObjects: 0.292500 ms CreateObjectMapping: 0.129500 ms MarkObjects: 6.992200 ms  DeleteObjects: 0.186900 ms)

Prepare: number of updated asset objects reloaded= 0
AssetImportParameters requested are different than current active one (requested -> active):
  custom:scripting/monoscript/fileName/CinemachineGroupComposerEditor.cs: 54a07f36704e77a685a5e7e8c8b2c216 -> 
  custom:scripting/monoscript/fileName/JoystickEditor.cs: 406670d2fe263f5d7c582f8389f2b844 -> 
  custom:video-decoder-webm-vp8: 9c59270c3fd7afecdb556c50c9e8de78 -> 
  custom:scripting/monoscript/fileName/CinemachineConfinerEditor.cs: cc6c898a3390647ab91613c8a96de4b4 -> 
  custom:scripting/monoscript/fileName/CinemachineHardLookAt.cs: 792580aec23d39bcecd7ceea4c27a0ce -> 
  custom:scripting/monoscript/fileName/CinemachineInputAxisDriver.cs: 7e424e54660fed310c58dc98ea41042e -> 
  custom:scripting/monoscript/fileName/CinemachineStoryboardEditor.cs: 2e7ec8bfb72013eaaff4873a27da019c -> 
  custom:scripting/monoscript/fileName/CinemachineBasicMultiChannelPerlin.cs: bd5416e75860cd63657371207eb79058 -> 
  custom:scripting/monoscript/fileName/CinemachineBlendDefinitionPropertyDrawer.cs: 7ae344d19d646b738f3c65294becf216 -> 
  custom:scripting/monoscript/fileName/CinemachineTrackedDollyEditor.cs: b4d6784c58752cea58aafd9a76ca4459 -> 
  custom:scripting/monoscript/fileName/CinemachineImpulseManager.cs: c34be3577a810e26fd0110c580799b88 -> 
  custom:scripting/monoscript/fileName/CinemachineSmoothPath.cs: c28db2688f35d70587b5f943431a010a -> 
  custom:SearchIndexIgnoredProperties: e643bd26f0fe6173181afceb89e7c659 -> 
  custom:scripting/monoscript/fileName/CinemachineStateDrivenCamera.cs: aea2468a7384be4ba6d1b043ccec135d -> 
  custom:container-demuxer-ogg: 62fdf1f143b41e24485cea50d1cbac27 -> 
  custom:scripting/monoscript/fileName/CinemachineBlenderSettings.cs: 9adcb80668a56be4cd8e31c1d3dc60ae -> 
  custom:AudioImporter_EditorPlatform: d09bf68614088b80899f8185d706f6e7 -> 
  custom:scripting/monoscript/fileName/SignalSourceAsset.cs: f7ffd463dece56bad278f5a8d3ed7fc6 -> 
  custom:scripting/monoscript/fileName/CinemachineMixingCamera.cs: 739c5ceb76c01023f431794ec46a0177 -> 
  custom:scripting/monoscript/fileName/CinemachineCore.cs: fe6c3be993819098833de1628bfd76b2 -> 
  custom:scripting/monoscript/fileName/CinemachinePath.cs: b443d3c8837a65ddc3c78741cd58ec71 -> 
  custom:scripting/monoscript/fileName/CinemachineImpulseChannelPropertyDrawer.cs: 4b6390a17916751618e2a45cb8d47a80 -> 
  custom:scripting/monoscript/fileName/JoystickPlayerExample.cs: 2ec96b3abad264f4393a91b76b487cb7 -> 
  custom:scripting/monoscript/fileName/SerializedPropertyHelper.cs: b04ac165255e34bc2935ca9bf180e209 -> 
  custom:scripting/monoscript/fileName/CinemachineFramingTransposer.cs: 7943c9d436748359882d8f978cf86c91 -> 
  custom:scripting/monoscript/fileName/CinemachineImpulseListenerEditor.cs: d5d28e418f87c111bce1c1b98f1f70ba -> 
  custom:scripting/monoscript/fileName/AxisState.cs: 1a494a66d8b9a58f4a6873f89bf5b094 -> 
  custom:scripting/monoscript/fileName/CinemachineDollyCart.cs: bbe9d07f4a2f7ee5ab002e66cb05f922 -> 
  custom:scripting/monoscript/fileName/CinemachineStoryboard.cs: 59a2099f76be9b47af1e12ed7d40f553 -> 
  custom:scripting/monoscript/fileName/CinemachineClearShot.cs: 1da15f5c7903497ce3ae982ee4ee4779 -> 
  custom:scripting/monoscript/fileName/CinemachinePOVEditor.cs: 71db5a9242a182995b4ca15db516f628 -> 
  custom:scripting/monoscript/fileName/JoystickSetterExample.cs: 9ef810522df7cdd512f52a98ae7a04f9 -> 
  custom:scripting/monoscript/fileName/CinemachineMixer.cs: 2e36eb9e732dd7c8a32e8f83daebd6f4 -> 
  custom:scripting/monoscript/fileName/CinemachinePixelPerfect.cs: 2f42bea4517739481ed2553d1616050e -> 
  custom:scripting/monoscript/fileName/CinemachineTrackedDolly.cs: f6a9c21b27ad86d45f62f6b444ccbb49 -> 
  custom:scripting/monoscript/fileName/CinemachineHardLookAtEditor.cs: 15b8f2af6a6d786898ce5dd6b0db26dc -> 
  custom:scripting/monoscript/fileName/CinemachineConfiner.cs: 3813336c17662a5cb6b59ce5f1954254 -> 
  custom:scripting/monoscript/fileName/CinemachineComposer.cs: e399dfd36807c341da7cd182ce299d1e -> 
  custom:scripting/monoscript/fileName/CinemachineTrack.cs: 4b50d47d507c57dc81b82253ec075194 -> 
  custom:scripting/monoscript/fileName/VariableJoystickEditor.cs: fee5e077b31909c4bba3d7329fdefd90 -> 
  custom:scripting/monoscript/fileName/CinemachineSmoothPathEditor.cs: 7555bcba4eb760e012dd21c6730ae562 -> 
  custom:scripting/monoscript/fileName/ScriptableObjectUtility.cs: c529d074f6f57a07e3f410d488963bbc -> 
  custom:scripting/monoscript/fileName/CinemachineBrain.cs: 365b4e0b6319f064062e97b8f8e32c8e -> 
  custom:scripting/monoscript/fileName/GlobalEvents.cs: 67f83bda753ae83eb95a23f3cd97c01c -> 
  custom:scripting/monoscript/fileName/CinemachineImpulseDefinitionPropertyDrawer.cs: 1b2fc77b0a80a7e0e9045e0d44fb761c -> 
  custom:scripting/monoscript/fileName/CinemachineColliderPrefs.cs: 47106451d4685409820905badf49b71f -> 
  custom:scripting/monoscript/fileName/CinemachineFollowZoom.cs: eb74e2e98d3dc4647324e113f34710ca -> 
  custom:scripting/monoscript/fileName/CinemachineDebug.cs: 3077ed3b64725184c652d4c07ac732fd -> 
  custom:scripting/monoscript/fileName/CinemachineLensPresets.cs: 014747fb0ab87178c677520d0bf20bf7 -> 
  custom:video-decoder-ogg-theora: a1e56fd34408186e4bbccfd4996cb3dc -> 
  custom:scripting/monoscript/fileName/CinemachineOrbitalTransposer.cs: 71c52878ba6d43827473a480056a99da -> 
  custom:scripting/monoscript/fileName/Weapon.cs: 0b4d856b429b31aad65662a3c52c642a -> 
  custom:scripting/monoscript/fileName/CinemachineCameraOffset.cs: a6887f67d3eb83cc6393b822d4e65121 -> 
  custom:scripting/monoscript/fileName/ICinemachineCamera.cs: 2faad4f04eaf5d98c2870adbfb06184e -> 
  custom:scripting/monoscript/fileName/CinemachinePathBase.cs: debb99764287c54cae06313e2d6a1fe1 -> 
  custom:scripting/monoscript/fileName/CinemachineImpulseSource.cs: ac073b8453e26c5dd422d5f1a90a7ff2 -> 
  custom:scripting/monoscript/fileName/CinemachineShotPlayable.cs: e346ad1ecb4af45da55274cb9abd9ec0 -> 
  custom:scripting/monoscript/fileName/CinemachineTagFieldPropertyDrawer.cs: e78491a12decd558a49d01cc583bfcfb -> 
  custom:framework-win-MediaFoundation: 216162199b28c13a410421893ffa2e32 -> 
  custom:scripting/monoscript/fileName/CinemachineVolumeSettings.cs: 22782cc3dbf8dfd1cb54e8486f29fe0d -> 
  custom:scripting/monoscript/fileName/CinemachineImpulseEnvelopePropertyDrawer.cs: 07e00c9c84964a5c7e4f3f19e4263ec1 -> 
  custom:scripting/monoscript/fileName/SplineHelpers.cs: 9e5bf4293b3828088291b7871e233a27 -> 
  custom:scripting/monoscript/fileName/CinemachineImpulseSourceEditor.cs: 0ef7804c69c18838aa65e6d5bae5b055 -> 
  custom:scripting/monoscript/fileName/CinemachineExternalCameraEditor.cs: d74df442250b898c9b40669a19100e9d -> 
  custom:scripting/monoscript/fileName/DynamicJoystickEditor.cs: f92673ca2cd03c2f140cf81ccfee7ccb -> 
  custom:scripting/monoscript/fileName/CinemachineSameAsFollowTargetEditor.cs: 6def40fc1e39b3242347b6630fb5127e -> 
  custom:scripting/monoscript/fileName/CinemachineTargetGroupEditor.cs: f70ac85df8c1c9bd0b83a35534bafd1f -> 
  custom:scripting/monoscript/fileName/CinemachineRecomposer.cs: 07354cca81f7d0775b027b5906330569 -> 
  custom:scripting/monoscript/fileName/CinemachineTransposer.cs: aa226dd144b3a977b86ea888b85df5fa -> 
  custom:scripting/monoscript/fileName/CinemachineBlendListCameraEditor.cs: dbc12d2a9f3e2999a067290c411b2aca -> 
  custom:scripting/monoscript/fileName/TargetPositionCache.cs: 49ce97e6930a536b43825141e0c2d3a4 -> 
  custom:scripting/monoscript/fileName/CinemachineShot.cs: 3d4d9d05534db20e82d871d98ea52716 -> 
  custom:scripting/monoscript/fileName/UnityVectorExtensions.cs: 052777772edecdffe26d41a6a989641e -> 
  custom:scripting/monoscript/fileName/CinemachineBasicMultiChannelPerlinEditor.cs: d6749cd6c482efa27bdd41f60394f1b9 -> 
  custom:scripting/monoscript/fileName/CinemachineImpulseChannels.cs: a9a39cc5ecea1f083db0fce154eec19c -> 
  custom:scripting/monoscript/fileName/CinemachineHardLockToTarget.cs: d349308c5b4f600a345055c394206f52 -> 
  custom:scripting/monoscript/fileName/CinemachineConfiner2D.cs: beb10be0db8ff9d3a94bd0a150963b9b -> 
  custom:scripting/monoscript/fileName/LensSettings.cs: 4335e899502c57ee4480b8c9aa915366 -> 
  custom:scripting/monoscript/fileName/CinemachineExternalCamera.cs: d76122377115c288d881064c3f07a3f1 -> 
  custom:scripting/monoscript/fileName/Cinemachine3rdPersonAim.cs: 4bd230d915f070bb3cae23bef6f7ab70 -> 
  custom:scripting/monoscript/fileName/ReflectionHelpers.cs: 60a5d38af3e775d0a421a7ff630d61cc -> 
  custom:scripting/monoscript/fileName/CinemachineVirtualCamera.cs: f16f2dc5bc1261579875c19605c45301 -> 
  custom:scripting/monoscript/fileName/DynamicJoystick.cs: fa6fdbd0de9beec4a70bc764c26bb796 -> 
  custom:scripting/monoscript/fileName/Predictor.cs: d51584936cb5b31b30ee7b444e03385b -> 
  custom:scripting/monoscript/fileName/CinemachineImpulseListener.cs: 6aac146243d38e7a67346170caa40ea1 -> 
  custom:scripting/monoscript/fileName/CinemachineOrbitalTransposerEditor.cs: 5ea2e4bec7ee6c24917bd86647f4bffa -> 
  custom:scripting/monoscript/fileName/CinemachineConfiner2DEditor.cs: 3f4b3d9b17ff5cd560135aa24f822994 -> 
  custom:scripting/monoscript/fileName/RigidbodyVoxelController.cs: d93a52a180fbbe603a59e9aa6da73c83 -> 7ca90fb0e37f14d197d0c5589d1c29f7
  custom:scripting/monoscript/fileName/GroupWeightManipulator.cs: 588749cf3436a8199e762a8e09bc8de7 -> 
  custom:scripting/monoscript/fileName/AxisStatePropertyDrawer.cs: 2d807695a513641e771c78e6c342ff04 -> 
  custom:video-encoder-webm-vp8: eb34c28f22e8b96e1ab97ce403110664 -> 
  custom:scripting/monoscript/fileName/CinemachineScreenComposerGuides.cs: cdc7ea02ccc4c8d1561d98d16760d1ca -> 
  custom:scripting/monoscript/fileName/CinemachinePropertyAttribute.cs: e8158d9725ac3a9129a08e46a4ff7519 -> 
  custom:scripting/monoscript/fileName/CinemachineVirtualCameraEditor.cs: 2e051d0c474634e907fe4123d6e2656e -> 
  custom:scripting/monoscript/fileName/CinemachineMenu.cs: 7b932811d9fa1e44d0d8b2b9ed75adf3 -> 
  custom:scripting/monoscript/fileName/RuntimeUtility.cs: 8c92a9f673836e5d2084dbeb0f10159f -> 
  custom:scripting/monoscript/fileName/CinemachineFreeLook.cs: bebc32b18bc4beddc113bad68624e557 -> 
  custom:scripting/monoscript/fileName/CinemachineSettings.cs: 197f6d5ad32e253546b5afa056a5bba4 -> 
  custom:audio-decoder-ogg-vorbis: bf7c407c2cedff20999df2af8eb42d56 -> 
  custom:scripting/monoscript/fileName/CinemachineGroupComposer.cs: 173a689a80ef321c302f9c045419668f -> 
  custom:scripting/monoscript/fileName/PlayerController.cs: d93a52a180fbbe603a59e9aa6da73c83 -> 
  custom:scripting/monoscript/fileName/CinemachineVirtualCameraBase.cs: c7e60cccdcb14ee2a33da9fd46c1c54f -> 
  custom:scripting/monoscript/fileName/CinemachineFixedSignal.cs: aedcdca7a861da6e456e0ae105b24c41 -> 
  custom:scripting/monoscript/fileName/CinemachineShotClipEditor.cs: 123a48531bf1d1b4f3c8398556caec62 -> 
  custom:scripting/monoscript/fileName/CinemachineNoiseSettingsEditor.cs: 9056e69d9c759ba2504535054fff31c9 -> 
  custom:scripting/monoscript/fileName/CinemachineTouchInputMapper.cs: b9698729a07a7d31c864247e0582b566 -> 
  custom:scripting/monoscript/fileName/CinemachineTriggerAction.cs: cab9c5d02c28af05797c2c3743539bdb -> 
  custom:scripting/monoscript/fileName/InspectorUtility.cs: e13a8546bf784ce9963c508abb88926b -> 
  custom:CustomObjectIndexerAttribute: 9a22284fe3817be447336de3de66b15e -> 
  custom:scripting/monoscript/fileName/CinemachinePOV.cs: e4df06d1994174afa286b103eb06ee7f -> 
  custom:scripting/monoscript/fileName/CinemachineBlenderSettingsEditor.cs: c57aa7de12bc3e7367ca091f4902c67b -> 
  custom:scripting/monoscript/fileName/CinemachineBlend.cs: f33659d50c4d86144d649aa7e8196529 -> 
  custom:scripting/precompiled-assembly-types:Cinemachine: 54c8b091bb91c32bfeada952c9c53e21 -> 
  custom:scripting/monoscript/fileName/CinemachineImpulseDefinition.cs: 3d434086a2bdaf715abf85e79e9f14b4 -> 
  custom:scripting/precompiled-assembly-types:com.unity.cinemachine.editor: e24bde9f61664824443e2ae04112f2bb -> 
  custom:scripting/monoscript/fileName/CinemachineFreeLookEditor.cs: 9641291977c1891a004ac4c4c259e1c8 -> 
  custom:scripting/monoscript/fileName/CinemachineTransposerEditor.cs: 85841a774ddea4fb7232a7a585f716b4 -> 
  custom:scripting/monoscript/fileName/FloatingJoystickEditor.cs: 20a94efd412f2009d4e6722fe16a3051 -> 
  custom:scripting/monoscript/fileName/clipper.cs: 2a50e35a835148907b3c1fa8e187ab2b -> 
  custom:scripting/monoscript/fileName/NoiseSettings.cs: 443d576e0c72ab62870476103c9384ec -> 
  custom:scripting/monoscript/fileName/VariableJoystick.cs: 6a21e483212ef280c767be5522709419 -> 
  custom:scripting/monoscript/fileName/GaussianFilter.cs: 0a3672ebe80edf7c5daca82445c15683 -> 
  custom:scripting/monoscript/fileName/CinemachineSceneTools.cs: d63880a6073ab3335301b115db235b5b -> 
  custom:scripting/monoscript/fileName/Cinemachine3rdPersonFollowEditor.cs: f79aa162534f81c680877e6274b5d6ec -> 
  custom:scripting/monoscript/fileName/EmbeddedAssetPropertyDrawer.cs: fd7ebc18093de04c88d0cfc86fb060f5 -> 
  custom:scripting/monoscript/fileName/FixedJoystick.cs: ceaced0056a716bd82a85e0f3d488361 -> 
  custom:container-demuxer-webm: 4f35f7cbe854078d1ac9338744f61a02 -> 
  custom:scripting/monoscript/fileName/CinemachineTriggerActionEditor.cs: 2309a2ec6192ace4cae8bab5a535978e -> 
  custom:scripting/monoscript/fileName/ConfinerOven.cs: ff23c03e90b61beb34474fc6e4ff668c -> 
  custom:scripting/monoscript/fileName/VcamTargetPropertyDrawer.cs: 9208050b1312b118a226fef2d63e8fa1 -> 
  custom:scripting/monoscript/fileName/CinemachineCollisionImpulseSource.cs: 9aae5e368cb7786be199f98f2122f96d -> 
  custom:scripting/monoscript/fileName/CinemachineClearShotEditor.cs: ca8875b47e775cd361c78158d7923690 -> 
  custom:scripting/monoscript/fileName/WaveformWindow.cs: 01bbc4fc017d41a2bab7fb57c988e8da -> 
  custom:scripting/monoscript/fileName/CinemachinePipeline.cs: 6ca7a5979a0a73ea1d450a8fc9b437ef -> 
  custom:scripting/monoscript/fileName/CinemachineEditorAnalytics.cs: de76cc292d7ecedcf47af6616498c9f9 -> 
  custom:scripting/monoscript/fileName/Joystick.cs: c13c665079b3ba178e3a8ef05c62070b -> 
  custom:scripting/monoscript/fileName/NoiseSettingsPropertyDrawer.cs: 8d3f69ba7eeec63914970bd3136b6ace -> 
  custom:scripting/monoscript/fileName/VcamStageEditor.cs: 84b0eaf932b448975a99972628e556d8 -> 
  custom:scripting/monoscript/fileName/CinemachineBrainEditor.cs: 49621d8b7679c0b5d128fef53d55becd -> 
  custom:scripting/monoscript/fileName/CinemachineFramingTransposerEditor.cs: 1653e1c00b2ca68b1d40f01e5bfb8445 -> 
  custom:scripting/monoscript/fileName/CinemachineShotEditor.cs: 2ba28b209a4ad7f0a791994d2360a9af -> 
  custom:scripting/monoscript/fileName/CinemachineStateDrivenCameraEditor.cs: 77d9f0a97385f936d9b4ffaa686bce39 -> 
  custom:scripting/monoscript/fileName/OrbitalTransposerHeadingPropertyDrawer.cs: 22496b76ce84f35f630c90badc4babd8 -> 
  custom:scripting/monoscript/fileName/CinemachineHardLockToTargetEditor.cs: c65eaafd47115974a2a9379aae467b0e -> 
  custom:scripting/monoscript/fileName/CinemachinePathEditor.cs: ce10985fbf0e018e2dea63fedae131ba -> 
  custom:scripting/monoscript/fileName/CinemachineCollider.cs: 8fa92f525b1c31cd81812685d7f8c288 -> 
  custom:audio-encoder-webm-vorbis: bf7c407c2cedff20999df2af8eb42d56 -> 
  custom:scripting/monoscript/fileName/CameraState.cs: 6ae7088fa20820e052d1e4d86059e90b -> 
  custom:scripting/monoscript/fileName/CinemachineToolbarOverlay.cs: 371b6fc494252d6fda34e207e170cb66 -> 
  custom:scripting/precompiled-assembly-types:Assembly-CSharp-Editor: f7c7739fc303cafe5879da7512dd0656 -> 
  custom:scripting/monoscript/fileName/CinemachineCollisionImpulseSourceEditor.cs: 29f9a522ec6b23375849ba08fd597c8d -> 
  custom:scripting/monoscript/fileName/JumpButton.cs: 82e6d242617ad477f32ce19b2a5161b4 -> 
  custom:scripting/monoscript/fileName/CinemachineIndependentImpulseListener.cs: 91ae8748b9c36955c333e57505ff90fb -> 
  custom:scripting/monoscript/fileName/CinemachineMixingCameraEditor.cs: 1c122a21d710512fec62cdc7bd351681 -> 
  custom:scripting/monoscript/fileName/CinemachinePostProcessing.cs: bf9b100a1b61fd5383288bc96487c194 -> 
  custom:scripting/monoscript/fileName/CinemachineInputProvider.cs: ecb845de690695f08b3b3bb647cc7006 -> 
  custom:scripting/monoscript/fileName/CinemachineColliderEditor.cs: 859d1abbd669ee84cb713f6d4d0e1c5f -> 
  custom:scripting/monoscript/fileName/CinemachineSameAsFollowTarget.cs: bcfa2d394e1e5460b4ef3dc039214a16 -> 
  custom:scripting/monoscript/fileName/CinemachineExtension.cs: 6968db4afcdc301f6acb1ef4fbadb2f4 -> 
  custom:scripting/monoscript/fileName/CinemachineTargetGroup.cs: 10a09aa736b3a25da6dd9fc3c4dd9d36 -> 
  custom:scripting/monoscript/fileName/CinemachineVirtualCameraBaseEditor.cs: 13ee4931cd85df4b22852d0547b5e690 -> 
  custom:scripting/monoscript/fileName/UpdateTracker.cs: 3dac8a24a32a32e4bbfeb38ed26ef250 -> 
  custom:scripting/monoscript/fileName/CinemachineComposerEditor.cs: dda533b9c6cb2b366292f584704bd904 -> 
  custom:scripting/monoscript/fileName/FloatingJoystick.cs: 516035e2342d093d90fb2bd11ff41e68 -> 
  custom:scripting/monoscript/fileName/Cinemachine3rdPersonFollow.cs: 4600bac2bdf6b37d80e86f9aa5a413c3 -> 
  custom:scripting/monoscript/fileName/EmbeddedAssetHelpers.cs: 90647cc400823b41df847a6cbfc29026 -> 
  custom:scripting/precompiled-assembly-types:Assembly-CSharp: e2d62612d1b4a1d9f29736dbfe0c71cb -> 98724c9a75c5cf593f713ad668a0273b
  custom:scripting/monoscript/fileName/CinemachineBlendListCamera.cs: 66104ac24fef171d9f5d5b93a8cb2f83 -> 
  custom:scripting/monoscript/fileName/CinemachineComponentBase.cs: 5293f153c13e9bd2fc262ec31ff69206 -> 
  custom:scripting/monoscript/fileName/BaseEditor.cs: 90647cc400823b41df847a6cbfc29026 -> 
  custom:container-muxer-webm: aa71ff27fc2769a1b78a27578f13a17b -> 
  custom:scripting/monoscript/fileName/SaveDuringPlay.cs: de39f1962b337699845d3d8a2e8f5bde -> 
========================================================================
Received Prepare
Caller must complete domain reload
Begin MonoManager ReloadAssembly
- Loaded All Assemblies, in  1.057 seconds
Native extension for WindowsStandalone target not found
Native extension for Android target not found
Native extension for WebGL target not found
[Package Manager] Server::EnsureServerProcessIsRunning -- launch failed, reason: Unity was launched with the -noUpm command-line argument
[Package Manager] UpmClient::Send -- Unable to send message (not connected to UPM process).
[Package Manager] Cannot connect to Unity Package Manager local server
Mono: successfully reloaded assembly
- Finished resetting the current domain, in  2.532 seconds
Domain Reload Profiling: 3579ms
	BeginReloadAssembly (380ms)
		ExecutionOrderSort (0ms)
		DisableScriptedObjects (11ms)
		BackupInstance (0ms)
		ReleaseScriptingObjects (0ms)
		CreateAndSetChildDomain (70ms)
	RebuildCommonClasses (94ms)
	RebuildNativeTypeToScriptingClass (33ms)
	initialDomainReloadingComplete (77ms)
	LoadAllAssembliesAndSetupDomain (463ms)
		LoadAssemblies (650ms)
		RebuildTransferFunctionScriptingTraits (0ms)
		AnalyzeDomain (48ms)
			TypeCache.Refresh (21ms)
				TypeCache.ScanAssembly (2ms)
			ScanForSourceGeneratedMonoScriptInfo (15ms)
			ResolveRequiredComponents (9ms)
	FinalizeReload (2533ms)
		ReleaseScriptCaches (0ms)
		RebuildScriptCaches (0ms)
		SetupLoadedEditorAssemblies (1411ms)
			LogAssemblyErrors (0ms)
			InitializePlatformSupportModulesInManaged (50ms)
			SetLoadedEditorAssemblies (10ms)
			RefreshPlugins (0ms)
			BeforeProcessingInitializeOnLoad (152ms)
			ProcessInitializeOnLoadAttributes (1085ms)
			ProcessInitializeOnLoadMethodAttributes (83ms)
			AfterProcessingInitializeOnLoad (31ms)
			EditorAssembliesLoaded (1ms)
		ExecutionOrderSort2 (0ms)
		AwakeInstancesAfterBackupRestoration (21ms)
Refreshing native plugins compatible for Editor in 7.04 ms, found 2 plugins.
Preloading 0 native plugins for Editor in 0.00 ms.
Unloading 1594 Unused Serialized files (Serialized files now loaded: 0)
Unloading 11 unused Assets / (123.8 KB). Loaded Objects now: 2385.
Memory consumption went from 90.4 MB to 90.3 MB.
Total: 6.587900 ms (FindLiveObjects: 0.244700 ms CreateObjectMapping: 0.091900 ms MarkObjects: 5.916100 ms  DeleteObjects: 0.332600 ms)

Prepare: number of updated asset objects reloaded= 0
AssetImportParameters requested are different than current active one (requested -> active):
  custom:scripting/monoscript/fileName/CinemachineGroupComposerEditor.cs: 54a07f36704e77a685a5e7e8c8b2c216 -> 
  custom:scripting/monoscript/fileName/JoystickEditor.cs: 406670d2fe263f5d7c582f8389f2b844 -> 
  custom:video-decoder-webm-vp8: 9c59270c3fd7afecdb556c50c9e8de78 -> 
  custom:scripting/monoscript/fileName/CinemachineConfinerEditor.cs: cc6c898a3390647ab91613c8a96de4b4 -> 
  custom:scripting/monoscript/fileName/CinemachineHardLookAt.cs: 792580aec23d39bcecd7ceea4c27a0ce -> 
  custom:scripting/monoscript/fileName/CinemachineInputAxisDriver.cs: 7e424e54660fed310c58dc98ea41042e -> 
  custom:scripting/monoscript/fileName/CinemachineStoryboardEditor.cs: 2e7ec8bfb72013eaaff4873a27da019c -> 
  custom:scripting/monoscript/fileName/CinemachineBasicMultiChannelPerlin.cs: bd5416e75860cd63657371207eb79058 -> 
  custom:scripting/monoscript/fileName/CinemachineBlendDefinitionPropertyDrawer.cs: 7ae344d19d646b738f3c65294becf216 -> 
  custom:scripting/monoscript/fileName/CinemachineTrackedDollyEditor.cs: b4d6784c58752cea58aafd9a76ca4459 -> 
  custom:scripting/monoscript/fileName/CinemachineImpulseManager.cs: c34be3577a810e26fd0110c580799b88 -> 
  custom:scripting/monoscript/fileName/CinemachineSmoothPath.cs: c28db2688f35d70587b5f943431a010a -> 
  custom:SearchIndexIgnoredProperties: e643bd26f0fe6173181afceb89e7c659 -> 
  custom:scripting/monoscript/fileName/CinemachineStateDrivenCamera.cs: aea2468a7384be4ba6d1b043ccec135d -> 
  custom:container-demuxer-ogg: 62fdf1f143b41e24485cea50d1cbac27 -> 
  custom:scripting/monoscript/fileName/CinemachineBlenderSettings.cs: 9adcb80668a56be4cd8e31c1d3dc60ae -> 
  custom:AudioImporter_EditorPlatform: d09bf68614088b80899f8185d706f6e7 -> 
  custom:scripting/monoscript/fileName/SignalSourceAsset.cs: f7ffd463dece56bad278f5a8d3ed7fc6 -> 
  custom:scripting/monoscript/fileName/CinemachineMixingCamera.cs: 739c5ceb76c01023f431794ec46a0177 -> 
  custom:scripting/monoscript/fileName/CinemachineCore.cs: fe6c3be993819098833de1628bfd76b2 -> 
  custom:scripting/monoscript/fileName/CinemachinePath.cs: b443d3c8837a65ddc3c78741cd58ec71 -> 
  custom:scripting/monoscript/fileName/CinemachineImpulseChannelPropertyDrawer.cs: 4b6390a17916751618e2a45cb8d47a80 -> 
  custom:scripting/monoscript/fileName/JoystickPlayerExample.cs: 2ec96b3abad264f4393a91b76b487cb7 -> 
  custom:scripting/monoscript/fileName/SerializedPropertyHelper.cs: b04ac165255e34bc2935ca9bf180e209 -> 
  custom:scripting/monoscript/fileName/CinemachineFramingTransposer.cs: 7943c9d436748359882d8f978cf86c91 -> 
  custom:scripting/monoscript/fileName/CinemachineImpulseListenerEditor.cs: d5d28e418f87c111bce1c1b98f1f70ba -> 
  custom:scripting/monoscript/fileName/AxisState.cs: 1a494a66d8b9a58f4a6873f89bf5b094 -> 
  custom:scripting/monoscript/fileName/CinemachineDollyCart.cs: bbe9d07f4a2f7ee5ab002e66cb05f922 -> 
  custom:scripting/monoscript/fileName/CinemachineStoryboard.cs: 59a2099f76be9b47af1e12ed7d40f553 -> 
  custom:scripting/monoscript/fileName/CinemachineClearShot.cs: 1da15f5c7903497ce3ae982ee4ee4779 -> 
  custom:scripting/monoscript/fileName/CinemachinePOVEditor.cs: 71db5a9242a182995b4ca15db516f628 -> 
  custom:scripting/monoscript/fileName/JoystickSetterExample.cs: 9ef810522df7cdd512f52a98ae7a04f9 -> 
  custom:scripting/monoscript/fileName/CinemachineMixer.cs: 2e36eb9e732dd7c8a32e8f83daebd6f4 -> 
  custom:scripting/monoscript/fileName/CinemachinePixelPerfect.cs: 2f42bea4517739481ed2553d1616050e -> 
  custom:scripting/monoscript/fileName/CinemachineTrackedDolly.cs: f6a9c21b27ad86d45f62f6b444ccbb49 -> 
  custom:scripting/monoscript/fileName/CinemachineHardLookAtEditor.cs: 15b8f2af6a6d786898ce5dd6b0db26dc -> 
  custom:scripting/monoscript/fileName/CinemachineConfiner.cs: 3813336c17662a5cb6b59ce5f1954254 -> 
  custom:scripting/monoscript/fileName/CinemachineComposer.cs: e399dfd36807c341da7cd182ce299d1e -> 
  custom:scripting/monoscript/fileName/CinemachineTrack.cs: 4b50d47d507c57dc81b82253ec075194 -> 
  custom:scripting/monoscript/fileName/VariableJoystickEditor.cs: fee5e077b31909c4bba3d7329fdefd90 -> 
  custom:scripting/monoscript/fileName/CinemachineSmoothPathEditor.cs: 7555bcba4eb760e012dd21c6730ae562 -> 
  custom:scripting/monoscript/fileName/ScriptableObjectUtility.cs: c529d074f6f57a07e3f410d488963bbc -> 
  custom:scripting/monoscript/fileName/CinemachineBrain.cs: 365b4e0b6319f064062e97b8f8e32c8e -> 
  custom:scripting/monoscript/fileName/GlobalEvents.cs: 67f83bda753ae83eb95a23f3cd97c01c -> 
  custom:scripting/monoscript/fileName/CinemachineImpulseDefinitionPropertyDrawer.cs: 1b2fc77b0a80a7e0e9045e0d44fb761c -> 
  custom:scripting/monoscript/fileName/CinemachineColliderPrefs.cs: 47106451d4685409820905badf49b71f -> 
  custom:scripting/monoscript/fileName/CinemachineFollowZoom.cs: eb74e2e98d3dc4647324e113f34710ca -> 
  custom:scripting/monoscript/fileName/CinemachineDebug.cs: 3077ed3b64725184c652d4c07ac732fd -> 
  custom:scripting/monoscript/fileName/CinemachineLensPresets.cs: 014747fb0ab87178c677520d0bf20bf7 -> 
  custom:video-decoder-ogg-theora: a1e56fd34408186e4bbccfd4996cb3dc -> 
  custom:scripting/monoscript/fileName/CinemachineOrbitalTransposer.cs: 71c52878ba6d43827473a480056a99da -> 
  custom:scripting/monoscript/fileName/Weapon.cs: 0b4d856b429b31aad65662a3c52c642a -> 
  custom:scripting/monoscript/fileName/CinemachineCameraOffset.cs: a6887f67d3eb83cc6393b822d4e65121 -> 
  custom:scripting/monoscript/fileName/ICinemachineCamera.cs: 2faad4f04eaf5d98c2870adbfb06184e -> 
  custom:scripting/monoscript/fileName/CinemachinePathBase.cs: debb99764287c54cae06313e2d6a1fe1 -> 
  custom:scripting/monoscript/fileName/CinemachineImpulseSource.cs: ac073b8453e26c5dd422d5f1a90a7ff2 -> 
  custom:scripting/monoscript/fileName/CinemachineShotPlayable.cs: e346ad1ecb4af45da55274cb9abd9ec0 -> 
  custom:scripting/monoscript/fileName/CinemachineTagFieldPropertyDrawer.cs: e78491a12decd558a49d01cc583bfcfb -> 
  custom:framework-win-MediaFoundation: 216162199b28c13a410421893ffa2e32 -> 
  custom:scripting/monoscript/fileName/CinemachineVolumeSettings.cs: 22782cc3dbf8dfd1cb54e8486f29fe0d -> 
  custom:scripting/monoscript/fileName/CinemachineImpulseEnvelopePropertyDrawer.cs: 07e00c9c84964a5c7e4f3f19e4263ec1 -> 
  custom:scripting/monoscript/fileName/SplineHelpers.cs: 9e5bf4293b3828088291b7871e233a27 -> 
  custom:scripting/monoscript/fileName/CinemachineImpulseSourceEditor.cs: 0ef7804c69c18838aa65e6d5bae5b055 -> 
  custom:scripting/monoscript/fileName/CinemachineExternalCameraEditor.cs: d74df442250b898c9b40669a19100e9d -> 
  custom:scripting/monoscript/fileName/DynamicJoystickEditor.cs: f92673ca2cd03c2f140cf81ccfee7ccb -> 
  custom:scripting/monoscript/fileName/CinemachineSameAsFollowTargetEditor.cs: 6def40fc1e39b3242347b6630fb5127e -> 
  custom:scripting/monoscript/fileName/CinemachineTargetGroupEditor.cs: f70ac85df8c1c9bd0b83a35534bafd1f -> 
  custom:scripting/monoscript/fileName/CinemachineRecomposer.cs: 07354cca81f7d0775b027b5906330569 -> 
  custom:scripting/monoscript/fileName/CinemachineTransposer.cs: aa226dd144b3a977b86ea888b85df5fa -> 
  custom:scripting/monoscript/fileName/CinemachineBlendListCameraEditor.cs: dbc12d2a9f3e2999a067290c411b2aca -> 
  custom:scripting/monoscript/fileName/TargetPositionCache.cs: 49ce97e6930a536b43825141e0c2d3a4 -> 
  custom:scripting/monoscript/fileName/CinemachineShot.cs: 3d4d9d05534db20e82d871d98ea52716 -> 
  custom:scripting/monoscript/fileName/UnityVectorExtensions.cs: 052777772edecdffe26d41a6a989641e -> 
  custom:scripting/monoscript/fileName/CinemachineBasicMultiChannelPerlinEditor.cs: d6749cd6c482efa27bdd41f60394f1b9 -> 
  custom:scripting/monoscript/fileName/CinemachineImpulseChannels.cs: a9a39cc5ecea1f083db0fce154eec19c -> 
  custom:scripting/monoscript/fileName/CinemachineHardLockToTarget.cs: d349308c5b4f600a345055c394206f52 -> 
  custom:scripting/monoscript/fileName/CinemachineConfiner2D.cs: beb10be0db8ff9d3a94bd0a150963b9b -> 
  custom:scripting/monoscript/fileName/LensSettings.cs: 4335e899502c57ee4480b8c9aa915366 -> 
  custom:scripting/monoscript/fileName/CinemachineExternalCamera.cs: d76122377115c288d881064c3f07a3f1 -> 
  custom:scripting/monoscript/fileName/Cinemachine3rdPersonAim.cs: 4bd230d915f070bb3cae23bef6f7ab70 -> 
  custom:scripting/monoscript/fileName/ReflectionHelpers.cs: 60a5d38af3e775d0a421a7ff630d61cc -> 
  custom:scripting/monoscript/fileName/CinemachineVirtualCamera.cs: f16f2dc5bc1261579875c19605c45301 -> 
  custom:scripting/monoscript/fileName/DynamicJoystick.cs: fa6fdbd0de9beec4a70bc764c26bb796 -> 
  custom:scripting/monoscript/fileName/Predictor.cs: d51584936cb5b31b30ee7b444e03385b -> 
  custom:scripting/monoscript/fileName/CinemachineImpulseListener.cs: 6aac146243d38e7a67346170caa40ea1 -> 
  custom:scripting/monoscript/fileName/CinemachineOrbitalTransposerEditor.cs: 5ea2e4bec7ee6c24917bd86647f4bffa -> 
  custom:scripting/monoscript/fileName/CinemachineConfiner2DEditor.cs: 3f4b3d9b17ff5cd560135aa24f822994 -> 
  custom:scripting/monoscript/fileName/RigidbodyVoxelController.cs: d93a52a180fbbe603a59e9aa6da73c83 -> 7ca90fb0e37f14d197d0c5589d1c29f7
  custom:scripting/monoscript/fileName/GroupWeightManipulator.cs: 588749cf3436a8199e762a8e09bc8de7 -> 
  custom:scripting/monoscript/fileName/AxisStatePropertyDrawer.cs: 2d807695a513641e771c78e6c342ff04 -> 
  custom:video-encoder-webm-vp8: eb34c28f22e8b96e1ab97ce403110664 -> 
  custom:scripting/monoscript/fileName/CinemachineScreenComposerGuides.cs: cdc7ea02ccc4c8d1561d98d16760d1ca -> 
  custom:scripting/monoscript/fileName/CinemachinePropertyAttribute.cs: e8158d9725ac3a9129a08e46a4ff7519 -> 
  custom:scripting/monoscript/fileName/CinemachineVirtualCameraEditor.cs: 2e051d0c474634e907fe4123d6e2656e -> 
  custom:scripting/monoscript/fileName/CinemachineMenu.cs: 7b932811d9fa1e44d0d8b2b9ed75adf3 -> 
  custom:scripting/monoscript/fileName/RuntimeUtility.cs: 8c92a9f673836e5d2084dbeb0f10159f -> 
  custom:scripting/monoscript/fileName/CinemachineFreeLook.cs: bebc32b18bc4beddc113bad68624e557 -> 
  custom:scripting/monoscript/fileName/CinemachineSettings.cs: 197f6d5ad32e253546b5afa056a5bba4 -> 
  custom:audio-decoder-ogg-vorbis: bf7c407c2cedff20999df2af8eb42d56 -> 
  custom:scripting/monoscript/fileName/CinemachineGroupComposer.cs: 173a689a80ef321c302f9c045419668f -> 
  custom:scripting/monoscript/fileName/PlayerController.cs: d93a52a180fbbe603a59e9aa6da73c83 -> 
  custom:scripting/monoscript/fileName/CinemachineVirtualCameraBase.cs: c7e60cccdcb14ee2a33da9fd46c1c54f -> 
  custom:scripting/monoscript/fileName/CinemachineFixedSignal.cs: aedcdca7a861da6e456e0ae105b24c41 -> 
  custom:scripting/monoscript/fileName/CinemachineShotClipEditor.cs: 123a48531bf1d1b4f3c8398556caec62 -> 
  custom:scripting/monoscript/fileName/CinemachineNoiseSettingsEditor.cs: 9056e69d9c759ba2504535054fff31c9 -> 
  custom:scripting/monoscript/fileName/CinemachineTouchInputMapper.cs: b9698729a07a7d31c864247e0582b566 -> 
  custom:scripting/monoscript/fileName/CinemachineTriggerAction.cs: cab9c5d02c28af05797c2c3743539bdb -> 
  custom:scripting/monoscript/fileName/InspectorUtility.cs: e13a8546bf784ce9963c508abb88926b -> 
  custom:CustomObjectIndexerAttribute: 9a22284fe3817be447336de3de66b15e -> 
  custom:scripting/monoscript/fileName/CinemachinePOV.cs: e4df06d1994174afa286b103eb06ee7f -> 
  custom:scripting/monoscript/fileName/CinemachineBlenderSettingsEditor.cs: c57aa7de12bc3e7367ca091f4902c67b -> 
  custom:scripting/monoscript/fileName/CinemachineBlend.cs: f33659d50c4d86144d649aa7e8196529 -> 
  custom:scripting/precompiled-assembly-types:Cinemachine: 54c8b091bb91c32bfeada952c9c53e21 -> 
  custom:scripting/monoscript/fileName/CinemachineImpulseDefinition.cs: 3d434086a2bdaf715abf85e79e9f14b4 -> 
  custom:scripting/precompiled-assembly-types:com.unity.cinemachine.editor: e24bde9f61664824443e2ae04112f2bb -> 
  custom:scripting/monoscript/fileName/CinemachineFreeLookEditor.cs: 9641291977c1891a004ac4c4c259e1c8 -> 
  custom:scripting/monoscript/fileName/CinemachineTransposerEditor.cs: 85841a774ddea4fb7232a7a585f716b4 -> 
  custom:scripting/monoscript/fileName/FloatingJoystickEditor.cs: 20a94efd412f2009d4e6722fe16a3051 -> 
  custom:scripting/monoscript/fileName/clipper.cs: 2a50e35a835148907b3c1fa8e187ab2b -> 
  custom:scripting/monoscript/fileName/NoiseSettings.cs: 443d576e0c72ab62870476103c9384ec -> 
  custom:scripting/monoscript/fileName/VariableJoystick.cs: 6a21e483212ef280c767be5522709419 -> 
  custom:scripting/monoscript/fileName/GaussianFilter.cs: 0a3672ebe80edf7c5daca82445c15683 -> 
  custom:scripting/monoscript/fileName/CinemachineSceneTools.cs: d63880a6073ab3335301b115db235b5b -> 
  custom:scripting/monoscript/fileName/Cinemachine3rdPersonFollowEditor.cs: f79aa162534f81c680877e6274b5d6ec -> 
  custom:scripting/monoscript/fileName/EmbeddedAssetPropertyDrawer.cs: fd7ebc18093de04c88d0cfc86fb060f5 -> 
  custom:scripting/monoscript/fileName/FixedJoystick.cs: ceaced0056a716bd82a85e0f3d488361 -> 
  custom:container-demuxer-webm: 4f35f7cbe854078d1ac9338744f61a02 -> 
  custom:scripting/monoscript/fileName/CinemachineTriggerActionEditor.cs: 2309a2ec6192ace4cae8bab5a535978e -> 
  custom:scripting/monoscript/fileName/ConfinerOven.cs: ff23c03e90b61beb34474fc6e4ff668c -> 
  custom:scripting/monoscript/fileName/VcamTargetPropertyDrawer.cs: 9208050b1312b118a226fef2d63e8fa1 -> 
  custom:scripting/monoscript/fileName/CinemachineCollisionImpulseSource.cs: 9aae5e368cb7786be199f98f2122f96d -> 
  custom:scripting/monoscript/fileName/CinemachineClearShotEditor.cs: ca8875b47e775cd361c78158d7923690 -> 
  custom:scripting/monoscript/fileName/WaveformWindow.cs: 01bbc4fc017d41a2bab7fb57c988e8da -> 
  custom:scripting/monoscript/fileName/CinemachinePipeline.cs: 6ca7a5979a0a73ea1d450a8fc9b437ef -> 
  custom:scripting/monoscript/fileName/CinemachineEditorAnalytics.cs: de76cc292d7ecedcf47af6616498c9f9 -> 
  custom:scripting/monoscript/fileName/Joystick.cs: c13c665079b3ba178e3a8ef05c62070b -> 
  custom:scripting/monoscript/fileName/NoiseSettingsPropertyDrawer.cs: 8d3f69ba7eeec63914970bd3136b6ace -> 
  custom:scripting/monoscript/fileName/VcamStageEditor.cs: 84b0eaf932b448975a99972628e556d8 -> 
  custom:scripting/monoscript/fileName/CinemachineBrainEditor.cs: 49621d8b7679c0b5d128fef53d55becd -> 
  custom:scripting/monoscript/fileName/CinemachineFramingTransposerEditor.cs: 1653e1c00b2ca68b1d40f01e5bfb8445 -> 
  custom:scripting/monoscript/fileName/CinemachineShotEditor.cs: 2ba28b209a4ad7f0a791994d2360a9af -> 
  custom:scripting/monoscript/fileName/CinemachineStateDrivenCameraEditor.cs: 77d9f0a97385f936d9b4ffaa686bce39 -> 
  custom:scripting/monoscript/fileName/OrbitalTransposerHeadingPropertyDrawer.cs: 22496b76ce84f35f630c90badc4babd8 -> 
  custom:scripting/monoscript/fileName/CinemachineHardLockToTargetEditor.cs: c65eaafd47115974a2a9379aae467b0e -> 
  custom:scripting/monoscript/fileName/CinemachinePathEditor.cs: ce10985fbf0e018e2dea63fedae131ba -> 
  custom:scripting/monoscript/fileName/CinemachineCollider.cs: 8fa92f525b1c31cd81812685d7f8c288 -> 
  custom:audio-encoder-webm-vorbis: bf7c407c2cedff20999df2af8eb42d56 -> 
  custom:scripting/monoscript/fileName/CameraState.cs: 6ae7088fa20820e052d1e4d86059e90b -> 
  custom:scripting/monoscript/fileName/CinemachineToolbarOverlay.cs: 371b6fc494252d6fda34e207e170cb66 -> 
  custom:scripting/precompiled-assembly-types:Assembly-CSharp-Editor: f7c7739fc303cafe5879da7512dd0656 -> 
  custom:scripting/monoscript/fileName/CinemachineCollisionImpulseSourceEditor.cs: 29f9a522ec6b23375849ba08fd597c8d -> 
  custom:scripting/monoscript/fileName/JumpButton.cs: 82e6d242617ad477f32ce19b2a5161b4 -> 
  custom:scripting/monoscript/fileName/CinemachineIndependentImpulseListener.cs: 91ae8748b9c36955c333e57505ff90fb -> 
  custom:scripting/monoscript/fileName/CinemachineMixingCameraEditor.cs: 1c122a21d710512fec62cdc7bd351681 -> 
  custom:scripting/monoscript/fileName/CinemachinePostProcessing.cs: bf9b100a1b61fd5383288bc96487c194 -> 
  custom:scripting/monoscript/fileName/CinemachineInputProvider.cs: ecb845de690695f08b3b3bb647cc7006 -> 
  custom:scripting/monoscript/fileName/CinemachineColliderEditor.cs: 859d1abbd669ee84cb713f6d4d0e1c5f -> 
  custom:scripting/monoscript/fileName/CinemachineSameAsFollowTarget.cs: bcfa2d394e1e5460b4ef3dc039214a16 -> 
  custom:scripting/monoscript/fileName/CinemachineExtension.cs: 6968db4afcdc301f6acb1ef4fbadb2f4 -> 
  custom:scripting/monoscript/fileName/CinemachineTargetGroup.cs: 10a09aa736b3a25da6dd9fc3c4dd9d36 -> 
  custom:scripting/monoscript/fileName/CinemachineVirtualCameraBaseEditor.cs: 13ee4931cd85df4b22852d0547b5e690 -> 
  custom:scripting/monoscript/fileName/UpdateTracker.cs: 3dac8a24a32a32e4bbfeb38ed26ef250 -> 
  custom:scripting/monoscript/fileName/CinemachineComposerEditor.cs: dda533b9c6cb2b366292f584704bd904 -> 
  custom:scripting/monoscript/fileName/FloatingJoystick.cs: 516035e2342d093d90fb2bd11ff41e68 -> 
  custom:scripting/monoscript/fileName/Cinemachine3rdPersonFollow.cs: 4600bac2bdf6b37d80e86f9aa5a413c3 -> 
  custom:scripting/monoscript/fileName/EmbeddedAssetHelpers.cs: 90647cc400823b41df847a6cbfc29026 -> 
  custom:scripting/precompiled-assembly-types:Assembly-CSharp: e2d62612d1b4a1d9f29736dbfe0c71cb -> 98724c9a75c5cf593f713ad668a0273b
  custom:scripting/monoscript/fileName/CinemachineBlendListCamera.cs: 66104ac24fef171d9f5d5b93a8cb2f83 -> 
  custom:scripting/monoscript/fileName/CinemachineComponentBase.cs: 5293f153c13e9bd2fc262ec31ff69206 -> 
  custom:scripting/monoscript/fileName/BaseEditor.cs: 90647cc400823b41df847a6cbfc29026 -> 
  custom:container-muxer-webm: aa71ff27fc2769a1b78a27578f13a17b -> 
  custom:scripting/monoscript/fileName/SaveDuringPlay.cs: de39f1962b337699845d3d8a2e8f5bde -> 
========================================================================
Received Import Request.
  Time since last request: 1696.665385 seconds.
  path: Assets/Images/1.png
  artifactKey: Guid(8c5628cd2faf2da49ba501fefad547aa) Importer(815301076,1909f56bfc062723c751e8b465ee728b)
Start importing Assets/Images/1.png using Guid(8c5628cd2faf2da49ba501fefad547aa) Importer(815301076,1909f56bfc062723c751e8b465ee728b) [PhysX] Initialized MultithreadedTaskDispatcher with 4 workers.
[PhysX] Initialized MultithreadedTaskDispatcher with 4 workers.
 -> (artifact id: '38f91f037015548b3c3d79e5be5bd527') in 0.233993 seconds
Number of updated asset objects reloaded before import = 0
Number of asset objects unloaded after import = 3
========================================================================
Received Import Request.
  Time since last request: 0.000041 seconds.
  path: Assets/Images/ChatGPT Image 13 сент. 2025 г., 17_50_46.png
  artifactKey: Guid(0097637c889126b4b8da2ac61cfa58b9) Importer(815301076,1909f56bfc062723c751e8b465ee728b)
Start importing Assets/Images/ChatGPT Image 13 сент. 2025 г., 17_50_46.png using Guid(0097637c889126b4b8da2ac61cfa58b9) Importer(815301076,1909f56bfc062723c751e8b465ee728b) [PhysX] Initialized MultithreadedTaskDispatcher with 4 workers.
[PhysX] Initialized MultithreadedTaskDispatcher with 4 workers.
 -> (artifact id: 'd6233723c06bbe29ed4f46b24c63110b') in 0.149283 seconds
Number of updated asset objects reloaded before import = 0
Number of asset objects unloaded after import = 2
========================================================================
Received Import Request.
  Time since last request: 0.000061 seconds.
  path: Assets/Images/RoboStarWars.png
  artifactKey: Guid(41ecc5309a8f80243a1a2cc7eee28771) Importer(815301076,1909f56bfc062723c751e8b465ee728b)
Start importing Assets/Images/RoboStarWars.png using Guid(41ecc5309a8f80243a1a2cc7eee28771) Importer(815301076,1909f56bfc062723c751e8b465ee728b) [PhysX] Initialized MultithreadedTaskDispatcher with 4 workers.
[PhysX] Initialized MultithreadedTaskDispatcher with 4 workers.
 -> (artifact id: '08fd9016a9509c672ade519ad9ad11f4') in 0.072340 seconds
Number of updated asset objects reloaded before import = 0
Number of asset objects unloaded after import = 2
========================================================================
Received Import Request.
  Time since last request: 0.000037 seconds.
  path: Assets/Images/Grid2.jpg
  artifactKey: Guid(60fdca2dafd6ffc45801af95a4a2e52a) Importer(815301076,1909f56bfc062723c751e8b465ee728b)
Start importing Assets/Images/Grid2.jpg using Guid(60fdca2dafd6ffc45801af95a4a2e52a) Importer(815301076,1909f56bfc062723c751e8b465ee728b) [PhysX] Initialized MultithreadedTaskDispatcher with 4 workers.
[PhysX] Initialized MultithreadedTaskDispatcher with 4 workers.
 -> (artifact id: '78e02cbb408be8f6210ea346dea46c57') in 0.040194 seconds
Number of updated asset objects reloaded before import = 0
Number of asset objects unloaded after import = 2
========================================================================
Received Import Request.
  Time since last request: 0.000036 seconds.
  path: Assets/Images/bgUI.png
  artifactKey: Guid(4cf9d567d3aed024d8c64965897e78b4) Importer(815301076,1909f56bfc062723c751e8b465ee728b)
Start importing Assets/Images/bgUI.png using Guid(4cf9d567d3aed024d8c64965897e78b4) Importer(815301076,1909f56bfc062723c751e8b465ee728b) [PhysX] Initialized MultithreadedTaskDispatcher with 4 workers.
[PhysX] Initialized MultithreadedTaskDispatcher with 4 workers.
 -> (artifact id: '7aa04f46e3b2b7ca1d0f07d9760ef1d4') in 0.054407 seconds
Number of updated asset objects reloaded before import = 0
Number of asset objects unloaded after import = 3
========================================================================
Received Import Request.
  Time since last request: 0.000115 seconds.
  path: Assets/Images/wood.png
  artifactKey: Guid(a636ed0889ff27d47bef3a2e8472f1b0) Importer(815301076,1909f56bfc062723c751e8b465ee728b)
Start importing Assets/Images/wood.png using Guid(a636ed0889ff27d47bef3a2e8472f1b0) Importer(815301076,1909f56bfc062723c751e8b465ee728b) [PhysX] Initialized MultithreadedTaskDispatcher with 4 workers.
[PhysX] Initialized MultithreadedTaskDispatcher with 4 workers.
 -> (artifact id: 'bc5ba949d1a294b9a280dec9d30b7722') in 0.053469 seconds
Number of updated asset objects reloaded before import = 0
Number of asset objects unloaded after import = 3
========================================================================
Received Import Request.
  Time since last request: 91.277049 seconds.
  path: Assets/Images/Fire.png
  artifactKey: Guid(a45507e629184404d90077dd13ff45e4) Importer(815301076,1909f56bfc062723c751e8b465ee728b)
Start importing Assets/Images/Fire.png using Guid(a45507e629184404d90077dd13ff45e4) Importer(815301076,1909f56bfc062723c751e8b465ee728b) [PhysX] Initialized MultithreadedTaskDispatcher with 4 workers.
[PhysX] Initialized MultithreadedTaskDispatcher with 4 workers.
 -> (artifact id: 'e347f5e35543807d0242fb8ccf44b98d') in 0.126313 seconds
Number of updated asset objects reloaded before import = 0
Number of asset objects unloaded after import = 2
========================================================================
Received Import Request.
  Time since last request: 0.000039 seconds.
  path: Assets/Images/Jump.png
  artifactKey: Guid(111b0439d922fa440b56264c3352546d) Importer(815301076,1909f56bfc062723c751e8b465ee728b)
Start importing Assets/Images/Jump.png using Guid(111b0439d922fa440b56264c3352546d) Importer(815301076,1909f56bfc062723c751e8b465ee728b) [PhysX] Initialized MultithreadedTaskDispatcher with 4 workers.
[PhysX] Initialized MultithreadedTaskDispatcher with 4 workers.
 -> (artifact id: '277de5feedc3fb0bd06a16e6570375f9') in 0.039885 seconds
Number of updated asset objects reloaded before import = 0
Number of asset objects unloaded after import = 2
========================================================================
Received Import Request.
  Time since last request: 20.430162 seconds.
  path: Assets/Images/Jump.png
  artifactKey: Guid(111b0439d922fa440b56264c3352546d) Importer(815301076,1909f56bfc062723c751e8b465ee728b)
Start importing Assets/Images/Jump.png using Guid(111b0439d922fa440b56264c3352546d) Importer(815301076,1909f56bfc062723c751e8b465ee728b) [PhysX] Initialized MultithreadedTaskDispatcher with 4 workers.
[PhysX] Initialized MultithreadedTaskDispatcher with 4 workers.
 -> (artifact id: '71476e492c199b5ddf8cf7133889a3b6') in 0.079565 seconds
Number of updated asset objects reloaded before import = 0
Number of asset objects unloaded after import = 3
========================================================================
Received Import Request.
  Time since last request: 0.050988 seconds.
  path: Assets/Images/Fire.png
  artifactKey: Guid(a45507e629184404d90077dd13ff45e4) Importer(815301076,1909f56bfc062723c751e8b465ee728b)
Start importing Assets/Images/Fire.png using Guid(a45507e629184404d90077dd13ff45e4) Importer(815301076,1909f56bfc062723c751e8b465ee728b) [PhysX] Initialized MultithreadedTaskDispatcher with 4 workers.
[PhysX] Initialized MultithreadedTaskDispatcher with 4 workers.
 -> (artifact id: 'e807780b8c9b977609a8ce9133348ea3') in 0.149855 seconds
Number of updated asset objects reloaded before import = 0
Number of asset objects unloaded after import = 3
========================================================================
Received Import Request.
  Time since last request: 451.193909 seconds.
  path: Assets/Images/Joystick.png
  artifactKey: Guid(9d128cf6dc8cdf844b6a02bfbb010e59) Importer(815301076,1909f56bfc062723c751e8b465ee728b)
Start importing Assets/Images/Joystick.png using Guid(9d128cf6dc8cdf844b6a02bfbb010e59) Importer(815301076,1909f56bfc062723c751e8b465ee728b) [PhysX] Initialized MultithreadedTaskDispatcher with 4 workers.
[PhysX] Initialized MultithreadedTaskDispatcher with 4 workers.
 -> (artifact id: '4ea655d3351111954ce691bd1afba600') in 0.155035 seconds
Number of updated asset objects reloaded before import = 0
Number of asset objects unloaded after import = 2
========================================================================
Received Import Request.
  Time since last request: 13.883286 seconds.
  path: Assets/Images/Joystick.png
  artifactKey: Guid(9d128cf6dc8cdf844b6a02bfbb010e59) Importer(815301076,1909f56bfc062723c751e8b465ee728b)
Start importing Assets/Images/Joystick.png using Guid(9d128cf6dc8cdf844b6a02bfbb010e59) Importer(815301076,1909f56bfc062723c751e8b465ee728b) [PhysX] Initialized MultithreadedTaskDispatcher with 4 workers.
[PhysX] Initialized MultithreadedTaskDispatcher with 4 workers.
 -> (artifact id: 'a956932885ab55ec335762266fbbb776') in 0.052910 seconds
Number of updated asset objects reloaded before import = 0
Number of asset objects unloaded after import = 3
========================================================================
Received Prepare
Caller must complete domain reload
Begin MonoManager ReloadAssembly
- Loaded All Assemblies, in  1.016 seconds
Native extension for WindowsStandalone target not found
Native extension for Android target not found
Native extension for WebGL target not found
[Package Manager] Server::EnsureServerProcessIsRunning -- launch failed, reason: Unity was launched with the -noUpm command-line argument
[Package Manager] UpmClient::Send -- Unable to send message (not connected to UPM process).
[Package Manager] Cannot connect to Unity Package Manager local server
Mono: successfully reloaded assembly
- Finished resetting the current domain, in  2.178 seconds
Domain Reload Profiling: 3187ms
	BeginReloadAssembly (375ms)
		ExecutionOrderSort (0ms)
		DisableScriptedObjects (17ms)
		BackupInstance (0ms)
		ReleaseScriptingObjects (0ms)
		CreateAndSetChildDomain (63ms)
	RebuildCommonClasses (88ms)
	RebuildNativeTypeToScriptingClass (28ms)
	initialDomainReloadingComplete (77ms)
	LoadAllAssembliesAndSetupDomain (441ms)
		LoadAssemblies (646ms)
		RebuildTransferFunctionScriptingTraits (0ms)
		AnalyzeDomain (21ms)
			TypeCache.Refresh (7ms)
				TypeCache.ScanAssembly (0ms)
			ScanForSourceGeneratedMonoScriptInfo (0ms)
			ResolveRequiredComponents (11ms)
	FinalizeReload (2179ms)
		ReleaseScriptCaches (0ms)
		RebuildScriptCaches (0ms)
		SetupLoadedEditorAssemblies (1261ms)
			LogAssemblyErrors (0ms)
			InitializePlatformSupportModulesInManaged (59ms)
			SetLoadedEditorAssemblies (9ms)
			RefreshPlugins (0ms)
			BeforeProcessingInitializeOnLoad (145ms)
			ProcessInitializeOnLoadAttributes (974ms)
			ProcessInitializeOnLoadMethodAttributes (47ms)
			AfterProcessingInitializeOnLoad (26ms)
			EditorAssembliesLoaded (0ms)
		ExecutionOrderSort2 (0ms)
		AwakeInstancesAfterBackupRestoration (15ms)
Refreshing native plugins compatible for Editor in 13.13 ms, found 2 plugins.
Preloading 0 native plugins for Editor in 0.00 ms.
Unloading 1593 Unused Serialized files (Serialized files now loaded: 0)
Unloading 11 unused Assets / (123.8 KB). Loaded Objects now: 2406.
Memory consumption went from 90.3 MB to 90.1 MB.
Total: 8.663500 ms (FindLiveObjects: 0.438000 ms CreateObjectMapping: 0.136100 ms MarkObjects: 7.908000 ms  DeleteObjects: 0.179100 ms)

Prepare: number of updated asset objects reloaded= 0
AssetImportParameters requested are different than current active one (requested -> active):
  custom:scripting/monoscript/fileName/CinemachineGroupComposerEditor.cs: 54a07f36704e77a685a5e7e8c8b2c216 -> 
  custom:scripting/monoscript/fileName/JoystickEditor.cs: 406670d2fe263f5d7c582f8389f2b844 -> 
  custom:video-decoder-webm-vp8: 9c59270c3fd7afecdb556c50c9e8de78 -> 
  custom:scripting/monoscript/fileName/CinemachineConfinerEditor.cs: cc6c898a3390647ab91613c8a96de4b4 -> 
  custom:scripting/monoscript/fileName/CinemachineHardLookAt.cs: 792580aec23d39bcecd7ceea4c27a0ce -> 
  custom:scripting/monoscript/fileName/CinemachineInputAxisDriver.cs: 7e424e54660fed310c58dc98ea41042e -> 
  custom:scripting/monoscript/fileName/CinemachineStoryboardEditor.cs: 2e7ec8bfb72013eaaff4873a27da019c -> 
  custom:scripting/monoscript/fileName/CinemachineBasicMultiChannelPerlin.cs: bd5416e75860cd63657371207eb79058 -> 
  custom:scripting/monoscript/fileName/CinemachineBlendDefinitionPropertyDrawer.cs: 7ae344d19d646b738f3c65294becf216 -> 
  custom:scripting/monoscript/fileName/CinemachineTrackedDollyEditor.cs: b4d6784c58752cea58aafd9a76ca4459 -> 
  custom:scripting/monoscript/fileName/CinemachineImpulseManager.cs: c34be3577a810e26fd0110c580799b88 -> 
  custom:scripting/monoscript/fileName/CinemachineSmoothPath.cs: c28db2688f35d70587b5f943431a010a -> 
  custom:SearchIndexIgnoredProperties: e643bd26f0fe6173181afceb89e7c659 -> 
  custom:scripting/monoscript/fileName/CinemachineStateDrivenCamera.cs: aea2468a7384be4ba6d1b043ccec135d -> 
  custom:container-demuxer-ogg: 62fdf1f143b41e24485cea50d1cbac27 -> 
  custom:scripting/monoscript/fileName/CinemachineBlenderSettings.cs: 9adcb80668a56be4cd8e31c1d3dc60ae -> 
  custom:AudioImporter_EditorPlatform: d09bf68614088b80899f8185d706f6e7 -> 
  custom:scripting/monoscript/fileName/SignalSourceAsset.cs: f7ffd463dece56bad278f5a8d3ed7fc6 -> 
  custom:scripting/monoscript/fileName/CinemachineMixingCamera.cs: 739c5ceb76c01023f431794ec46a0177 -> 
  custom:scripting/monoscript/fileName/CinemachineCore.cs: fe6c3be993819098833de1628bfd76b2 -> 
  custom:scripting/monoscript/fileName/CinemachinePath.cs: b443d3c8837a65ddc3c78741cd58ec71 -> 
  custom:scripting/monoscript/fileName/CinemachineImpulseChannelPropertyDrawer.cs: 4b6390a17916751618e2a45cb8d47a80 -> 
  custom:scripting/monoscript/fileName/JoystickPlayerExample.cs: 2ec96b3abad264f4393a91b76b487cb7 -> 
  custom:scripting/monoscript/fileName/SerializedPropertyHelper.cs: b04ac165255e34bc2935ca9bf180e209 -> 
  custom:scripting/monoscript/fileName/CinemachineFramingTransposer.cs: 7943c9d436748359882d8f978cf86c91 -> 
  custom:scripting/monoscript/fileName/CinemachineImpulseListenerEditor.cs: d5d28e418f87c111bce1c1b98f1f70ba -> 
  custom:scripting/monoscript/fileName/AxisState.cs: 1a494a66d8b9a58f4a6873f89bf5b094 -> 
  custom:scripting/monoscript/fileName/CinemachineDollyCart.cs: bbe9d07f4a2f7ee5ab002e66cb05f922 -> 
  custom:scripting/monoscript/fileName/CinemachineStoryboard.cs: 59a2099f76be9b47af1e12ed7d40f553 -> 
  custom:scripting/monoscript/fileName/CinemachineClearShot.cs: 1da15f5c7903497ce3ae982ee4ee4779 -> 
  custom:scripting/monoscript/fileName/CinemachinePOVEditor.cs: 71db5a9242a182995b4ca15db516f628 -> 
  custom:scripting/monoscript/fileName/JoystickSetterExample.cs: 9ef810522df7cdd512f52a98ae7a04f9 -> 
  custom:scripting/monoscript/fileName/CinemachineMixer.cs: 2e36eb9e732dd7c8a32e8f83daebd6f4 -> 
  custom:scripting/monoscript/fileName/CinemachinePixelPerfect.cs: 2f42bea4517739481ed2553d1616050e -> 
  custom:scripting/monoscript/fileName/CinemachineTrackedDolly.cs: f6a9c21b27ad86d45f62f6b444ccbb49 -> 
  custom:scripting/monoscript/fileName/CinemachineHardLookAtEditor.cs: 15b8f2af6a6d786898ce5dd6b0db26dc -> 
  custom:scripting/monoscript/fileName/CinemachineConfiner.cs: 3813336c17662a5cb6b59ce5f1954254 -> 
  custom:scripting/monoscript/fileName/CinemachineComposer.cs: e399dfd36807c341da7cd182ce299d1e -> 
  custom:scripting/monoscript/fileName/CinemachineTrack.cs: 4b50d47d507c57dc81b82253ec075194 -> 
  custom:scripting/monoscript/fileName/VariableJoystickEditor.cs: fee5e077b31909c4bba3d7329fdefd90 -> 
  custom:scripting/monoscript/fileName/CinemachineSmoothPathEditor.cs: 7555bcba4eb760e012dd21c6730ae562 -> 
  custom:scripting/monoscript/fileName/ScriptableObjectUtility.cs: c529d074f6f57a07e3f410d488963bbc -> 
  custom:scripting/monoscript/fileName/CinemachineBrain.cs: 365b4e0b6319f064062e97b8f8e32c8e -> 
  custom:scripting/monoscript/fileName/GlobalEvents.cs: 67f83bda753ae83eb95a23f3cd97c01c -> 
  custom:scripting/monoscript/fileName/CinemachineImpulseDefinitionPropertyDrawer.cs: 1b2fc77b0a80a7e0e9045e0d44fb761c -> 
  custom:scripting/monoscript/fileName/CinemachineColliderPrefs.cs: 47106451d4685409820905badf49b71f -> 
  custom:scripting/monoscript/fileName/CinemachineFollowZoom.cs: eb74e2e98d3dc4647324e113f34710ca -> 
  custom:scripting/monoscript/fileName/CinemachineDebug.cs: 3077ed3b64725184c652d4c07ac732fd -> 
  custom:scripting/monoscript/fileName/CinemachineLensPresets.cs: 014747fb0ab87178c677520d0bf20bf7 -> 
  custom:video-decoder-ogg-theora: a1e56fd34408186e4bbccfd4996cb3dc -> 
  custom:scripting/monoscript/fileName/CinemachineOrbitalTransposer.cs: 71c52878ba6d43827473a480056a99da -> 
  custom:scripting/monoscript/fileName/Weapon.cs: 0b4d856b429b31aad65662a3c52c642a -> 
  custom:scripting/monoscript/fileName/CinemachineCameraOffset.cs: a6887f67d3eb83cc6393b822d4e65121 -> 
  custom:scripting/monoscript/fileName/ICinemachineCamera.cs: 2faad4f04eaf5d98c2870adbfb06184e -> 
  custom:scripting/monoscript/fileName/CinemachinePathBase.cs: debb99764287c54cae06313e2d6a1fe1 -> 
  custom:scripting/monoscript/fileName/CinemachineImpulseSource.cs: ac073b8453e26c5dd422d5f1a90a7ff2 -> 
  custom:scripting/monoscript/fileName/CinemachineShotPlayable.cs: e346ad1ecb4af45da55274cb9abd9ec0 -> 
  custom:scripting/monoscript/fileName/CinemachineTagFieldPropertyDrawer.cs: e78491a12decd558a49d01cc583bfcfb -> 
  custom:framework-win-MediaFoundation: 216162199b28c13a410421893ffa2e32 -> 
  custom:scripting/monoscript/fileName/CinemachineVolumeSettings.cs: 22782cc3dbf8dfd1cb54e8486f29fe0d -> 
  custom:scripting/monoscript/fileName/CinemachineImpulseEnvelopePropertyDrawer.cs: 07e00c9c84964a5c7e4f3f19e4263ec1 -> 
  custom:scripting/monoscript/fileName/SplineHelpers.cs: 9e5bf4293b3828088291b7871e233a27 -> 
  custom:scripting/monoscript/fileName/CinemachineImpulseSourceEditor.cs: 0ef7804c69c18838aa65e6d5bae5b055 -> 
  custom:scripting/monoscript/fileName/CinemachineExternalCameraEditor.cs: d74df442250b898c9b40669a19100e9d -> 
  custom:scripting/monoscript/fileName/DynamicJoystickEditor.cs: f92673ca2cd03c2f140cf81ccfee7ccb -> 
  custom:scripting/monoscript/fileName/CinemachineSameAsFollowTargetEditor.cs: 6def40fc1e39b3242347b6630fb5127e -> 
  custom:scripting/monoscript/fileName/CinemachineTargetGroupEditor.cs: f70ac85df8c1c9bd0b83a35534bafd1f -> 
  custom:scripting/monoscript/fileName/CinemachineRecomposer.cs: 07354cca81f7d0775b027b5906330569 -> 
  custom:scripting/monoscript/fileName/CinemachineTransposer.cs: aa226dd144b3a977b86ea888b85df5fa -> 
  custom:scripting/monoscript/fileName/CinemachineBlendListCameraEditor.cs: dbc12d2a9f3e2999a067290c411b2aca -> 
  custom:scripting/monoscript/fileName/TargetPositionCache.cs: 49ce97e6930a536b43825141e0c2d3a4 -> 
  custom:scripting/monoscript/fileName/CinemachineShot.cs: 3d4d9d05534db20e82d871d98ea52716 -> 
  custom:scripting/monoscript/fileName/UnityVectorExtensions.cs: 052777772edecdffe26d41a6a989641e -> 
  custom:scripting/monoscript/fileName/CinemachineBasicMultiChannelPerlinEditor.cs: d6749cd6c482efa27bdd41f60394f1b9 -> 
  custom:scripting/monoscript/fileName/CinemachineImpulseChannels.cs: a9a39cc5ecea1f083db0fce154eec19c -> 
  custom:scripting/monoscript/fileName/CinemachineHardLockToTarget.cs: d349308c5b4f600a345055c394206f52 -> 
  custom:scripting/monoscript/fileName/CinemachineConfiner2D.cs: beb10be0db8ff9d3a94bd0a150963b9b -> 
  custom:scripting/monoscript/fileName/LensSettings.cs: 4335e899502c57ee4480b8c9aa915366 -> 
  custom:scripting/monoscript/fileName/CinemachineExternalCamera.cs: d76122377115c288d881064c3f07a3f1 -> 
  custom:scripting/monoscript/fileName/Cinemachine3rdPersonAim.cs: 4bd230d915f070bb3cae23bef6f7ab70 -> 
  custom:scripting/monoscript/fileName/ReflectionHelpers.cs: 60a5d38af3e775d0a421a7ff630d61cc -> 
  custom:scripting/monoscript/fileName/CinemachineVirtualCamera.cs: f16f2dc5bc1261579875c19605c45301 -> 
  custom:scripting/monoscript/fileName/DynamicJoystick.cs: fa6fdbd0de9beec4a70bc764c26bb796 -> 
  custom:scripting/monoscript/fileName/Predictor.cs: d51584936cb5b31b30ee7b444e03385b -> 
  custom:scripting/monoscript/fileName/CinemachineImpulseListener.cs: 6aac146243d38e7a67346170caa40ea1 -> 
  custom:scripting/monoscript/fileName/CinemachineOrbitalTransposerEditor.cs: 5ea2e4bec7ee6c24917bd86647f4bffa -> 
  custom:scripting/monoscript/fileName/CinemachineConfiner2DEditor.cs: 3f4b3d9b17ff5cd560135aa24f822994 -> 
  custom:scripting/monoscript/fileName/RigidbodyVoxelController.cs: d93a52a180fbbe603a59e9aa6da73c83 -> 7ca90fb0e37f14d197d0c5589d1c29f7
  custom:scripting/monoscript/fileName/GroupWeightManipulator.cs: 588749cf3436a8199e762a8e09bc8de7 -> 
  custom:scripting/monoscript/fileName/AxisStatePropertyDrawer.cs: 2d807695a513641e771c78e6c342ff04 -> 
  custom:video-encoder-webm-vp8: eb34c28f22e8b96e1ab97ce403110664 -> 
  custom:scripting/monoscript/fileName/CinemachineScreenComposerGuides.cs: cdc7ea02ccc4c8d1561d98d16760d1ca -> 
  custom:scripting/monoscript/fileName/CinemachinePropertyAttribute.cs: e8158d9725ac3a9129a08e46a4ff7519 -> 
  custom:scripting/monoscript/fileName/CinemachineVirtualCameraEditor.cs: 2e051d0c474634e907fe4123d6e2656e -> 
  custom:scripting/monoscript/fileName/CinemachineMenu.cs: 7b932811d9fa1e44d0d8b2b9ed75adf3 -> 
  custom:scripting/monoscript/fileName/RuntimeUtility.cs: 8c92a9f673836e5d2084dbeb0f10159f -> 
  custom:scripting/monoscript/fileName/CinemachineFreeLook.cs: bebc32b18bc4beddc113bad68624e557 -> 
  custom:scripting/monoscript/fileName/CinemachineSettings.cs: 197f6d5ad32e253546b5afa056a5bba4 -> 
  custom:audio-decoder-ogg-vorbis: bf7c407c2cedff20999df2af8eb42d56 -> 
  custom:scripting/monoscript/fileName/CinemachineGroupComposer.cs: 173a689a80ef321c302f9c045419668f -> 
  custom:scripting/monoscript/fileName/PlayerController.cs: d93a52a180fbbe603a59e9aa6da73c83 -> 
  custom:scripting/monoscript/fileName/CinemachineVirtualCameraBase.cs: c7e60cccdcb14ee2a33da9fd46c1c54f -> 
  custom:scripting/monoscript/fileName/CinemachineFixedSignal.cs: aedcdca7a861da6e456e0ae105b24c41 -> 
  custom:scripting/monoscript/fileName/CinemachineShotClipEditor.cs: 123a48531bf1d1b4f3c8398556caec62 -> 
  custom:scripting/monoscript/fileName/CinemachineNoiseSettingsEditor.cs: 9056e69d9c759ba2504535054fff31c9 -> 
  custom:scripting/monoscript/fileName/CinemachineTouchInputMapper.cs: b9698729a07a7d31c864247e0582b566 -> 
  custom:scripting/monoscript/fileName/CinemachineTriggerAction.cs: cab9c5d02c28af05797c2c3743539bdb -> 
  custom:scripting/monoscript/fileName/InspectorUtility.cs: e13a8546bf784ce9963c508abb88926b -> 
  custom:CustomObjectIndexerAttribute: 9a22284fe3817be447336de3de66b15e -> 
  custom:scripting/monoscript/fileName/CinemachinePOV.cs: e4df06d1994174afa286b103eb06ee7f -> 
  custom:scripting/monoscript/fileName/CinemachineBlenderSettingsEditor.cs: c57aa7de12bc3e7367ca091f4902c67b -> 
  custom:scripting/monoscript/fileName/CinemachineBlend.cs: f33659d50c4d86144d649aa7e8196529 -> 
  custom:scripting/precompiled-assembly-types:Cinemachine: 54c8b091bb91c32bfeada952c9c53e21 -> 
  custom:scripting/monoscript/fileName/CinemachineImpulseDefinition.cs: 3d434086a2bdaf715abf85e79e9f14b4 -> 
  custom:scripting/precompiled-assembly-types:com.unity.cinemachine.editor: e24bde9f61664824443e2ae04112f2bb -> 
  custom:scripting/monoscript/fileName/CinemachineFreeLookEditor.cs: 9641291977c1891a004ac4c4c259e1c8 -> 
  custom:scripting/monoscript/fileName/CinemachineTransposerEditor.cs: 85841a774ddea4fb7232a7a585f716b4 -> 
  custom:scripting/monoscript/fileName/FloatingJoystickEditor.cs: 20a94efd412f2009d4e6722fe16a3051 -> 
  custom:scripting/monoscript/fileName/clipper.cs: 2a50e35a835148907b3c1fa8e187ab2b -> 
  custom:scripting/monoscript/fileName/NoiseSettings.cs: 443d576e0c72ab62870476103c9384ec -> 
  custom:scripting/monoscript/fileName/VariableJoystick.cs: 6a21e483212ef280c767be5522709419 -> 
  custom:scripting/monoscript/fileName/GaussianFilter.cs: 0a3672ebe80edf7c5daca82445c15683 -> 
  custom:scripting/monoscript/fileName/CinemachineSceneTools.cs: d63880a6073ab3335301b115db235b5b -> 
  custom:scripting/monoscript/fileName/Cinemachine3rdPersonFollowEditor.cs: f79aa162534f81c680877e6274b5d6ec -> 
  custom:scripting/monoscript/fileName/EmbeddedAssetPropertyDrawer.cs: fd7ebc18093de04c88d0cfc86fb060f5 -> 
  custom:scripting/monoscript/fileName/FixedJoystick.cs: ceaced0056a716bd82a85e0f3d488361 -> 
  custom:container-demuxer-webm: 4f35f7cbe854078d1ac9338744f61a02 -> 
  custom:scripting/monoscript/fileName/CinemachineTriggerActionEditor.cs: 2309a2ec6192ace4cae8bab5a535978e -> 
  custom:scripting/monoscript/fileName/ConfinerOven.cs: ff23c03e90b61beb34474fc6e4ff668c -> 
  custom:scripting/monoscript/fileName/VcamTargetPropertyDrawer.cs: 9208050b1312b118a226fef2d63e8fa1 -> 
  custom:scripting/monoscript/fileName/CinemachineCollisionImpulseSource.cs: 9aae5e368cb7786be199f98f2122f96d -> 
  custom:scripting/monoscript/fileName/CinemachineClearShotEditor.cs: ca8875b47e775cd361c78158d7923690 -> 
  custom:scripting/monoscript/fileName/WaveformWindow.cs: 01bbc4fc017d41a2bab7fb57c988e8da -> 
  custom:scripting/monoscript/fileName/CinemachinePipeline.cs: 6ca7a5979a0a73ea1d450a8fc9b437ef -> 
  custom:scripting/monoscript/fileName/CinemachineEditorAnalytics.cs: de76cc292d7ecedcf47af6616498c9f9 -> 
  custom:scripting/monoscript/fileName/Joystick.cs: c13c665079b3ba178e3a8ef05c62070b -> 
  custom:scripting/monoscript/fileName/NoiseSettingsPropertyDrawer.cs: 8d3f69ba7eeec63914970bd3136b6ace -> 
  custom:scripting/monoscript/fileName/VcamStageEditor.cs: 84b0eaf932b448975a99972628e556d8 -> 
  custom:scripting/monoscript/fileName/CinemachineBrainEditor.cs: 49621d8b7679c0b5d128fef53d55becd -> 
  custom:scripting/monoscript/fileName/CinemachineFramingTransposerEditor.cs: 1653e1c00b2ca68b1d40f01e5bfb8445 -> 
  custom:scripting/monoscript/fileName/CinemachineShotEditor.cs: 2ba28b209a4ad7f0a791994d2360a9af -> 
  custom:scripting/monoscript/fileName/CinemachineStateDrivenCameraEditor.cs: 77d9f0a97385f936d9b4ffaa686bce39 -> 
  custom:scripting/monoscript/fileName/OrbitalTransposerHeadingPropertyDrawer.cs: 22496b76ce84f35f630c90badc4babd8 -> 
  custom:scripting/monoscript/fileName/CinemachineHardLockToTargetEditor.cs: c65eaafd47115974a2a9379aae467b0e -> 
  custom:scripting/monoscript/fileName/CinemachinePathEditor.cs: ce10985fbf0e018e2dea63fedae131ba -> 
  custom:scripting/monoscript/fileName/CinemachineCollider.cs: 8fa92f525b1c31cd81812685d7f8c288 -> 
  custom:audio-encoder-webm-vorbis: bf7c407c2cedff20999df2af8eb42d56 -> 
  custom:scripting/monoscript/fileName/CameraState.cs: 6ae7088fa20820e052d1e4d86059e90b -> 
  custom:scripting/monoscript/fileName/CinemachineToolbarOverlay.cs: 371b6fc494252d6fda34e207e170cb66 -> 
  custom:scripting/precompiled-assembly-types:Assembly-CSharp-Editor: f7c7739fc303cafe5879da7512dd0656 -> 
  custom:scripting/monoscript/fileName/CinemachineCollisionImpulseSourceEditor.cs: 29f9a522ec6b23375849ba08fd597c8d -> 
  custom:scripting/monoscript/fileName/JumpButton.cs: 82e6d242617ad477f32ce19b2a5161b4 -> 
  custom:scripting/monoscript/fileName/CinemachineIndependentImpulseListener.cs: 91ae8748b9c36955c333e57505ff90fb -> 
  custom:scripting/monoscript/fileName/CinemachineMixingCameraEditor.cs: 1c122a21d710512fec62cdc7bd351681 -> 
  custom:scripting/monoscript/fileName/CinemachinePostProcessing.cs: bf9b100a1b61fd5383288bc96487c194 -> 
  custom:scripting/monoscript/fileName/CinemachineInputProvider.cs: ecb845de690695f08b3b3bb647cc7006 -> 
  custom:scripting/monoscript/fileName/CinemachineColliderEditor.cs: 859d1abbd669ee84cb713f6d4d0e1c5f -> 
  custom:scripting/monoscript/fileName/CinemachineSameAsFollowTarget.cs: bcfa2d394e1e5460b4ef3dc039214a16 -> 
  custom:scripting/monoscript/fileName/CinemachineExtension.cs: 6968db4afcdc301f6acb1ef4fbadb2f4 -> 
  custom:scripting/monoscript/fileName/CinemachineTargetGroup.cs: 10a09aa736b3a25da6dd9fc3c4dd9d36 -> 
  custom:scripting/monoscript/fileName/CinemachineVirtualCameraBaseEditor.cs: 13ee4931cd85df4b22852d0547b5e690 -> 
  custom:scripting/monoscript/fileName/UpdateTracker.cs: 3dac8a24a32a32e4bbfeb38ed26ef250 -> 
  custom:scripting/monoscript/fileName/CinemachineComposerEditor.cs: dda533b9c6cb2b366292f584704bd904 -> 
  custom:scripting/monoscript/fileName/FloatingJoystick.cs: 516035e2342d093d90fb2bd11ff41e68 -> 
  custom:scripting/monoscript/fileName/Cinemachine3rdPersonFollow.cs: 4600bac2bdf6b37d80e86f9aa5a413c3 -> 
  custom:scripting/monoscript/fileName/EmbeddedAssetHelpers.cs: 90647cc400823b41df847a6cbfc29026 -> 
  custom:scripting/precompiled-assembly-types:Assembly-CSharp: e2d62612d1b4a1d9f29736dbfe0c71cb -> 98724c9a75c5cf593f713ad668a0273b
  custom:scripting/monoscript/fileName/CinemachineBlendListCamera.cs: 66104ac24fef171d9f5d5b93a8cb2f83 -> 
  custom:scripting/monoscript/fileName/CinemachineComponentBase.cs: 5293f153c13e9bd2fc262ec31ff69206 -> 
  custom:scripting/monoscript/fileName/BaseEditor.cs: 90647cc400823b41df847a6cbfc29026 -> 
  custom:container-muxer-webm: aa71ff27fc2769a1b78a27578f13a17b -> 
  custom:scripting/monoscript/fileName/SaveDuringPlay.cs: de39f1962b337699845d3d8a2e8f5bde -> 
========================================================================
Received Prepare
Caller must complete domain reload
Begin MonoManager ReloadAssembly
- Loaded All Assemblies, in  1.050 seconds
Native extension for WindowsStandalone target not found
Native extension for Android target not found
Native extension for WebGL target not found
[Package Manager] Server::EnsureServerProcessIsRunning -- launch failed, reason: Unity was launched with the -noUpm command-line argument
[Package Manager] UpmClient::Send -- Unable to send message (not connected to UPM process).
[Package Manager] Cannot connect to Unity Package Manager local server
Mono: successfully reloaded assembly
- Finished resetting the current domain, in  2.108 seconds
Domain Reload Profiling: 3153ms
	BeginReloadAssembly (363ms)
		ExecutionOrderSort (0ms)
		DisableScriptedObjects (12ms)
		BackupInstance (0ms)
		ReleaseScriptingObjects (0ms)
		CreateAndSetChildDomain (65ms)
	RebuildCommonClasses (98ms)
	RebuildNativeTypeToScriptingClass (26ms)
	initialDomainReloadingComplete (69ms)
	LoadAllAssembliesAndSetupDomain (488ms)
		LoadAssemblies (664ms)
		RebuildTransferFunctionScriptingTraits (0ms)
		AnalyzeDomain (47ms)
			TypeCache.Refresh (15ms)
				TypeCache.ScanAssembly (2ms)
			ScanForSourceGeneratedMonoScriptInfo (18ms)
			ResolveRequiredComponents (11ms)
	FinalizeReload (2110ms)
		ReleaseScriptCaches (0ms)
		RebuildScriptCaches (0ms)
		SetupLoadedEditorAssemblies (1131ms)
			LogAssemblyErrors (0ms)
			InitializePlatformSupportModulesInManaged (53ms)
			SetLoadedEditorAssemblies (9ms)
			RefreshPlugins (0ms)
			BeforeProcessingInitializeOnLoad (130ms)
			ProcessInitializeOnLoadAttributes (876ms)
			ProcessInitializeOnLoadMethodAttributes (42ms)
			AfterProcessingInitializeOnLoad (19ms)
			EditorAssembliesLoaded (0ms)
		ExecutionOrderSort2 (0ms)
		AwakeInstancesAfterBackupRestoration (14ms)
Refreshing native plugins compatible for Editor in 6.80 ms, found 2 plugins.
Preloading 0 native plugins for Editor in 0.00 ms.
Unloading 1594 Unused Serialized files (Serialized files now loaded: 0)
Unloading 11 unused Assets / (123.8 KB). Loaded Objects now: 2421.
Memory consumption went from 90.4 MB to 90.3 MB.
Total: 7.205500 ms (FindLiveObjects: 0.247800 ms CreateObjectMapping: 0.092400 ms MarkObjects: 6.630400 ms  DeleteObjects: 0.232500 ms)

Prepare: number of updated asset objects reloaded= 0
AssetImportParameters requested are different than current active one (requested -> active):
  custom:scripting/monoscript/fileName/CinemachineGroupComposerEditor.cs: 54a07f36704e77a685a5e7e8c8b2c216 -> 
  custom:scripting/monoscript/fileName/JoystickEditor.cs: 406670d2fe263f5d7c582f8389f2b844 -> 
  custom:video-decoder-webm-vp8: 9c59270c3fd7afecdb556c50c9e8de78 -> 
  custom:scripting/monoscript/fileName/CinemachineConfinerEditor.cs: cc6c898a3390647ab91613c8a96de4b4 -> 
  custom:scripting/monoscript/fileName/CinemachineHardLookAt.cs: 792580aec23d39bcecd7ceea4c27a0ce -> 
  custom:scripting/monoscript/fileName/CinemachineInputAxisDriver.cs: 7e424e54660fed310c58dc98ea41042e -> 
  custom:scripting/monoscript/fileName/CinemachineStoryboardEditor.cs: 2e7ec8bfb72013eaaff4873a27da019c -> 
  custom:scripting/monoscript/fileName/CinemachineBasicMultiChannelPerlin.cs: bd5416e75860cd63657371207eb79058 -> 
  custom:scripting/monoscript/fileName/CinemachineBlendDefinitionPropertyDrawer.cs: 7ae344d19d646b738f3c65294becf216 -> 
  custom:scripting/monoscript/fileName/CinemachineTrackedDollyEditor.cs: b4d6784c58752cea58aafd9a76ca4459 -> 
  custom:scripting/monoscript/fileName/CinemachineImpulseManager.cs: c34be3577a810e26fd0110c580799b88 -> 
  custom:scripting/monoscript/fileName/CinemachineSmoothPath.cs: c28db2688f35d70587b5f943431a010a -> 
  custom:SearchIndexIgnoredProperties: e643bd26f0fe6173181afceb89e7c659 -> 
  custom:scripting/monoscript/fileName/CinemachineStateDrivenCamera.cs: aea2468a7384be4ba6d1b043ccec135d -> 
  custom:container-demuxer-ogg: 62fdf1f143b41e24485cea50d1cbac27 -> 
  custom:scripting/monoscript/fileName/CinemachineBlenderSettings.cs: 9adcb80668a56be4cd8e31c1d3dc60ae -> 
  custom:AudioImporter_EditorPlatform: d09bf68614088b80899f8185d706f6e7 -> 
  custom:scripting/monoscript/fileName/SignalSourceAsset.cs: f7ffd463dece56bad278f5a8d3ed7fc6 -> 
  custom:scripting/monoscript/fileName/CinemachineMixingCamera.cs: 739c5ceb76c01023f431794ec46a0177 -> 
  custom:scripting/monoscript/fileName/CinemachineCore.cs: fe6c3be993819098833de1628bfd76b2 -> 
  custom:scripting/monoscript/fileName/CinemachinePath.cs: b443d3c8837a65ddc3c78741cd58ec71 -> 
  custom:scripting/monoscript/fileName/CinemachineImpulseChannelPropertyDrawer.cs: 4b6390a17916751618e2a45cb8d47a80 -> 
  custom:scripting/monoscript/fileName/JoystickPlayerExample.cs: 2ec96b3abad264f4393a91b76b487cb7 -> 
  custom:scripting/monoscript/fileName/SerializedPropertyHelper.cs: b04ac165255e34bc2935ca9bf180e209 -> 
  custom:scripting/monoscript/fileName/CinemachineFramingTransposer.cs: 7943c9d436748359882d8f978cf86c91 -> 
  custom:scripting/monoscript/fileName/CinemachineImpulseListenerEditor.cs: d5d28e418f87c111bce1c1b98f1f70ba -> 
  custom:scripting/monoscript/fileName/AxisState.cs: 1a494a66d8b9a58f4a6873f89bf5b094 -> 
  custom:scripting/monoscript/fileName/CinemachineDollyCart.cs: bbe9d07f4a2f7ee5ab002e66cb05f922 -> 
  custom:scripting/monoscript/fileName/CinemachineStoryboard.cs: 59a2099f76be9b47af1e12ed7d40f553 -> 
  custom:scripting/monoscript/fileName/CinemachineClearShot.cs: 1da15f5c7903497ce3ae982ee4ee4779 -> 
  custom:scripting/monoscript/fileName/CinemachinePOVEditor.cs: 71db5a9242a182995b4ca15db516f628 -> 
  custom:scripting/monoscript/fileName/JoystickSetterExample.cs: 9ef810522df7cdd512f52a98ae7a04f9 -> 
  custom:scripting/monoscript/fileName/CinemachineMixer.cs: 2e36eb9e732dd7c8a32e8f83daebd6f4 -> 
  custom:scripting/monoscript/fileName/CinemachinePixelPerfect.cs: 2f42bea4517739481ed2553d1616050e -> 
  custom:scripting/monoscript/fileName/CinemachineTrackedDolly.cs: f6a9c21b27ad86d45f62f6b444ccbb49 -> 
  custom:scripting/monoscript/fileName/CinemachineHardLookAtEditor.cs: 15b8f2af6a6d786898ce5dd6b0db26dc -> 
  custom:scripting/monoscript/fileName/CinemachineConfiner.cs: 3813336c17662a5cb6b59ce5f1954254 -> 
  custom:scripting/monoscript/fileName/CinemachineComposer.cs: e399dfd36807c341da7cd182ce299d1e -> 
  custom:scripting/monoscript/fileName/CinemachineTrack.cs: 4b50d47d507c57dc81b82253ec075194 -> 
  custom:scripting/monoscript/fileName/VariableJoystickEditor.cs: fee5e077b31909c4bba3d7329fdefd90 -> 
  custom:scripting/monoscript/fileName/CinemachineSmoothPathEditor.cs: 7555bcba4eb760e012dd21c6730ae562 -> 
  custom:scripting/monoscript/fileName/ScriptableObjectUtility.cs: c529d074f6f57a07e3f410d488963bbc -> 
  custom:scripting/monoscript/fileName/CinemachineBrain.cs: 365b4e0b6319f064062e97b8f8e32c8e -> 
  custom:scripting/monoscript/fileName/GlobalEvents.cs: 67f83bda753ae83eb95a23f3cd97c01c -> 
  custom:scripting/monoscript/fileName/CinemachineImpulseDefinitionPropertyDrawer.cs: 1b2fc77b0a80a7e0e9045e0d44fb761c -> 
  custom:scripting/monoscript/fileName/CinemachineColliderPrefs.cs: 47106451d4685409820905badf49b71f -> 
  custom:scripting/monoscript/fileName/CinemachineFollowZoom.cs: eb74e2e98d3dc4647324e113f34710ca -> 
  custom:scripting/monoscript/fileName/CinemachineDebug.cs: 3077ed3b64725184c652d4c07ac732fd -> 
  custom:scripting/monoscript/fileName/CinemachineLensPresets.cs: 014747fb0ab87178c677520d0bf20bf7 -> 
  custom:video-decoder-ogg-theora: a1e56fd34408186e4bbccfd4996cb3dc -> 
  custom:scripting/monoscript/fileName/CinemachineOrbitalTransposer.cs: 71c52878ba6d43827473a480056a99da -> 
  custom:scripting/monoscript/fileName/Weapon.cs: 0b4d856b429b31aad65662a3c52c642a -> 
  custom:scripting/monoscript/fileName/CinemachineCameraOffset.cs: a6887f67d3eb83cc6393b822d4e65121 -> 
  custom:scripting/monoscript/fileName/ICinemachineCamera.cs: 2faad4f04eaf5d98c2870adbfb06184e -> 
  custom:scripting/monoscript/fileName/CinemachinePathBase.cs: debb99764287c54cae06313e2d6a1fe1 -> 
  custom:scripting/monoscript/fileName/CinemachineImpulseSource.cs: ac073b8453e26c5dd422d5f1a90a7ff2 -> 
  custom:scripting/monoscript/fileName/CinemachineShotPlayable.cs: e346ad1ecb4af45da55274cb9abd9ec0 -> 
  custom:scripting/monoscript/fileName/CinemachineTagFieldPropertyDrawer.cs: e78491a12decd558a49d01cc583bfcfb -> 
  custom:framework-win-MediaFoundation: 216162199b28c13a410421893ffa2e32 -> 
  custom:scripting/monoscript/fileName/CinemachineVolumeSettings.cs: 22782cc3dbf8dfd1cb54e8486f29fe0d -> 
  custom:scripting/monoscript/fileName/CinemachineImpulseEnvelopePropertyDrawer.cs: 07e00c9c84964a5c7e4f3f19e4263ec1 -> 
  custom:scripting/monoscript/fileName/SplineHelpers.cs: 9e5bf4293b3828088291b7871e233a27 -> 
  custom:scripting/monoscript/fileName/CinemachineImpulseSourceEditor.cs: 0ef7804c69c18838aa65e6d5bae5b055 -> 
  custom:scripting/monoscript/fileName/CinemachineExternalCameraEditor.cs: d74df442250b898c9b40669a19100e9d -> 
  custom:scripting/monoscript/fileName/DynamicJoystickEditor.cs: f92673ca2cd03c2f140cf81ccfee7ccb -> 
  custom:scripting/monoscript/fileName/CinemachineSameAsFollowTargetEditor.cs: 6def40fc1e39b3242347b6630fb5127e -> 
  custom:scripting/monoscript/fileName/CinemachineTargetGroupEditor.cs: f70ac85df8c1c9bd0b83a35534bafd1f -> 
  custom:scripting/monoscript/fileName/CinemachineRecomposer.cs: 07354cca81f7d0775b027b5906330569 -> 
  custom:scripting/monoscript/fileName/CinemachineTransposer.cs: aa226dd144b3a977b86ea888b85df5fa -> 
  custom:scripting/monoscript/fileName/CinemachineBlendListCameraEditor.cs: dbc12d2a9f3e2999a067290c411b2aca -> 
  custom:scripting/monoscript/fileName/TargetPositionCache.cs: 49ce97e6930a536b43825141e0c2d3a4 -> 
  custom:scripting/monoscript/fileName/CinemachineShot.cs: 3d4d9d05534db20e82d871d98ea52716 -> 
  custom:scripting/monoscript/fileName/UnityVectorExtensions.cs: 052777772edecdffe26d41a6a989641e -> 
  custom:scripting/monoscript/fileName/CinemachineBasicMultiChannelPerlinEditor.cs: d6749cd6c482efa27bdd41f60394f1b9 -> 
  custom:scripting/monoscript/fileName/CinemachineImpulseChannels.cs: a9a39cc5ecea1f083db0fce154eec19c -> 
  custom:scripting/monoscript/fileName/CinemachineHardLockToTarget.cs: d349308c5b4f600a345055c394206f52 -> 
  custom:scripting/monoscript/fileName/CinemachineConfiner2D.cs: beb10be0db8ff9d3a94bd0a150963b9b -> 
  custom:scripting/monoscript/fileName/LensSettings.cs: 4335e899502c57ee4480b8c9aa915366 -> 
  custom:scripting/monoscript/fileName/CinemachineExternalCamera.cs: d76122377115c288d881064c3f07a3f1 -> 
  custom:scripting/monoscript/fileName/Cinemachine3rdPersonAim.cs: 4bd230d915f070bb3cae23bef6f7ab70 -> 
  custom:scripting/monoscript/fileName/ReflectionHelpers.cs: 60a5d38af3e775d0a421a7ff630d61cc -> 
  custom:scripting/monoscript/fileName/CinemachineVirtualCamera.cs: f16f2dc5bc1261579875c19605c45301 -> 
  custom:scripting/monoscript/fileName/DynamicJoystick.cs: fa6fdbd0de9beec4a70bc764c26bb796 -> 
  custom:scripting/monoscript/fileName/Predictor.cs: d51584936cb5b31b30ee7b444e03385b -> 
  custom:scripting/monoscript/fileName/CinemachineImpulseListener.cs: 6aac146243d38e7a67346170caa40ea1 -> 
  custom:scripting/monoscript/fileName/CinemachineOrbitalTransposerEditor.cs: 5ea2e4bec7ee6c24917bd86647f4bffa -> 
  custom:scripting/monoscript/fileName/CinemachineConfiner2DEditor.cs: 3f4b3d9b17ff5cd560135aa24f822994 -> 
  custom:scripting/monoscript/fileName/RigidbodyVoxelController.cs: d93a52a180fbbe603a59e9aa6da73c83 -> 7ca90fb0e37f14d197d0c5589d1c29f7
  custom:scripting/monoscript/fileName/GroupWeightManipulator.cs: 588749cf3436a8199e762a8e09bc8de7 -> 
  custom:scripting/monoscript/fileName/AxisStatePropertyDrawer.cs: 2d807695a513641e771c78e6c342ff04 -> 
  custom:video-encoder-webm-vp8: eb34c28f22e8b96e1ab97ce403110664 -> 
  custom:scripting/monoscript/fileName/CinemachineScreenComposerGuides.cs: cdc7ea02ccc4c8d1561d98d16760d1ca -> 
  custom:scripting/monoscript/fileName/CinemachinePropertyAttribute.cs: e8158d9725ac3a9129a08e46a4ff7519 -> 
  custom:scripting/monoscript/fileName/CinemachineVirtualCameraEditor.cs: 2e051d0c474634e907fe4123d6e2656e -> 
  custom:scripting/monoscript/fileName/CinemachineMenu.cs: 7b932811d9fa1e44d0d8b2b9ed75adf3 -> 
  custom:scripting/monoscript/fileName/RuntimeUtility.cs: 8c92a9f673836e5d2084dbeb0f10159f -> 
  custom:scripting/monoscript/fileName/CinemachineFreeLook.cs: bebc32b18bc4beddc113bad68624e557 -> 
  custom:scripting/monoscript/fileName/CinemachineSettings.cs: 197f6d5ad32e253546b5afa056a5bba4 -> 
  custom:audio-decoder-ogg-vorbis: bf7c407c2cedff20999df2af8eb42d56 -> 
  custom:scripting/monoscript/fileName/CinemachineGroupComposer.cs: 173a689a80ef321c302f9c045419668f -> 
  custom:scripting/monoscript/fileName/PlayerController.cs: d93a52a180fbbe603a59e9aa6da73c83 -> 
  custom:scripting/monoscript/fileName/CinemachineVirtualCameraBase.cs: c7e60cccdcb14ee2a33da9fd46c1c54f -> 
  custom:scripting/monoscript/fileName/CinemachineFixedSignal.cs: aedcdca7a861da6e456e0ae105b24c41 -> 
  custom:scripting/monoscript/fileName/CinemachineShotClipEditor.cs: 123a48531bf1d1b4f3c8398556caec62 -> 
  custom:scripting/monoscript/fileName/CinemachineNoiseSettingsEditor.cs: 9056e69d9c759ba2504535054fff31c9 -> 
  custom:scripting/monoscript/fileName/CinemachineTouchInputMapper.cs: b9698729a07a7d31c864247e0582b566 -> 
  custom:scripting/monoscript/fileName/CinemachineTriggerAction.cs: cab9c5d02c28af05797c2c3743539bdb -> 
  custom:scripting/monoscript/fileName/InspectorUtility.cs: e13a8546bf784ce9963c508abb88926b -> 
  custom:CustomObjectIndexerAttribute: 9a22284fe3817be447336de3de66b15e -> 
  custom:scripting/monoscript/fileName/CinemachinePOV.cs: e4df06d1994174afa286b103eb06ee7f -> 
  custom:scripting/monoscript/fileName/CinemachineBlenderSettingsEditor.cs: c57aa7de12bc3e7367ca091f4902c67b -> 
  custom:scripting/monoscript/fileName/CinemachineBlend.cs: f33659d50c4d86144d649aa7e8196529 -> 
  custom:scripting/precompiled-assembly-types:Cinemachine: 54c8b091bb91c32bfeada952c9c53e21 -> 
  custom:scripting/monoscript/fileName/CinemachineImpulseDefinition.cs: 3d434086a2bdaf715abf85e79e9f14b4 -> 
  custom:scripting/precompiled-assembly-types:com.unity.cinemachine.editor: e24bde9f61664824443e2ae04112f2bb -> 
  custom:scripting/monoscript/fileName/CinemachineFreeLookEditor.cs: 9641291977c1891a004ac4c4c259e1c8 -> 
  custom:scripting/monoscript/fileName/CinemachineTransposerEditor.cs: 85841a774ddea4fb7232a7a585f716b4 -> 
  custom:scripting/monoscript/fileName/FloatingJoystickEditor.cs: 20a94efd412f2009d4e6722fe16a3051 -> 
  custom:scripting/monoscript/fileName/clipper.cs: 2a50e35a835148907b3c1fa8e187ab2b -> 
  custom:scripting/monoscript/fileName/NoiseSettings.cs: 443d576e0c72ab62870476103c9384ec -> 
  custom:scripting/monoscript/fileName/VariableJoystick.cs: 6a21e483212ef280c767be5522709419 -> 
  custom:scripting/monoscript/fileName/GaussianFilter.cs: 0a3672ebe80edf7c5daca82445c15683 -> 
  custom:scripting/monoscript/fileName/CinemachineSceneTools.cs: d63880a6073ab3335301b115db235b5b -> 
  custom:scripting/monoscript/fileName/Cinemachine3rdPersonFollowEditor.cs: f79aa162534f81c680877e6274b5d6ec -> 
  custom:scripting/monoscript/fileName/EmbeddedAssetPropertyDrawer.cs: fd7ebc18093de04c88d0cfc86fb060f5 -> 
  custom:scripting/monoscript/fileName/FixedJoystick.cs: ceaced0056a716bd82a85e0f3d488361 -> 
  custom:container-demuxer-webm: 4f35f7cbe854078d1ac9338744f61a02 -> 
  custom:scripting/monoscript/fileName/CinemachineTriggerActionEditor.cs: 2309a2ec6192ace4cae8bab5a535978e -> 
  custom:scripting/monoscript/fileName/ConfinerOven.cs: ff23c03e90b61beb34474fc6e4ff668c -> 
  custom:scripting/monoscript/fileName/VcamTargetPropertyDrawer.cs: 9208050b1312b118a226fef2d63e8fa1 -> 
  custom:scripting/monoscript/fileName/CinemachineCollisionImpulseSource.cs: 9aae5e368cb7786be199f98f2122f96d -> 
  custom:scripting/monoscript/fileName/CinemachineClearShotEditor.cs: ca8875b47e775cd361c78158d7923690 -> 
  custom:scripting/monoscript/fileName/WaveformWindow.cs: 01bbc4fc017d41a2bab7fb57c988e8da -> 
  custom:scripting/monoscript/fileName/CinemachinePipeline.cs: 6ca7a5979a0a73ea1d450a8fc9b437ef -> 
  custom:scripting/monoscript/fileName/CinemachineEditorAnalytics.cs: de76cc292d7ecedcf47af6616498c9f9 -> 
  custom:scripting/monoscript/fileName/Joystick.cs: c13c665079b3ba178e3a8ef05c62070b -> 
  custom:scripting/monoscript/fileName/NoiseSettingsPropertyDrawer.cs: 8d3f69ba7eeec63914970bd3136b6ace -> 
  custom:scripting/monoscript/fileName/VcamStageEditor.cs: 84b0eaf932b448975a99972628e556d8 -> 
  custom:scripting/monoscript/fileName/CinemachineBrainEditor.cs: 49621d8b7679c0b5d128fef53d55becd -> 
  custom:scripting/monoscript/fileName/CinemachineFramingTransposerEditor.cs: 1653e1c00b2ca68b1d40f01e5bfb8445 -> 
  custom:scripting/monoscript/fileName/CinemachineShotEditor.cs: 2ba28b209a4ad7f0a791994d2360a9af -> 
  custom:scripting/monoscript/fileName/CinemachineStateDrivenCameraEditor.cs: 77d9f0a97385f936d9b4ffaa686bce39 -> 
  custom:scripting/monoscript/fileName/OrbitalTransposerHeadingPropertyDrawer.cs: 22496b76ce84f35f630c90badc4babd8 -> 
  custom:scripting/monoscript/fileName/CinemachineHardLockToTargetEditor.cs: c65eaafd47115974a2a9379aae467b0e -> 
  custom:scripting/monoscript/fileName/CinemachinePathEditor.cs: ce10985fbf0e018e2dea63fedae131ba -> 
  custom:scripting/monoscript/fileName/CinemachineCollider.cs: 8fa92f525b1c31cd81812685d7f8c288 -> 
  custom:audio-encoder-webm-vorbis: bf7c407c2cedff20999df2af8eb42d56 -> 
  custom:scripting/monoscript/fileName/CameraState.cs: 6ae7088fa20820e052d1e4d86059e90b -> 
  custom:scripting/monoscript/fileName/CinemachineToolbarOverlay.cs: 371b6fc494252d6fda34e207e170cb66 -> 
  custom:scripting/precompiled-assembly-types:Assembly-CSharp-Editor: f7c7739fc303cafe5879da7512dd0656 -> 
  custom:scripting/monoscript/fileName/CinemachineCollisionImpulseSourceEditor.cs: 29f9a522ec6b23375849ba08fd597c8d -> 
  custom:scripting/monoscript/fileName/JumpButton.cs: 82e6d242617ad477f32ce19b2a5161b4 -> 
  custom:scripting/monoscript/fileName/CinemachineIndependentImpulseListener.cs: 91ae8748b9c36955c333e57505ff90fb -> 
  custom:scripting/monoscript/fileName/CinemachineMixingCameraEditor.cs: 1c122a21d710512fec62cdc7bd351681 -> 
  custom:scripting/monoscript/fileName/CinemachinePostProcessing.cs: bf9b100a1b61fd5383288bc96487c194 -> 
  custom:scripting/monoscript/fileName/CinemachineInputProvider.cs: ecb845de690695f08b3b3bb647cc7006 -> 
  custom:scripting/monoscript/fileName/CinemachineColliderEditor.cs: 859d1abbd669ee84cb713f6d4d0e1c5f -> 
  custom:scripting/monoscript/fileName/CinemachineSameAsFollowTarget.cs: bcfa2d394e1e5460b4ef3dc039214a16 -> 
  custom:scripting/monoscript/fileName/CinemachineExtension.cs: 6968db4afcdc301f6acb1ef4fbadb2f4 -> 
  custom:scripting/monoscript/fileName/CinemachineTargetGroup.cs: 10a09aa736b3a25da6dd9fc3c4dd9d36 -> 
  custom:scripting/monoscript/fileName/CinemachineVirtualCameraBaseEditor.cs: 13ee4931cd85df4b22852d0547b5e690 -> 
  custom:scripting/monoscript/fileName/UpdateTracker.cs: 3dac8a24a32a32e4bbfeb38ed26ef250 -> 
  custom:scripting/monoscript/fileName/CinemachineComposerEditor.cs: dda533b9c6cb2b366292f584704bd904 -> 
  custom:scripting/monoscript/fileName/FloatingJoystick.cs: 516035e2342d093d90fb2bd11ff41e68 -> 
  custom:scripting/monoscript/fileName/Cinemachine3rdPersonFollow.cs: 4600bac2bdf6b37d80e86f9aa5a413c3 -> 
  custom:scripting/monoscript/fileName/EmbeddedAssetHelpers.cs: 90647cc400823b41df847a6cbfc29026 -> 
  custom:scripting/precompiled-assembly-types:Assembly-CSharp: e2d62612d1b4a1d9f29736dbfe0c71cb -> 98724c9a75c5cf593f713ad668a0273b
  custom:scripting/monoscript/fileName/CinemachineBlendListCamera.cs: 66104ac24fef171d9f5d5b93a8cb2f83 -> 
  custom:scripting/monoscript/fileName/CinemachineComponentBase.cs: 5293f153c13e9bd2fc262ec31ff69206 -> 
  custom:scripting/monoscript/fileName/BaseEditor.cs: 90647cc400823b41df847a6cbfc29026 -> 
  custom:container-muxer-webm: aa71ff27fc2769a1b78a27578f13a17b -> 
  custom:scripting/monoscript/fileName/SaveDuringPlay.cs: de39f1962b337699845d3d8a2e8f5bde -> 
========================================================================
Received Prepare
Caller must complete domain reload
Begin MonoManager ReloadAssembly
- Loaded All Assemblies, in  1.561 seconds
Native extension for WindowsStandalone target not found
Native extension for Android target not found
Native extension for WebGL target not found
[Package Manager] Server::EnsureServerProcessIsRunning -- launch failed, reason: Unity was launched with the -noUpm command-line argument
[Package Manager] UpmClient::Send -- Unable to send message (not connected to UPM process).
[Package Manager] Cannot connect to Unity Package Manager local server
Mono: successfully reloaded assembly
- Finished resetting the current domain, in  2.172 seconds
Domain Reload Profiling: 3721ms
	BeginReloadAssembly (583ms)
		ExecutionOrderSort (0ms)
		DisableScriptedObjects (28ms)
		BackupInstance (0ms)
		ReleaseScriptingObjects (0ms)
		CreateAndSetChildDomain (83ms)
	RebuildCommonClasses (157ms)
	RebuildNativeTypeToScriptingClass (70ms)
	initialDomainReloadingComplete (141ms)
	LoadAllAssembliesAndSetupDomain (596ms)
		LoadAssemblies (958ms)
		RebuildTransferFunctionScriptingTraits (0ms)
		AnalyzeDomain (26ms)
			TypeCache.Refresh (7ms)
				TypeCache.ScanAssembly (0ms)
			ScanForSourceGeneratedMonoScriptInfo (0ms)
			ResolveRequiredComponents (15ms)
	FinalizeReload (2174ms)
		ReleaseScriptCaches (0ms)
		RebuildScriptCaches (0ms)
		SetupLoadedEditorAssemblies (1279ms)
			LogAssemblyErrors (0ms)
			InitializePlatformSupportModulesInManaged (55ms)
			SetLoadedEditorAssemblies (7ms)
			RefreshPlugins (0ms)
			BeforeProcessingInitializeOnLoad (123ms)
			ProcessInitializeOnLoadAttributes (1003ms)
			ProcessInitializeOnLoadMethodAttributes (64ms)
			AfterProcessingInitializeOnLoad (26ms)
			EditorAssembliesLoaded (0ms)
		ExecutionOrderSort2 (0ms)
		AwakeInstancesAfterBackupRestoration (17ms)
Refreshing native plugins compatible for Editor in 5.74 ms, found 2 plugins.
Preloading 0 native plugins for Editor in 0.00 ms.
Unloading 1594 Unused Serialized files (Serialized files now loaded: 0)
Unloading 11 unused Assets / (123.8 KB). Loaded Objects now: 2436.
Memory consumption went from 90.4 MB to 90.3 MB.
Total: 6.017600 ms (FindLiveObjects: 0.246700 ms CreateObjectMapping: 0.091200 ms MarkObjects: 5.495000 ms  DeleteObjects: 0.182800 ms)

Prepare: number of updated asset objects reloaded= 0
AssetImportParameters requested are different than current active one (requested -> active):
  custom:scripting/monoscript/fileName/CinemachineGroupComposerEditor.cs: 54a07f36704e77a685a5e7e8c8b2c216 -> 
  custom:scripting/monoscript/fileName/JoystickEditor.cs: 406670d2fe263f5d7c582f8389f2b844 -> 
  custom:video-decoder-webm-vp8: 9c59270c3fd7afecdb556c50c9e8de78 -> 
  custom:scripting/monoscript/fileName/CinemachineConfinerEditor.cs: cc6c898a3390647ab91613c8a96de4b4 -> 
  custom:scripting/monoscript/fileName/CinemachineHardLookAt.cs: 792580aec23d39bcecd7ceea4c27a0ce -> 
  custom:scripting/monoscript/fileName/CinemachineInputAxisDriver.cs: 7e424e54660fed310c58dc98ea41042e -> 
  custom:scripting/monoscript/fileName/CinemachineStoryboardEditor.cs: 2e7ec8bfb72013eaaff4873a27da019c -> 
  custom:scripting/monoscript/fileName/CinemachineBasicMultiChannelPerlin.cs: bd5416e75860cd63657371207eb79058 -> 
  custom:scripting/monoscript/fileName/CinemachineBlendDefinitionPropertyDrawer.cs: 7ae344d19d646b738f3c65294becf216 -> 
  custom:scripting/monoscript/fileName/CinemachineTrackedDollyEditor.cs: b4d6784c58752cea58aafd9a76ca4459 -> 
  custom:scripting/monoscript/fileName/CinemachineImpulseManager.cs: c34be3577a810e26fd0110c580799b88 -> 
  custom:scripting/monoscript/fileName/CinemachineSmoothPath.cs: c28db2688f35d70587b5f943431a010a -> 
  custom:SearchIndexIgnoredProperties: e643bd26f0fe6173181afceb89e7c659 -> 
  custom:scripting/monoscript/fileName/CinemachineStateDrivenCamera.cs: aea2468a7384be4ba6d1b043ccec135d -> 
  custom:container-demuxer-ogg: 62fdf1f143b41e24485cea50d1cbac27 -> 
  custom:scripting/monoscript/fileName/CinemachineBlenderSettings.cs: 9adcb80668a56be4cd8e31c1d3dc60ae -> 
  custom:AudioImporter_EditorPlatform: d09bf68614088b80899f8185d706f6e7 -> 
  custom:scripting/monoscript/fileName/SignalSourceAsset.cs: f7ffd463dece56bad278f5a8d3ed7fc6 -> 
  custom:scripting/monoscript/fileName/CinemachineMixingCamera.cs: 739c5ceb76c01023f431794ec46a0177 -> 
  custom:scripting/monoscript/fileName/CinemachineCore.cs: fe6c3be993819098833de1628bfd76b2 -> 
  custom:scripting/monoscript/fileName/CinemachinePath.cs: b443d3c8837a65ddc3c78741cd58ec71 -> 
  custom:scripting/monoscript/fileName/CinemachineImpulseChannelPropertyDrawer.cs: 4b6390a17916751618e2a45cb8d47a80 -> 
  custom:scripting/monoscript/fileName/JoystickPlayerExample.cs: 2ec96b3abad264f4393a91b76b487cb7 -> 
  custom:scripting/monoscript/fileName/SerializedPropertyHelper.cs: b04ac165255e34bc2935ca9bf180e209 -> 
  custom:scripting/monoscript/fileName/CinemachineFramingTransposer.cs: 7943c9d436748359882d8f978cf86c91 -> 
  custom:scripting/monoscript/fileName/CinemachineImpulseListenerEditor.cs: d5d28e418f87c111bce1c1b98f1f70ba -> 
  custom:scripting/monoscript/fileName/AxisState.cs: 1a494a66d8b9a58f4a6873f89bf5b094 -> 
  custom:scripting/monoscript/fileName/CinemachineDollyCart.cs: bbe9d07f4a2f7ee5ab002e66cb05f922 -> 
  custom:scripting/monoscript/fileName/CinemachineStoryboard.cs: 59a2099f76be9b47af1e12ed7d40f553 -> 
  custom:scripting/monoscript/fileName/CinemachineClearShot.cs: 1da15f5c7903497ce3ae982ee4ee4779 -> 
  custom:scripting/monoscript/fileName/CinemachinePOVEditor.cs: 71db5a9242a182995b4ca15db516f628 -> 
  custom:scripting/monoscript/fileName/JoystickSetterExample.cs: 9ef810522df7cdd512f52a98ae7a04f9 -> 
  custom:scripting/monoscript/fileName/CinemachineMixer.cs: 2e36eb9e732dd7c8a32e8f83daebd6f4 -> 
  custom:scripting/monoscript/fileName/CinemachinePixelPerfect.cs: 2f42bea4517739481ed2553d1616050e -> 
  custom:scripting/monoscript/fileName/CinemachineTrackedDolly.cs: f6a9c21b27ad86d45f62f6b444ccbb49 -> 
  custom:scripting/monoscript/fileName/CinemachineHardLookAtEditor.cs: 15b8f2af6a6d786898ce5dd6b0db26dc -> 
  custom:scripting/monoscript/fileName/CinemachineConfiner.cs: 3813336c17662a5cb6b59ce5f1954254 -> 
  custom:scripting/monoscript/fileName/CinemachineComposer.cs: e399dfd36807c341da7cd182ce299d1e -> 
  custom:scripting/monoscript/fileName/CinemachineTrack.cs: 4b50d47d507c57dc81b82253ec075194 -> 
  custom:scripting/monoscript/fileName/VariableJoystickEditor.cs: fee5e077b31909c4bba3d7329fdefd90 -> 
  custom:scripting/monoscript/fileName/CinemachineSmoothPathEditor.cs: 7555bcba4eb760e012dd21c6730ae562 -> 
  custom:scripting/monoscript/fileName/ScriptableObjectUtility.cs: c529d074f6f57a07e3f410d488963bbc -> 
  custom:scripting/monoscript/fileName/CinemachineBrain.cs: 365b4e0b6319f064062e97b8f8e32c8e -> 
  custom:scripting/monoscript/fileName/GlobalEvents.cs: 67f83bda753ae83eb95a23f3cd97c01c -> 
  custom:scripting/monoscript/fileName/CinemachineImpulseDefinitionPropertyDrawer.cs: 1b2fc77b0a80a7e0e9045e0d44fb761c -> 
  custom:scripting/monoscript/fileName/CinemachineColliderPrefs.cs: 47106451d4685409820905badf49b71f -> 
  custom:scripting/monoscript/fileName/CinemachineFollowZoom.cs: eb74e2e98d3dc4647324e113f34710ca -> 
  custom:scripting/monoscript/fileName/CinemachineDebug.cs: 3077ed3b64725184c652d4c07ac732fd -> 
  custom:scripting/monoscript/fileName/CinemachineLensPresets.cs: 014747fb0ab87178c677520d0bf20bf7 -> 
  custom:video-decoder-ogg-theora: a1e56fd34408186e4bbccfd4996cb3dc -> 
  custom:scripting/monoscript/fileName/CinemachineOrbitalTransposer.cs: 71c52878ba6d43827473a480056a99da -> 
  custom:scripting/monoscript/fileName/Weapon.cs: 0b4d856b429b31aad65662a3c52c642a -> 
  custom:scripting/monoscript/fileName/CinemachineCameraOffset.cs: a6887f67d3eb83cc6393b822d4e65121 -> 
  custom:scripting/monoscript/fileName/ICinemachineCamera.cs: 2faad4f04eaf5d98c2870adbfb06184e -> 
  custom:scripting/monoscript/fileName/CinemachinePathBase.cs: debb99764287c54cae06313e2d6a1fe1 -> 
  custom:scripting/monoscript/fileName/CinemachineImpulseSource.cs: ac073b8453e26c5dd422d5f1a90a7ff2 -> 
  custom:scripting/monoscript/fileName/CinemachineShotPlayable.cs: e346ad1ecb4af45da55274cb9abd9ec0 -> 
  custom:scripting/monoscript/fileName/CinemachineTagFieldPropertyDrawer.cs: e78491a12decd558a49d01cc583bfcfb -> 
  custom:framework-win-MediaFoundation: 216162199b28c13a410421893ffa2e32 -> 
  custom:scripting/monoscript/fileName/CinemachineVolumeSettings.cs: 22782cc3dbf8dfd1cb54e8486f29fe0d -> 
  custom:scripting/monoscript/fileName/CinemachineImpulseEnvelopePropertyDrawer.cs: 07e00c9c84964a5c7e4f3f19e4263ec1 -> 
  custom:scripting/monoscript/fileName/SplineHelpers.cs: 9e5bf4293b3828088291b7871e233a27 -> 
  custom:scripting/monoscript/fileName/CinemachineImpulseSourceEditor.cs: 0ef7804c69c18838aa65e6d5bae5b055 -> 
  custom:scripting/monoscript/fileName/CinemachineExternalCameraEditor.cs: d74df442250b898c9b40669a19100e9d -> 
  custom:scripting/monoscript/fileName/DynamicJoystickEditor.cs: f92673ca2cd03c2f140cf81ccfee7ccb -> 
  custom:scripting/monoscript/fileName/CinemachineSameAsFollowTargetEditor.cs: 6def40fc1e39b3242347b6630fb5127e -> 
  custom:scripting/monoscript/fileName/CinemachineTargetGroupEditor.cs: f70ac85df8c1c9bd0b83a35534bafd1f -> 
  custom:scripting/monoscript/fileName/CinemachineRecomposer.cs: 07354cca81f7d0775b027b5906330569 -> 
  custom:scripting/monoscript/fileName/CinemachineTransposer.cs: aa226dd144b3a977b86ea888b85df5fa -> 
  custom:scripting/monoscript/fileName/CinemachineBlendListCameraEditor.cs: dbc12d2a9f3e2999a067290c411b2aca -> 
  custom:scripting/monoscript/fileName/TargetPositionCache.cs: 49ce97e6930a536b43825141e0c2d3a4 -> 
  custom:scripting/monoscript/fileName/CinemachineShot.cs: 3d4d9d05534db20e82d871d98ea52716 -> 
  custom:scripting/monoscript/fileName/UnityVectorExtensions.cs: 052777772edecdffe26d41a6a989641e -> 
  custom:scripting/monoscript/fileName/CinemachineBasicMultiChannelPerlinEditor.cs: d6749cd6c482efa27bdd41f60394f1b9 -> 
  custom:scripting/monoscript/fileName/CinemachineImpulseChannels.cs: a9a39cc5ecea1f083db0fce154eec19c -> 
  custom:scripting/monoscript/fileName/CinemachineHardLockToTarget.cs: d349308c5b4f600a345055c394206f52 -> 
  custom:scripting/monoscript/fileName/CinemachineConfiner2D.cs: beb10be0db8ff9d3a94bd0a150963b9b -> 
  custom:scripting/monoscript/fileName/LensSettings.cs: 4335e899502c57ee4480b8c9aa915366 -> 
  custom:scripting/monoscript/fileName/CinemachineExternalCamera.cs: d76122377115c288d881064c3f07a3f1 -> 
  custom:scripting/monoscript/fileName/Cinemachine3rdPersonAim.cs: 4bd230d915f070bb3cae23bef6f7ab70 -> 
  custom:scripting/monoscript/fileName/ReflectionHelpers.cs: 60a5d38af3e775d0a421a7ff630d61cc -> 
  custom:scripting/monoscript/fileName/CinemachineVirtualCamera.cs: f16f2dc5bc1261579875c19605c45301 -> 
  custom:scripting/monoscript/fileName/DynamicJoystick.cs: fa6fdbd0de9beec4a70bc764c26bb796 -> 
  custom:scripting/monoscript/fileName/Predictor.cs: d51584936cb5b31b30ee7b444e03385b -> 
  custom:scripting/monoscript/fileName/CinemachineImpulseListener.cs: 6aac146243d38e7a67346170caa40ea1 -> 
  custom:scripting/monoscript/fileName/CinemachineOrbitalTransposerEditor.cs: 5ea2e4bec7ee6c24917bd86647f4bffa -> 
  custom:scripting/monoscript/fileName/CinemachineConfiner2DEditor.cs: 3f4b3d9b17ff5cd560135aa24f822994 -> 
  custom:scripting/monoscript/fileName/RigidbodyVoxelController.cs: d93a52a180fbbe603a59e9aa6da73c83 -> 7ca90fb0e37f14d197d0c5589d1c29f7
  custom:scripting/monoscript/fileName/GroupWeightManipulator.cs: 588749cf3436a8199e762a8e09bc8de7 -> 
  custom:scripting/monoscript/fileName/AxisStatePropertyDrawer.cs: 2d807695a513641e771c78e6c342ff04 -> 
  custom:video-encoder-webm-vp8: eb34c28f22e8b96e1ab97ce403110664 -> 
  custom:scripting/monoscript/fileName/CinemachineScreenComposerGuides.cs: cdc7ea02ccc4c8d1561d98d16760d1ca -> 
  custom:scripting/monoscript/fileName/CinemachinePropertyAttribute.cs: e8158d9725ac3a9129a08e46a4ff7519 -> 
  custom:scripting/monoscript/fileName/CinemachineVirtualCameraEditor.cs: 2e051d0c474634e907fe4123d6e2656e -> 
  custom:scripting/monoscript/fileName/CinemachineMenu.cs: 7b932811d9fa1e44d0d8b2b9ed75adf3 -> 
  custom:scripting/monoscript/fileName/RuntimeUtility.cs: 8c92a9f673836e5d2084dbeb0f10159f -> 
  custom:scripting/monoscript/fileName/CinemachineFreeLook.cs: bebc32b18bc4beddc113bad68624e557 -> 
  custom:scripting/monoscript/fileName/CinemachineSettings.cs: 197f6d5ad32e253546b5afa056a5bba4 -> 
  custom:audio-decoder-ogg-vorbis: bf7c407c2cedff20999df2af8eb42d56 -> 
  custom:scripting/monoscript/fileName/CinemachineGroupComposer.cs: 173a689a80ef321c302f9c045419668f -> 
  custom:scripting/monoscript/fileName/PlayerController.cs: d93a52a180fbbe603a59e9aa6da73c83 -> 
  custom:scripting/monoscript/fileName/CinemachineVirtualCameraBase.cs: c7e60cccdcb14ee2a33da9fd46c1c54f -> 
  custom:scripting/monoscript/fileName/CinemachineFixedSignal.cs: aedcdca7a861da6e456e0ae105b24c41 -> 
  custom:scripting/monoscript/fileName/CinemachineShotClipEditor.cs: 123a48531bf1d1b4f3c8398556caec62 -> 
  custom:scripting/monoscript/fileName/CinemachineNoiseSettingsEditor.cs: 9056e69d9c759ba2504535054fff31c9 -> 
  custom:scripting/monoscript/fileName/CinemachineTouchInputMapper.cs: b9698729a07a7d31c864247e0582b566 -> 
  custom:scripting/monoscript/fileName/CinemachineTriggerAction.cs: cab9c5d02c28af05797c2c3743539bdb -> 
  custom:scripting/monoscript/fileName/InspectorUtility.cs: e13a8546bf784ce9963c508abb88926b -> 
  custom:CustomObjectIndexerAttribute: 9a22284fe3817be447336de3de66b15e -> 
  custom:scripting/monoscript/fileName/CinemachinePOV.cs: e4df06d1994174afa286b103eb06ee7f -> 
  custom:scripting/monoscript/fileName/CinemachineBlenderSettingsEditor.cs: c57aa7de12bc3e7367ca091f4902c67b -> 
  custom:scripting/monoscript/fileName/CinemachineBlend.cs: f33659d50c4d86144d649aa7e8196529 -> 
  custom:scripting/precompiled-assembly-types:Cinemachine: 54c8b091bb91c32bfeada952c9c53e21 -> 
  custom:scripting/monoscript/fileName/CinemachineImpulseDefinition.cs: 3d434086a2bdaf715abf85e79e9f14b4 -> 
  custom:scripting/precompiled-assembly-types:com.unity.cinemachine.editor: e24bde9f61664824443e2ae04112f2bb -> 
  custom:scripting/monoscript/fileName/CinemachineFreeLookEditor.cs: 9641291977c1891a004ac4c4c259e1c8 -> 
  custom:scripting/monoscript/fileName/CinemachineTransposerEditor.cs: 85841a774ddea4fb7232a7a585f716b4 -> 
  custom:scripting/monoscript/fileName/FloatingJoystickEditor.cs: 20a94efd412f2009d4e6722fe16a3051 -> 
  custom:scripting/monoscript/fileName/clipper.cs: 2a50e35a835148907b3c1fa8e187ab2b -> 
  custom:scripting/monoscript/fileName/NoiseSettings.cs: 443d576e0c72ab62870476103c9384ec -> 
  custom:scripting/monoscript/fileName/VariableJoystick.cs: 6a21e483212ef280c767be5522709419 -> 
  custom:scripting/monoscript/fileName/GaussianFilter.cs: 0a3672ebe80edf7c5daca82445c15683 -> 
  custom:scripting/monoscript/fileName/CinemachineSceneTools.cs: d63880a6073ab3335301b115db235b5b -> 
  custom:scripting/monoscript/fileName/Cinemachine3rdPersonFollowEditor.cs: f79aa162534f81c680877e6274b5d6ec -> 
  custom:scripting/monoscript/fileName/EmbeddedAssetPropertyDrawer.cs: fd7ebc18093de04c88d0cfc86fb060f5 -> 
  custom:scripting/monoscript/fileName/FixedJoystick.cs: ceaced0056a716bd82a85e0f3d488361 -> 
  custom:container-demuxer-webm: 4f35f7cbe854078d1ac9338744f61a02 -> 
  custom:scripting/monoscript/fileName/CinemachineTriggerActionEditor.cs: 2309a2ec6192ace4cae8bab5a535978e -> 
  custom:scripting/monoscript/fileName/ConfinerOven.cs: ff23c03e90b61beb34474fc6e4ff668c -> 
  custom:scripting/monoscript/fileName/VcamTargetPropertyDrawer.cs: 9208050b1312b118a226fef2d63e8fa1 -> 
  custom:scripting/monoscript/fileName/CinemachineCollisionImpulseSource.cs: 9aae5e368cb7786be199f98f2122f96d -> 
  custom:scripting/monoscript/fileName/CinemachineClearShotEditor.cs: ca8875b47e775cd361c78158d7923690 -> 
  custom:scripting/monoscript/fileName/WaveformWindow.cs: 01bbc4fc017d41a2bab7fb57c988e8da -> 
  custom:scripting/monoscript/fileName/CinemachinePipeline.cs: 6ca7a5979a0a73ea1d450a8fc9b437ef -> 
  custom:scripting/monoscript/fileName/CinemachineEditorAnalytics.cs: de76cc292d7ecedcf47af6616498c9f9 -> 
  custom:scripting/monoscript/fileName/Joystick.cs: c13c665079b3ba178e3a8ef05c62070b -> 
  custom:scripting/monoscript/fileName/NoiseSettingsPropertyDrawer.cs: 8d3f69ba7eeec63914970bd3136b6ace -> 
  custom:scripting/monoscript/fileName/VcamStageEditor.cs: 84b0eaf932b448975a99972628e556d8 -> 
  custom:scripting/monoscript/fileName/CinemachineBrainEditor.cs: 49621d8b7679c0b5d128fef53d55becd -> 
  custom:scripting/monoscript/fileName/CinemachineFramingTransposerEditor.cs: 1653e1c00b2ca68b1d40f01e5bfb8445 -> 
  custom:scripting/monoscript/fileName/CinemachineShotEditor.cs: 2ba28b209a4ad7f0a791994d2360a9af -> 
  custom:scripting/monoscript/fileName/CinemachineStateDrivenCameraEditor.cs: 77d9f0a97385f936d9b4ffaa686bce39 -> 
  custom:scripting/monoscript/fileName/OrbitalTransposerHeadingPropertyDrawer.cs: 22496b76ce84f35f630c90badc4babd8 -> 
  custom:scripting/monoscript/fileName/CinemachineHardLockToTargetEditor.cs: c65eaafd47115974a2a9379aae467b0e -> 
  custom:scripting/monoscript/fileName/CinemachinePathEditor.cs: ce10985fbf0e018e2dea63fedae131ba -> 
  custom:scripting/monoscript/fileName/CinemachineCollider.cs: 8fa92f525b1c31cd81812685d7f8c288 -> 
  custom:audio-encoder-webm-vorbis: bf7c407c2cedff20999df2af8eb42d56 -> 
  custom:scripting/monoscript/fileName/CameraState.cs: 6ae7088fa20820e052d1e4d86059e90b -> 
  custom:scripting/monoscript/fileName/CinemachineToolbarOverlay.cs: 371b6fc494252d6fda34e207e170cb66 -> 
  custom:scripting/precompiled-assembly-types:Assembly-CSharp-Editor: f7c7739fc303cafe5879da7512dd0656 -> 
  custom:scripting/monoscript/fileName/CinemachineCollisionImpulseSourceEditor.cs: 29f9a522ec6b23375849ba08fd597c8d -> 
  custom:scripting/monoscript/fileName/JumpButton.cs: 82e6d242617ad477f32ce19b2a5161b4 -> 
  custom:scripting/monoscript/fileName/CinemachineIndependentImpulseListener.cs: 91ae8748b9c36955c333e57505ff90fb -> 
  custom:scripting/monoscript/fileName/CinemachineMixingCameraEditor.cs: 1c122a21d710512fec62cdc7bd351681 -> 
  custom:scripting/monoscript/fileName/CinemachinePostProcessing.cs: bf9b100a1b61fd5383288bc96487c194 -> 
  custom:scripting/monoscript/fileName/CinemachineInputProvider.cs: ecb845de690695f08b3b3bb647cc7006 -> 
  custom:scripting/monoscript/fileName/CinemachineColliderEditor.cs: 859d1abbd669ee84cb713f6d4d0e1c5f -> 
  custom:scripting/monoscript/fileName/CinemachineSameAsFollowTarget.cs: bcfa2d394e1e5460b4ef3dc039214a16 -> 
  custom:scripting/monoscript/fileName/CinemachineExtension.cs: 6968db4afcdc301f6acb1ef4fbadb2f4 -> 
  custom:scripting/monoscript/fileName/CinemachineTargetGroup.cs: 10a09aa736b3a25da6dd9fc3c4dd9d36 -> 
  custom:scripting/monoscript/fileName/CinemachineVirtualCameraBaseEditor.cs: 13ee4931cd85df4b22852d0547b5e690 -> 
  custom:scripting/monoscript/fileName/UpdateTracker.cs: 3dac8a24a32a32e4bbfeb38ed26ef250 -> 
  custom:scripting/monoscript/fileName/CinemachineComposerEditor.cs: dda533b9c6cb2b366292f584704bd904 -> 
  custom:scripting/monoscript/fileName/FloatingJoystick.cs: 516035e2342d093d90fb2bd11ff41e68 -> 
  custom:scripting/monoscript/fileName/Cinemachine3rdPersonFollow.cs: 4600bac2bdf6b37d80e86f9aa5a413c3 -> 
  custom:scripting/monoscript/fileName/EmbeddedAssetHelpers.cs: 90647cc400823b41df847a6cbfc29026 -> 
  custom:scripting/precompiled-assembly-types:Assembly-CSharp: e2d62612d1b4a1d9f29736dbfe0c71cb -> 98724c9a75c5cf593f713ad668a0273b
  custom:scripting/monoscript/fileName/CinemachineBlendListCamera.cs: 66104ac24fef171d9f5d5b93a8cb2f83 -> 
  custom:scripting/monoscript/fileName/CinemachineComponentBase.cs: 5293f153c13e9bd2fc262ec31ff69206 -> 
  custom:scripting/monoscript/fileName/BaseEditor.cs: 90647cc400823b41df847a6cbfc29026 -> 
  custom:container-muxer-webm: aa71ff27fc2769a1b78a27578f13a17b -> 
  custom:scripting/monoscript/fileName/SaveDuringPlay.cs: de39f1962b337699845d3d8a2e8f5bde -> 
========================================================================
Received Prepare
Caller must complete domain reload
Begin MonoManager ReloadAssembly
- Loaded All Assemblies, in  1.087 seconds
Native extension for WindowsStandalone target not found
Native extension for Android target not found
Native extension for WebGL target not found
[Package Manager] Server::EnsureServerProcessIsRunning -- launch failed, reason: Unity was launched with the -noUpm command-line argument
[Package Manager] UpmClient::Send -- Unable to send message (not connected to UPM process).
[Package Manager] Cannot connect to Unity Package Manager local server
Mono: successfully reloaded assembly
- Finished resetting the current domain, in  2.230 seconds
Domain Reload Profiling: 3307ms
	BeginReloadAssembly (435ms)
		ExecutionOrderSort (0ms)
		DisableScriptedObjects (16ms)
		BackupInstance (0ms)
		ReleaseScriptingObjects (0ms)
		CreateAndSetChildDomain (119ms)
	RebuildCommonClasses (86ms)
	RebuildNativeTypeToScriptingClass (35ms)
	initialDomainReloadingComplete (81ms)
	LoadAllAssembliesAndSetupDomain (438ms)
		LoadAssemblies (640ms)
		RebuildTransferFunctionScriptingTraits (0ms)
		AnalyzeDomain (21ms)
			TypeCache.Refresh (7ms)
				TypeCache.ScanAssembly (0ms)
			ScanForSourceGeneratedMonoScriptInfo (0ms)
			ResolveRequiredComponents (11ms)
	FinalizeReload (2231ms)
		ReleaseScriptCaches (0ms)
		RebuildScriptCaches (0ms)
		SetupLoadedEditorAssemblies (1331ms)
			LogAssemblyErrors (0ms)
			InitializePlatformSupportModulesInManaged (62ms)
			SetLoadedEditorAssemblies (13ms)
			RefreshPlugins (0ms)
			BeforeProcessingInitializeOnLoad (141ms)
			ProcessInitializeOnLoadAttributes (1025ms)
			ProcessInitializeOnLoadMethodAttributes (56ms)
			AfterProcessingInitializeOnLoad (33ms)
			EditorAssembliesLoaded (1ms)
		ExecutionOrderSort2 (0ms)
		AwakeInstancesAfterBackupRestoration (18ms)
Refreshing native plugins compatible for Editor in 4.80 ms, found 2 plugins.
Preloading 0 native plugins for Editor in 0.00 ms.
Unloading 1594 Unused Serialized files (Serialized files now loaded: 0)
Unloading 11 unused Assets / (123.8 KB). Loaded Objects now: 2451.
Memory consumption went from 90.5 MB to 90.3 MB.
Total: 7.444500 ms (FindLiveObjects: 0.242800 ms CreateObjectMapping: 0.088800 ms MarkObjects: 6.886400 ms  DeleteObjects: 0.223700 ms)

Prepare: number of updated asset objects reloaded= 0
AssetImportParameters requested are different than current active one (requested -> active):
  custom:scripting/monoscript/fileName/CinemachineGroupComposerEditor.cs: 54a07f36704e77a685a5e7e8c8b2c216 -> 
  custom:scripting/monoscript/fileName/JoystickEditor.cs: 406670d2fe263f5d7c582f8389f2b844 -> 
  custom:video-decoder-webm-vp8: 9c59270c3fd7afecdb556c50c9e8de78 -> 
  custom:scripting/monoscript/fileName/CinemachineConfinerEditor.cs: cc6c898a3390647ab91613c8a96de4b4 -> 
  custom:scripting/monoscript/fileName/CinemachineHardLookAt.cs: 792580aec23d39bcecd7ceea4c27a0ce -> 
  custom:scripting/monoscript/fileName/CinemachineInputAxisDriver.cs: 7e424e54660fed310c58dc98ea41042e -> 
  custom:scripting/monoscript/fileName/CinemachineStoryboardEditor.cs: 2e7ec8bfb72013eaaff4873a27da019c -> 
  custom:scripting/monoscript/fileName/CinemachineBasicMultiChannelPerlin.cs: bd5416e75860cd63657371207eb79058 -> 
  custom:scripting/monoscript/fileName/CinemachineBlendDefinitionPropertyDrawer.cs: 7ae344d19d646b738f3c65294becf216 -> 
  custom:scripting/monoscript/fileName/CinemachineTrackedDollyEditor.cs: b4d6784c58752cea58aafd9a76ca4459 -> 
  custom:scripting/monoscript/fileName/CinemachineImpulseManager.cs: c34be3577a810e26fd0110c580799b88 -> 
  custom:scripting/monoscript/fileName/CinemachineSmoothPath.cs: c28db2688f35d70587b5f943431a010a -> 
  custom:SearchIndexIgnoredProperties: e643bd26f0fe6173181afceb89e7c659 -> 
  custom:scripting/monoscript/fileName/CinemachineStateDrivenCamera.cs: aea2468a7384be4ba6d1b043ccec135d -> 
  custom:container-demuxer-ogg: 62fdf1f143b41e24485cea50d1cbac27 -> 
  custom:scripting/monoscript/fileName/CinemachineBlenderSettings.cs: 9adcb80668a56be4cd8e31c1d3dc60ae -> 
  custom:AudioImporter_EditorPlatform: d09bf68614088b80899f8185d706f6e7 -> 
  custom:scripting/monoscript/fileName/SignalSourceAsset.cs: f7ffd463dece56bad278f5a8d3ed7fc6 -> 
  custom:scripting/monoscript/fileName/CinemachineMixingCamera.cs: 739c5ceb76c01023f431794ec46a0177 -> 
  custom:scripting/monoscript/fileName/CinemachineCore.cs: fe6c3be993819098833de1628bfd76b2 -> 
  custom:scripting/monoscript/fileName/CinemachinePath.cs: b443d3c8837a65ddc3c78741cd58ec71 -> 
  custom:scripting/monoscript/fileName/CinemachineImpulseChannelPropertyDrawer.cs: 4b6390a17916751618e2a45cb8d47a80 -> 
  custom:scripting/monoscript/fileName/JoystickPlayerExample.cs: 2ec96b3abad264f4393a91b76b487cb7 -> 
  custom:scripting/monoscript/fileName/SerializedPropertyHelper.cs: b04ac165255e34bc2935ca9bf180e209 -> 
  custom:scripting/monoscript/fileName/CinemachineFramingTransposer.cs: 7943c9d436748359882d8f978cf86c91 -> 
  custom:scripting/monoscript/fileName/CinemachineImpulseListenerEditor.cs: d5d28e418f87c111bce1c1b98f1f70ba -> 
  custom:scripting/monoscript/fileName/AxisState.cs: 1a494a66d8b9a58f4a6873f89bf5b094 -> 
  custom:scripting/monoscript/fileName/CinemachineDollyCart.cs: bbe9d07f4a2f7ee5ab002e66cb05f922 -> 
  custom:scripting/monoscript/fileName/CinemachineStoryboard.cs: 59a2099f76be9b47af1e12ed7d40f553 -> 
  custom:scripting/monoscript/fileName/CinemachineClearShot.cs: 1da15f5c7903497ce3ae982ee4ee4779 -> 
  custom:scripting/monoscript/fileName/CinemachinePOVEditor.cs: 71db5a9242a182995b4ca15db516f628 -> 
  custom:scripting/monoscript/fileName/JoystickSetterExample.cs: 9ef810522df7cdd512f52a98ae7a04f9 -> 
  custom:scripting/monoscript/fileName/CinemachineMixer.cs: 2e36eb9e732dd7c8a32e8f83daebd6f4 -> 
  custom:scripting/monoscript/fileName/CinemachinePixelPerfect.cs: 2f42bea4517739481ed2553d1616050e -> 
  custom:scripting/monoscript/fileName/CinemachineTrackedDolly.cs: f6a9c21b27ad86d45f62f6b444ccbb49 -> 
  custom:scripting/monoscript/fileName/CinemachineHardLookAtEditor.cs: 15b8f2af6a6d786898ce5dd6b0db26dc -> 
  custom:scripting/monoscript/fileName/CinemachineConfiner.cs: 3813336c17662a5cb6b59ce5f1954254 -> 
  custom:scripting/monoscript/fileName/CinemachineComposer.cs: e399dfd36807c341da7cd182ce299d1e -> 
  custom:scripting/monoscript/fileName/CinemachineTrack.cs: 4b50d47d507c57dc81b82253ec075194 -> 
  custom:scripting/monoscript/fileName/VariableJoystickEditor.cs: fee5e077b31909c4bba3d7329fdefd90 -> 
  custom:scripting/monoscript/fileName/CinemachineSmoothPathEditor.cs: 7555bcba4eb760e012dd21c6730ae562 -> 
  custom:scripting/monoscript/fileName/ScriptableObjectUtility.cs: c529d074f6f57a07e3f410d488963bbc -> 
  custom:scripting/monoscript/fileName/CinemachineBrain.cs: 365b4e0b6319f064062e97b8f8e32c8e -> 
  custom:scripting/monoscript/fileName/GlobalEvents.cs: 67f83bda753ae83eb95a23f3cd97c01c -> 
  custom:scripting/monoscript/fileName/CinemachineImpulseDefinitionPropertyDrawer.cs: 1b2fc77b0a80a7e0e9045e0d44fb761c -> 
  custom:scripting/monoscript/fileName/CinemachineColliderPrefs.cs: 47106451d4685409820905badf49b71f -> 
  custom:scripting/monoscript/fileName/CinemachineFollowZoom.cs: eb74e2e98d3dc4647324e113f34710ca -> 
  custom:scripting/monoscript/fileName/CinemachineDebug.cs: 3077ed3b64725184c652d4c07ac732fd -> 
  custom:scripting/monoscript/fileName/CinemachineLensPresets.cs: 014747fb0ab87178c677520d0bf20bf7 -> 
  custom:video-decoder-ogg-theora: a1e56fd34408186e4bbccfd4996cb3dc -> 
  custom:scripting/monoscript/fileName/CinemachineOrbitalTransposer.cs: 71c52878ba6d43827473a480056a99da -> 
  custom:scripting/monoscript/fileName/Weapon.cs: 0b4d856b429b31aad65662a3c52c642a -> 
  custom:scripting/monoscript/fileName/CinemachineCameraOffset.cs: a6887f67d3eb83cc6393b822d4e65121 -> 
  custom:scripting/monoscript/fileName/ICinemachineCamera.cs: 2faad4f04eaf5d98c2870adbfb06184e -> 
  custom:scripting/monoscript/fileName/CinemachinePathBase.cs: debb99764287c54cae06313e2d6a1fe1 -> 
  custom:scripting/monoscript/fileName/CinemachineImpulseSource.cs: ac073b8453e26c5dd422d5f1a90a7ff2 -> 
  custom:scripting/monoscript/fileName/CinemachineShotPlayable.cs: e346ad1ecb4af45da55274cb9abd9ec0 -> 
  custom:scripting/monoscript/fileName/CinemachineTagFieldPropertyDrawer.cs: e78491a12decd558a49d01cc583bfcfb -> 
  custom:framework-win-MediaFoundation: 216162199b28c13a410421893ffa2e32 -> 
  custom:scripting/monoscript/fileName/CinemachineVolumeSettings.cs: 22782cc3dbf8dfd1cb54e8486f29fe0d -> 
  custom:scripting/monoscript/fileName/CinemachineImpulseEnvelopePropertyDrawer.cs: 07e00c9c84964a5c7e4f3f19e4263ec1 -> 
  custom:scripting/monoscript/fileName/SplineHelpers.cs: 9e5bf4293b3828088291b7871e233a27 -> 
  custom:scripting/monoscript/fileName/CinemachineImpulseSourceEditor.cs: 0ef7804c69c18838aa65e6d5bae5b055 -> 
  custom:scripting/monoscript/fileName/CinemachineExternalCameraEditor.cs: d74df442250b898c9b40669a19100e9d -> 
  custom:scripting/monoscript/fileName/DynamicJoystickEditor.cs: f92673ca2cd03c2f140cf81ccfee7ccb -> 
  custom:scripting/monoscript/fileName/CinemachineSameAsFollowTargetEditor.cs: 6def40fc1e39b3242347b6630fb5127e -> 
  custom:scripting/monoscript/fileName/CinemachineTargetGroupEditor.cs: f70ac85df8c1c9bd0b83a35534bafd1f -> 
  custom:scripting/monoscript/fileName/CinemachineRecomposer.cs: 07354cca81f7d0775b027b5906330569 -> 
  custom:scripting/monoscript/fileName/CinemachineTransposer.cs: aa226dd144b3a977b86ea888b85df5fa -> 
  custom:scripting/monoscript/fileName/CinemachineBlendListCameraEditor.cs: dbc12d2a9f3e2999a067290c411b2aca -> 
  custom:scripting/monoscript/fileName/TargetPositionCache.cs: 49ce97e6930a536b43825141e0c2d3a4 -> 
  custom:scripting/monoscript/fileName/CinemachineShot.cs: 3d4d9d05534db20e82d871d98ea52716 -> 
  custom:scripting/monoscript/fileName/UnityVectorExtensions.cs: 052777772edecdffe26d41a6a989641e -> 
  custom:scripting/monoscript/fileName/CinemachineBasicMultiChannelPerlinEditor.cs: d6749cd6c482efa27bdd41f60394f1b9 -> 
  custom:scripting/monoscript/fileName/CinemachineImpulseChannels.cs: a9a39cc5ecea1f083db0fce154eec19c -> 
  custom:scripting/monoscript/fileName/CinemachineHardLockToTarget.cs: d349308c5b4f600a345055c394206f52 -> 
  custom:scripting/monoscript/fileName/CinemachineConfiner2D.cs: beb10be0db8ff9d3a94bd0a150963b9b -> 
  custom:scripting/monoscript/fileName/LensSettings.cs: 4335e899502c57ee4480b8c9aa915366 -> 
  custom:scripting/monoscript/fileName/CinemachineExternalCamera.cs: d76122377115c288d881064c3f07a3f1 -> 
  custom:scripting/monoscript/fileName/Cinemachine3rdPersonAim.cs: 4bd230d915f070bb3cae23bef6f7ab70 -> 
  custom:scripting/monoscript/fileName/ReflectionHelpers.cs: 60a5d38af3e775d0a421a7ff630d61cc -> 
  custom:scripting/monoscript/fileName/CinemachineVirtualCamera.cs: f16f2dc5bc1261579875c19605c45301 -> 
  custom:scripting/monoscript/fileName/DynamicJoystick.cs: fa6fdbd0de9beec4a70bc764c26bb796 -> 
  custom:scripting/monoscript/fileName/Predictor.cs: d51584936cb5b31b30ee7b444e03385b -> 
  custom:scripting/monoscript/fileName/CinemachineImpulseListener.cs: 6aac146243d38e7a67346170caa40ea1 -> 
  custom:scripting/monoscript/fileName/CinemachineOrbitalTransposerEditor.cs: 5ea2e4bec7ee6c24917bd86647f4bffa -> 
  custom:scripting/monoscript/fileName/CinemachineConfiner2DEditor.cs: 3f4b3d9b17ff5cd560135aa24f822994 -> 
  custom:scripting/monoscript/fileName/RigidbodyVoxelController.cs: d93a52a180fbbe603a59e9aa6da73c83 -> 7ca90fb0e37f14d197d0c5589d1c29f7
  custom:scripting/monoscript/fileName/GroupWeightManipulator.cs: 588749cf3436a8199e762a8e09bc8de7 -> 
  custom:scripting/monoscript/fileName/AxisStatePropertyDrawer.cs: 2d807695a513641e771c78e6c342ff04 -> 
  custom:video-encoder-webm-vp8: eb34c28f22e8b96e1ab97ce403110664 -> 
  custom:scripting/monoscript/fileName/CinemachineScreenComposerGuides.cs: cdc7ea02ccc4c8d1561d98d16760d1ca -> 
  custom:scripting/monoscript/fileName/CinemachinePropertyAttribute.cs: e8158d9725ac3a9129a08e46a4ff7519 -> 
  custom:scripting/monoscript/fileName/CinemachineVirtualCameraEditor.cs: 2e051d0c474634e907fe4123d6e2656e -> 
  custom:scripting/monoscript/fileName/CinemachineMenu.cs: 7b932811d9fa1e44d0d8b2b9ed75adf3 -> 
  custom:scripting/monoscript/fileName/RuntimeUtility.cs: 8c92a9f673836e5d2084dbeb0f10159f -> 
  custom:scripting/monoscript/fileName/CinemachineFreeLook.cs: bebc32b18bc4beddc113bad68624e557 -> 
  custom:scripting/monoscript/fileName/CinemachineSettings.cs: 197f6d5ad32e253546b5afa056a5bba4 -> 
  custom:audio-decoder-ogg-vorbis: bf7c407c2cedff20999df2af8eb42d56 -> 
  custom:scripting/monoscript/fileName/CinemachineGroupComposer.cs: 173a689a80ef321c302f9c045419668f -> 
  custom:scripting/monoscript/fileName/PlayerController.cs: d93a52a180fbbe603a59e9aa6da73c83 -> 
  custom:scripting/monoscript/fileName/CinemachineVirtualCameraBase.cs: c7e60cccdcb14ee2a33da9fd46c1c54f -> 
  custom:scripting/monoscript/fileName/CinemachineFixedSignal.cs: aedcdca7a861da6e456e0ae105b24c41 -> 
  custom:scripting/monoscript/fileName/CinemachineShotClipEditor.cs: 123a48531bf1d1b4f3c8398556caec62 -> 
  custom:scripting/monoscript/fileName/CinemachineNoiseSettingsEditor.cs: 9056e69d9c759ba2504535054fff31c9 -> 
  custom:scripting/monoscript/fileName/CinemachineTouchInputMapper.cs: b9698729a07a7d31c864247e0582b566 -> 
  custom:scripting/monoscript/fileName/CinemachineTriggerAction.cs: cab9c5d02c28af05797c2c3743539bdb -> 
  custom:scripting/monoscript/fileName/InspectorUtility.cs: e13a8546bf784ce9963c508abb88926b -> 
  custom:CustomObjectIndexerAttribute: 9a22284fe3817be447336de3de66b15e -> 
  custom:scripting/monoscript/fileName/CinemachinePOV.cs: e4df06d1994174afa286b103eb06ee7f -> 
  custom:scripting/monoscript/fileName/CinemachineBlenderSettingsEditor.cs: c57aa7de12bc3e7367ca091f4902c67b -> 
  custom:scripting/monoscript/fileName/CinemachineBlend.cs: f33659d50c4d86144d649aa7e8196529 -> 
  custom:scripting/precompiled-assembly-types:Cinemachine: 54c8b091bb91c32bfeada952c9c53e21 -> 
  custom:scripting/monoscript/fileName/CinemachineImpulseDefinition.cs: 3d434086a2bdaf715abf85e79e9f14b4 -> 
  custom:scripting/precompiled-assembly-types:com.unity.cinemachine.editor: e24bde9f61664824443e2ae04112f2bb -> 
  custom:scripting/monoscript/fileName/CinemachineFreeLookEditor.cs: 9641291977c1891a004ac4c4c259e1c8 -> 
  custom:scripting/monoscript/fileName/CinemachineTransposerEditor.cs: 85841a774ddea4fb7232a7a585f716b4 -> 
  custom:scripting/monoscript/fileName/FloatingJoystickEditor.cs: 20a94efd412f2009d4e6722fe16a3051 -> 
  custom:scripting/monoscript/fileName/clipper.cs: 2a50e35a835148907b3c1fa8e187ab2b -> 
  custom:scripting/monoscript/fileName/NoiseSettings.cs: 443d576e0c72ab62870476103c9384ec -> 
  custom:scripting/monoscript/fileName/VariableJoystick.cs: 6a21e483212ef280c767be5522709419 -> 
  custom:scripting/monoscript/fileName/GaussianFilter.cs: 0a3672ebe80edf7c5daca82445c15683 -> 
  custom:scripting/monoscript/fileName/CinemachineSceneTools.cs: d63880a6073ab3335301b115db235b5b -> 
  custom:scripting/monoscript/fileName/Cinemachine3rdPersonFollowEditor.cs: f79aa162534f81c680877e6274b5d6ec -> 
  custom:scripting/monoscript/fileName/EmbeddedAssetPropertyDrawer.cs: fd7ebc18093de04c88d0cfc86fb060f5 -> 
  custom:scripting/monoscript/fileName/FixedJoystick.cs: ceaced0056a716bd82a85e0f3d488361 -> 
  custom:container-demuxer-webm: 4f35f7cbe854078d1ac9338744f61a02 -> 
  custom:scripting/monoscript/fileName/CinemachineTriggerActionEditor.cs: 2309a2ec6192ace4cae8bab5a535978e -> 
  custom:scripting/monoscript/fileName/ConfinerOven.cs: ff23c03e90b61beb34474fc6e4ff668c -> 
  custom:scripting/monoscript/fileName/VcamTargetPropertyDrawer.cs: 9208050b1312b118a226fef2d63e8fa1 -> 
  custom:scripting/monoscript/fileName/CinemachineCollisionImpulseSource.cs: 9aae5e368cb7786be199f98f2122f96d -> 
  custom:scripting/monoscript/fileName/CinemachineClearShotEditor.cs: ca8875b47e775cd361c78158d7923690 -> 
  custom:scripting/monoscript/fileName/WaveformWindow.cs: 01bbc4fc017d41a2bab7fb57c988e8da -> 
  custom:scripting/monoscript/fileName/CinemachinePipeline.cs: 6ca7a5979a0a73ea1d450a8fc9b437ef -> 
  custom:scripting/monoscript/fileName/CinemachineEditorAnalytics.cs: de76cc292d7ecedcf47af6616498c9f9 -> 
  custom:scripting/monoscript/fileName/Joystick.cs: c13c665079b3ba178e3a8ef05c62070b -> 
  custom:scripting/monoscript/fileName/NoiseSettingsPropertyDrawer.cs: 8d3f69ba7eeec63914970bd3136b6ace -> 
  custom:scripting/monoscript/fileName/VcamStageEditor.cs: 84b0eaf932b448975a99972628e556d8 -> 
  custom:scripting/monoscript/fileName/CinemachineBrainEditor.cs: 49621d8b7679c0b5d128fef53d55becd -> 
  custom:scripting/monoscript/fileName/CinemachineFramingTransposerEditor.cs: 1653e1c00b2ca68b1d40f01e5bfb8445 -> 
  custom:scripting/monoscript/fileName/CinemachineShotEditor.cs: 2ba28b209a4ad7f0a791994d2360a9af -> 
  custom:scripting/monoscript/fileName/CinemachineStateDrivenCameraEditor.cs: 77d9f0a97385f936d9b4ffaa686bce39 -> 
  custom:scripting/monoscript/fileName/OrbitalTransposerHeadingPropertyDrawer.cs: 22496b76ce84f35f630c90badc4babd8 -> 
  custom:scripting/monoscript/fileName/CinemachineHardLockToTargetEditor.cs: c65eaafd47115974a2a9379aae467b0e -> 
  custom:scripting/monoscript/fileName/CinemachinePathEditor.cs: ce10985fbf0e018e2dea63fedae131ba -> 
  custom:scripting/monoscript/fileName/CinemachineCollider.cs: 8fa92f525b1c31cd81812685d7f8c288 -> 
  custom:audio-encoder-webm-vorbis: bf7c407c2cedff20999df2af8eb42d56 -> 
  custom:scripting/monoscript/fileName/CameraState.cs: 6ae7088fa20820e052d1e4d86059e90b -> 
  custom:scripting/monoscript/fileName/CinemachineToolbarOverlay.cs: 371b6fc494252d6fda34e207e170cb66 -> 
  custom:scripting/precompiled-assembly-types:Assembly-CSharp-Editor: f7c7739fc303cafe5879da7512dd0656 -> 
  custom:scripting/monoscript/fileName/CinemachineCollisionImpulseSourceEditor.cs: 29f9a522ec6b23375849ba08fd597c8d -> 
  custom:scripting/monoscript/fileName/JumpButton.cs: 82e6d242617ad477f32ce19b2a5161b4 -> 
  custom:scripting/monoscript/fileName/CinemachineIndependentImpulseListener.cs: 91ae8748b9c36955c333e57505ff90fb -> 
  custom:scripting/monoscript/fileName/CinemachineMixingCameraEditor.cs: 1c122a21d710512fec62cdc7bd351681 -> 
  custom:scripting/monoscript/fileName/CinemachinePostProcessing.cs: bf9b100a1b61fd5383288bc96487c194 -> 
  custom:scripting/monoscript/fileName/CinemachineInputProvider.cs: ecb845de690695f08b3b3bb647cc7006 -> 
  custom:scripting/monoscript/fileName/CinemachineColliderEditor.cs: 859d1abbd669ee84cb713f6d4d0e1c5f -> 
  custom:scripting/monoscript/fileName/CinemachineSameAsFollowTarget.cs: bcfa2d394e1e5460b4ef3dc039214a16 -> 
  custom:scripting/monoscript/fileName/CinemachineExtension.cs: 6968db4afcdc301f6acb1ef4fbadb2f4 -> 
  custom:scripting/monoscript/fileName/CinemachineTargetGroup.cs: 10a09aa736b3a25da6dd9fc3c4dd9d36 -> 
  custom:scripting/monoscript/fileName/CinemachineVirtualCameraBaseEditor.cs: 13ee4931cd85df4b22852d0547b5e690 -> 
  custom:scripting/monoscript/fileName/UpdateTracker.cs: 3dac8a24a32a32e4bbfeb38ed26ef250 -> 
  custom:scripting/monoscript/fileName/CinemachineComposerEditor.cs: dda533b9c6cb2b366292f584704bd904 -> 
  custom:scripting/monoscript/fileName/FloatingJoystick.cs: 516035e2342d093d90fb2bd11ff41e68 -> 
  custom:scripting/monoscript/fileName/Cinemachine3rdPersonFollow.cs: 4600bac2bdf6b37d80e86f9aa5a413c3 -> 
  custom:scripting/monoscript/fileName/EmbeddedAssetHelpers.cs: 90647cc400823b41df847a6cbfc29026 -> 
  custom:scripting/precompiled-assembly-types:Assembly-CSharp: e2d62612d1b4a1d9f29736dbfe0c71cb -> 98724c9a75c5cf593f713ad668a0273b
  custom:scripting/monoscript/fileName/CinemachineBlendListCamera.cs: 66104ac24fef171d9f5d5b93a8cb2f83 -> 
  custom:scripting/monoscript/fileName/CinemachineComponentBase.cs: 5293f153c13e9bd2fc262ec31ff69206 -> 
  custom:scripting/monoscript/fileName/BaseEditor.cs: 90647cc400823b41df847a6cbfc29026 -> 
  custom:container-muxer-webm: aa71ff27fc2769a1b78a27578f13a17b -> 
  custom:scripting/monoscript/fileName/SaveDuringPlay.cs: de39f1962b337699845d3d8a2e8f5bde -> 
========================================================================
Received Prepare
Caller must complete domain reload
Begin MonoManager ReloadAssembly
- Loaded All Assemblies, in  1.021 seconds
Native extension for WindowsStandalone target not found
Native extension for Android target not found
Native extension for WebGL target not found
[Package Manager] Server::EnsureServerProcessIsRunning -- launch failed, reason: Unity was launched with the -noUpm command-line argument
[Package Manager] UpmClient::Send -- Unable to send message (not connected to UPM process).
[Package Manager] Cannot connect to Unity Package Manager local server
Mono: successfully reloaded assembly
- Finished resetting the current domain, in  2.212 seconds
Domain Reload Profiling: 3226ms
	BeginReloadAssembly (354ms)
		ExecutionOrderSort (0ms)
		DisableScriptedObjects (10ms)
		BackupInstance (0ms)
		ReleaseScriptingObjects (1ms)
		CreateAndSetChildDomain (64ms)
	RebuildCommonClasses (89ms)
	RebuildNativeTypeToScriptingClass (34ms)
	initialDomainReloadingComplete (84ms)
	LoadAllAssembliesAndSetupDomain (453ms)
		LoadAssemblies (624ms)
		RebuildTransferFunctionScriptingTraits (0ms)
		AnalyzeDomain (43ms)
			TypeCache.Refresh (17ms)
				TypeCache.ScanAssembly (2ms)
			ScanForSourceGeneratedMonoScriptInfo (14ms)
			ResolveRequiredComponents (10ms)
	FinalizeReload (2213ms)
		ReleaseScriptCaches (0ms)
		RebuildScriptCaches (0ms)
		SetupLoadedEditorAssemblies (1283ms)
			LogAssemblyErrors (0ms)
			InitializePlatformSupportModulesInManaged (71ms)
			SetLoadedEditorAssemblies (14ms)
			RefreshPlugins (0ms)
			BeforeProcessingInitializeOnLoad (136ms)
			ProcessInitializeOnLoadAttributes (972ms)
			ProcessInitializeOnLoadMethodAttributes (68ms)
			AfterProcessingInitializeOnLoad (21ms)
			EditorAssembliesLoaded (0ms)
		ExecutionOrderSort2 (0ms)
		AwakeInstancesAfterBackupRestoration (18ms)
Refreshing native plugins compatible for Editor in 6.03 ms, found 2 plugins.
Preloading 0 native plugins for Editor in 0.00 ms.
Unloading 1594 Unused Serialized files (Serialized files now loaded: 0)
Unloading 11 unused Assets / (123.8 KB). Loaded Objects now: 2466.
Memory consumption went from 90.5 MB to 90.3 MB.
Total: 5.893500 ms (FindLiveObjects: 0.249500 ms CreateObjectMapping: 0.091200 ms MarkObjects: 5.359200 ms  DeleteObjects: 0.191500 ms)

Prepare: number of updated asset objects reloaded= 0
AssetImportParameters requested are different than current active one (requested -> active):
  custom:scripting/monoscript/fileName/CinemachineGroupComposerEditor.cs: 54a07f36704e77a685a5e7e8c8b2c216 -> 
  custom:scripting/monoscript/fileName/JoystickEditor.cs: 406670d2fe263f5d7c582f8389f2b844 -> 
  custom:video-decoder-webm-vp8: 9c59270c3fd7afecdb556c50c9e8de78 -> 
  custom:scripting/monoscript/fileName/CinemachineConfinerEditor.cs: cc6c898a3390647ab91613c8a96de4b4 -> 
  custom:scripting/monoscript/fileName/CinemachineHardLookAt.cs: 792580aec23d39bcecd7ceea4c27a0ce -> 
  custom:scripting/monoscript/fileName/CinemachineInputAxisDriver.cs: 7e424e54660fed310c58dc98ea41042e -> 
  custom:scripting/monoscript/fileName/CinemachineStoryboardEditor.cs: 2e7ec8bfb72013eaaff4873a27da019c -> 
  custom:scripting/monoscript/fileName/CinemachineBasicMultiChannelPerlin.cs: bd5416e75860cd63657371207eb79058 -> 
  custom:scripting/monoscript/fileName/CinemachineBlendDefinitionPropertyDrawer.cs: 7ae344d19d646b738f3c65294becf216 -> 
  custom:scripting/monoscript/fileName/CinemachineTrackedDollyEditor.cs: b4d6784c58752cea58aafd9a76ca4459 -> 
  custom:scripting/monoscript/fileName/CinemachineImpulseManager.cs: c34be3577a810e26fd0110c580799b88 -> 
  custom:scripting/monoscript/fileName/CinemachineSmoothPath.cs: c28db2688f35d70587b5f943431a010a -> 
  custom:SearchIndexIgnoredProperties: e643bd26f0fe6173181afceb89e7c659 -> 
  custom:scripting/monoscript/fileName/CinemachineStateDrivenCamera.cs: aea2468a7384be4ba6d1b043ccec135d -> 
  custom:container-demuxer-ogg: 62fdf1f143b41e24485cea50d1cbac27 -> 
  custom:scripting/monoscript/fileName/CinemachineBlenderSettings.cs: 9adcb80668a56be4cd8e31c1d3dc60ae -> 
  custom:AudioImporter_EditorPlatform: d09bf68614088b80899f8185d706f6e7 -> 
  custom:scripting/monoscript/fileName/SignalSourceAsset.cs: f7ffd463dece56bad278f5a8d3ed7fc6 -> 
  custom:scripting/monoscript/fileName/CinemachineMixingCamera.cs: 739c5ceb76c01023f431794ec46a0177 -> 
  custom:scripting/monoscript/fileName/CinemachineCore.cs: fe6c3be993819098833de1628bfd76b2 -> 
  custom:scripting/monoscript/fileName/CinemachinePath.cs: b443d3c8837a65ddc3c78741cd58ec71 -> 
  custom:scripting/monoscript/fileName/CinemachineImpulseChannelPropertyDrawer.cs: 4b6390a17916751618e2a45cb8d47a80 -> 
  custom:scripting/monoscript/fileName/JoystickPlayerExample.cs: 2ec96b3abad264f4393a91b76b487cb7 -> 
  custom:scripting/monoscript/fileName/SerializedPropertyHelper.cs: b04ac165255e34bc2935ca9bf180e209 -> 
  custom:scripting/monoscript/fileName/CinemachineFramingTransposer.cs: 7943c9d436748359882d8f978cf86c91 -> 
  custom:scripting/monoscript/fileName/CinemachineImpulseListenerEditor.cs: d5d28e418f87c111bce1c1b98f1f70ba -> 
  custom:scripting/monoscript/fileName/AxisState.cs: 1a494a66d8b9a58f4a6873f89bf5b094 -> 
  custom:scripting/monoscript/fileName/CinemachineDollyCart.cs: bbe9d07f4a2f7ee5ab002e66cb05f922 -> 
  custom:scripting/monoscript/fileName/CinemachineStoryboard.cs: 59a2099f76be9b47af1e12ed7d40f553 -> 
  custom:scripting/monoscript/fileName/CinemachineClearShot.cs: 1da15f5c7903497ce3ae982ee4ee4779 -> 
  custom:scripting/monoscript/fileName/CinemachinePOVEditor.cs: 71db5a9242a182995b4ca15db516f628 -> 
  custom:scripting/monoscript/fileName/JoystickSetterExample.cs: 9ef810522df7cdd512f52a98ae7a04f9 -> 
  custom:scripting/monoscript/fileName/CinemachineMixer.cs: 2e36eb9e732dd7c8a32e8f83daebd6f4 -> 
  custom:scripting/monoscript/fileName/CinemachinePixelPerfect.cs: 2f42bea4517739481ed2553d1616050e -> 
  custom:scripting/monoscript/fileName/CinemachineTrackedDolly.cs: f6a9c21b27ad86d45f62f6b444ccbb49 -> 
  custom:scripting/monoscript/fileName/CinemachineHardLookAtEditor.cs: 15b8f2af6a6d786898ce5dd6b0db26dc -> 
  custom:scripting/monoscript/fileName/CinemachineConfiner.cs: 3813336c17662a5cb6b59ce5f1954254 -> 
  custom:scripting/monoscript/fileName/CinemachineComposer.cs: e399dfd36807c341da7cd182ce299d1e -> 
  custom:scripting/monoscript/fileName/CinemachineTrack.cs: 4b50d47d507c57dc81b82253ec075194 -> 
  custom:scripting/monoscript/fileName/VariableJoystickEditor.cs: fee5e077b31909c4bba3d7329fdefd90 -> 
  custom:scripting/monoscript/fileName/CinemachineSmoothPathEditor.cs: 7555bcba4eb760e012dd21c6730ae562 -> 
  custom:scripting/monoscript/fileName/ScriptableObjectUtility.cs: c529d074f6f57a07e3f410d488963bbc -> 
  custom:scripting/monoscript/fileName/CinemachineBrain.cs: 365b4e0b6319f064062e97b8f8e32c8e -> 
  custom:scripting/monoscript/fileName/GlobalEvents.cs: 67f83bda753ae83eb95a23f3cd97c01c -> 
  custom:scripting/monoscript/fileName/CinemachineImpulseDefinitionPropertyDrawer.cs: 1b2fc77b0a80a7e0e9045e0d44fb761c -> 
  custom:scripting/monoscript/fileName/CinemachineColliderPrefs.cs: 47106451d4685409820905badf49b71f -> 
  custom:scripting/monoscript/fileName/CinemachineFollowZoom.cs: eb74e2e98d3dc4647324e113f34710ca -> 
  custom:scripting/monoscript/fileName/CinemachineDebug.cs: 3077ed3b64725184c652d4c07ac732fd -> 
  custom:scripting/monoscript/fileName/CinemachineLensPresets.cs: 014747fb0ab87178c677520d0bf20bf7 -> 
  custom:video-decoder-ogg-theora: a1e56fd34408186e4bbccfd4996cb3dc -> 
  custom:scripting/monoscript/fileName/CinemachineOrbitalTransposer.cs: 71c52878ba6d43827473a480056a99da -> 
  custom:scripting/monoscript/fileName/Weapon.cs: 0b4d856b429b31aad65662a3c52c642a -> 
  custom:scripting/monoscript/fileName/CinemachineCameraOffset.cs: a6887f67d3eb83cc6393b822d4e65121 -> 
  custom:scripting/monoscript/fileName/ICinemachineCamera.cs: 2faad4f04eaf5d98c2870adbfb06184e -> 
  custom:scripting/monoscript/fileName/CinemachinePathBase.cs: debb99764287c54cae06313e2d6a1fe1 -> 
  custom:scripting/monoscript/fileName/CinemachineImpulseSource.cs: ac073b8453e26c5dd422d5f1a90a7ff2 -> 
  custom:scripting/monoscript/fileName/CinemachineShotPlayable.cs: e346ad1ecb4af45da55274cb9abd9ec0 -> 
  custom:scripting/monoscript/fileName/CinemachineTagFieldPropertyDrawer.cs: e78491a12decd558a49d01cc583bfcfb -> 
  custom:framework-win-MediaFoundation: 216162199b28c13a410421893ffa2e32 -> 
  custom:scripting/monoscript/fileName/CinemachineVolumeSettings.cs: 22782cc3dbf8dfd1cb54e8486f29fe0d -> 
  custom:scripting/monoscript/fileName/CinemachineImpulseEnvelopePropertyDrawer.cs: 07e00c9c84964a5c7e4f3f19e4263ec1 -> 
  custom:scripting/monoscript/fileName/SplineHelpers.cs: 9e5bf4293b3828088291b7871e233a27 -> 
  custom:scripting/monoscript/fileName/CinemachineImpulseSourceEditor.cs: 0ef7804c69c18838aa65e6d5bae5b055 -> 
  custom:scripting/monoscript/fileName/CinemachineExternalCameraEditor.cs: d74df442250b898c9b40669a19100e9d -> 
  custom:scripting/monoscript/fileName/DynamicJoystickEditor.cs: f92673ca2cd03c2f140cf81ccfee7ccb -> 
  custom:scripting/monoscript/fileName/CinemachineSameAsFollowTargetEditor.cs: 6def40fc1e39b3242347b6630fb5127e -> 
  custom:scripting/monoscript/fileName/CinemachineTargetGroupEditor.cs: f70ac85df8c1c9bd0b83a35534bafd1f -> 
  custom:scripting/monoscript/fileName/CinemachineRecomposer.cs: 07354cca81f7d0775b027b5906330569 -> 
  custom:scripting/monoscript/fileName/CinemachineTransposer.cs: aa226dd144b3a977b86ea888b85df5fa -> 
  custom:scripting/monoscript/fileName/CinemachineBlendListCameraEditor.cs: dbc12d2a9f3e2999a067290c411b2aca -> 
  custom:scripting/monoscript/fileName/TargetPositionCache.cs: 49ce97e6930a536b43825141e0c2d3a4 -> 
  custom:scripting/monoscript/fileName/CinemachineShot.cs: 3d4d9d05534db20e82d871d98ea52716 -> 
  custom:scripting/monoscript/fileName/UnityVectorExtensions.cs: 052777772edecdffe26d41a6a989641e -> 
  custom:scripting/monoscript/fileName/CinemachineBasicMultiChannelPerlinEditor.cs: d6749cd6c482efa27bdd41f60394f1b9 -> 
  custom:scripting/monoscript/fileName/CinemachineImpulseChannels.cs: a9a39cc5ecea1f083db0fce154eec19c -> 
  custom:scripting/monoscript/fileName/CinemachineHardLockToTarget.cs: d349308c5b4f600a345055c394206f52 -> 
  custom:scripting/monoscript/fileName/CinemachineConfiner2D.cs: beb10be0db8ff9d3a94bd0a150963b9b -> 
  custom:scripting/monoscript/fileName/LensSettings.cs: 4335e899502c57ee4480b8c9aa915366 -> 
  custom:scripting/monoscript/fileName/CinemachineExternalCamera.cs: d76122377115c288d881064c3f07a3f1 -> 
  custom:scripting/monoscript/fileName/Cinemachine3rdPersonAim.cs: 4bd230d915f070bb3cae23bef6f7ab70 -> 
  custom:scripting/monoscript/fileName/ReflectionHelpers.cs: 60a5d38af3e775d0a421a7ff630d61cc -> 
  custom:scripting/monoscript/fileName/CinemachineVirtualCamera.cs: f16f2dc5bc1261579875c19605c45301 -> 
  custom:scripting/monoscript/fileName/DynamicJoystick.cs: fa6fdbd0de9beec4a70bc764c26bb796 -> 
  custom:scripting/monoscript/fileName/Predictor.cs: d51584936cb5b31b30ee7b444e03385b -> 
  custom:scripting/monoscript/fileName/CinemachineImpulseListener.cs: 6aac146243d38e7a67346170caa40ea1 -> 
  custom:scripting/monoscript/fileName/CinemachineOrbitalTransposerEditor.cs: 5ea2e4bec7ee6c24917bd86647f4bffa -> 
  custom:scripting/monoscript/fileName/CinemachineConfiner2DEditor.cs: 3f4b3d9b17ff5cd560135aa24f822994 -> 
  custom:scripting/monoscript/fileName/RigidbodyVoxelController.cs: d93a52a180fbbe603a59e9aa6da73c83 -> 7ca90fb0e37f14d197d0c5589d1c29f7
  custom:scripting/monoscript/fileName/GroupWeightManipulator.cs: 588749cf3436a8199e762a8e09bc8de7 -> 
  custom:scripting/monoscript/fileName/AxisStatePropertyDrawer.cs: 2d807695a513641e771c78e6c342ff04 -> 
  custom:video-encoder-webm-vp8: eb34c28f22e8b96e1ab97ce403110664 -> 
  custom:scripting/monoscript/fileName/CinemachineScreenComposerGuides.cs: cdc7ea02ccc4c8d1561d98d16760d1ca -> 
  custom:scripting/monoscript/fileName/CinemachinePropertyAttribute.cs: e8158d9725ac3a9129a08e46a4ff7519 -> 
  custom:scripting/monoscript/fileName/CinemachineVirtualCameraEditor.cs: 2e051d0c474634e907fe4123d6e2656e -> 
  custom:scripting/monoscript/fileName/CinemachineMenu.cs: 7b932811d9fa1e44d0d8b2b9ed75adf3 -> 
  custom:scripting/monoscript/fileName/RuntimeUtility.cs: 8c92a9f673836e5d2084dbeb0f10159f -> 
  custom:scripting/monoscript/fileName/CinemachineFreeLook.cs: bebc32b18bc4beddc113bad68624e557 -> 
  custom:scripting/monoscript/fileName/CinemachineSettings.cs: 197f6d5ad32e253546b5afa056a5bba4 -> 
  custom:audio-decoder-ogg-vorbis: bf7c407c2cedff20999df2af8eb42d56 -> 
  custom:scripting/monoscript/fileName/CinemachineGroupComposer.cs: 173a689a80ef321c302f9c045419668f -> 
  custom:scripting/monoscript/fileName/PlayerController.cs: d93a52a180fbbe603a59e9aa6da73c83 -> 
  custom:scripting/monoscript/fileName/CinemachineVirtualCameraBase.cs: c7e60cccdcb14ee2a33da9fd46c1c54f -> 
  custom:scripting/monoscript/fileName/CinemachineFixedSignal.cs: aedcdca7a861da6e456e0ae105b24c41 -> 
  custom:scripting/monoscript/fileName/CinemachineShotClipEditor.cs: 123a48531bf1d1b4f3c8398556caec62 -> 
  custom:scripting/monoscript/fileName/CinemachineNoiseSettingsEditor.cs: 9056e69d9c759ba2504535054fff31c9 -> 
  custom:scripting/monoscript/fileName/CinemachineTouchInputMapper.cs: b9698729a07a7d31c864247e0582b566 -> 
  custom:scripting/monoscript/fileName/CinemachineTriggerAction.cs: cab9c5d02c28af05797c2c3743539bdb -> 
  custom:scripting/monoscript/fileName/InspectorUtility.cs: e13a8546bf784ce9963c508abb88926b -> 
  custom:CustomObjectIndexerAttribute: 9a22284fe3817be447336de3de66b15e -> 
  custom:scripting/monoscript/fileName/CinemachinePOV.cs: e4df06d1994174afa286b103eb06ee7f -> 
  custom:scripting/monoscript/fileName/CinemachineBlenderSettingsEditor.cs: c57aa7de12bc3e7367ca091f4902c67b -> 
  custom:scripting/monoscript/fileName/CinemachineBlend.cs: f33659d50c4d86144d649aa7e8196529 -> 
  custom:scripting/precompiled-assembly-types:Cinemachine: 54c8b091bb91c32bfeada952c9c53e21 -> 
  custom:scripting/monoscript/fileName/CinemachineImpulseDefinition.cs: 3d434086a2bdaf715abf85e79e9f14b4 -> 
  custom:scripting/precompiled-assembly-types:com.unity.cinemachine.editor: e24bde9f61664824443e2ae04112f2bb -> 
  custom:scripting/monoscript/fileName/CinemachineFreeLookEditor.cs: 9641291977c1891a004ac4c4c259e1c8 -> 
  custom:scripting/monoscript/fileName/CinemachineTransposerEditor.cs: 85841a774ddea4fb7232a7a585f716b4 -> 
  custom:scripting/monoscript/fileName/FloatingJoystickEditor.cs: 20a94efd412f2009d4e6722fe16a3051 -> 
  custom:scripting/monoscript/fileName/clipper.cs: 2a50e35a835148907b3c1fa8e187ab2b -> 
  custom:scripting/monoscript/fileName/NoiseSettings.cs: 443d576e0c72ab62870476103c9384ec -> 
  custom:scripting/monoscript/fileName/VariableJoystick.cs: 6a21e483212ef280c767be5522709419 -> 
  custom:scripting/monoscript/fileName/GaussianFilter.cs: 0a3672ebe80edf7c5daca82445c15683 -> 
  custom:scripting/monoscript/fileName/CinemachineSceneTools.cs: d63880a6073ab3335301b115db235b5b -> 
  custom:scripting/monoscript/fileName/Cinemachine3rdPersonFollowEditor.cs: f79aa162534f81c680877e6274b5d6ec -> 
  custom:scripting/monoscript/fileName/EmbeddedAssetPropertyDrawer.cs: fd7ebc18093de04c88d0cfc86fb060f5 -> 
  custom:scripting/monoscript/fileName/FixedJoystick.cs: ceaced0056a716bd82a85e0f3d488361 -> 
  custom:container-demuxer-webm: 4f35f7cbe854078d1ac9338744f61a02 -> 
  custom:scripting/monoscript/fileName/CinemachineTriggerActionEditor.cs: 2309a2ec6192ace4cae8bab5a535978e -> 
  custom:scripting/monoscript/fileName/ConfinerOven.cs: ff23c03e90b61beb34474fc6e4ff668c -> 
  custom:scripting/monoscript/fileName/VcamTargetPropertyDrawer.cs: 9208050b1312b118a226fef2d63e8fa1 -> 
  custom:scripting/monoscript/fileName/CinemachineCollisionImpulseSource.cs: 9aae5e368cb7786be199f98f2122f96d -> 
  custom:scripting/monoscript/fileName/CinemachineClearShotEditor.cs: ca8875b47e775cd361c78158d7923690 -> 
  custom:scripting/monoscript/fileName/WaveformWindow.cs: 01bbc4fc017d41a2bab7fb57c988e8da -> 
  custom:scripting/monoscript/fileName/CinemachinePipeline.cs: 6ca7a5979a0a73ea1d450a8fc9b437ef -> 
  custom:scripting/monoscript/fileName/CinemachineEditorAnalytics.cs: de76cc292d7ecedcf47af6616498c9f9 -> 
  custom:scripting/monoscript/fileName/Joystick.cs: c13c665079b3ba178e3a8ef05c62070b -> 
  custom:scripting/monoscript/fileName/NoiseSettingsPropertyDrawer.cs: 8d3f69ba7eeec63914970bd3136b6ace -> 
  custom:scripting/monoscript/fileName/VcamStageEditor.cs: 84b0eaf932b448975a99972628e556d8 -> 
  custom:scripting/monoscript/fileName/CinemachineBrainEditor.cs: 49621d8b7679c0b5d128fef53d55becd -> 
  custom:scripting/monoscript/fileName/CinemachineFramingTransposerEditor.cs: 1653e1c00b2ca68b1d40f01e5bfb8445 -> 
  custom:scripting/monoscript/fileName/CinemachineShotEditor.cs: 2ba28b209a4ad7f0a791994d2360a9af -> 
  custom:scripting/monoscript/fileName/CinemachineStateDrivenCameraEditor.cs: 77d9f0a97385f936d9b4ffaa686bce39 -> 
  custom:scripting/monoscript/fileName/OrbitalTransposerHeadingPropertyDrawer.cs: 22496b76ce84f35f630c90badc4babd8 -> 
  custom:scripting/monoscript/fileName/CinemachineHardLockToTargetEditor.cs: c65eaafd47115974a2a9379aae467b0e -> 
  custom:scripting/monoscript/fileName/CinemachinePathEditor.cs: ce10985fbf0e018e2dea63fedae131ba -> 
  custom:scripting/monoscript/fileName/CinemachineCollider.cs: 8fa92f525b1c31cd81812685d7f8c288 -> 
  custom:audio-encoder-webm-vorbis: bf7c407c2cedff20999df2af8eb42d56 -> 
  custom:scripting/monoscript/fileName/CameraState.cs: 6ae7088fa20820e052d1e4d86059e90b -> 
  custom:scripting/monoscript/fileName/CinemachineToolbarOverlay.cs: 371b6fc494252d6fda34e207e170cb66 -> 
  custom:scripting/precompiled-assembly-types:Assembly-CSharp-Editor: f7c7739fc303cafe5879da7512dd0656 -> 
  custom:scripting/monoscript/fileName/CinemachineCollisionImpulseSourceEditor.cs: 29f9a522ec6b23375849ba08fd597c8d -> 
  custom:scripting/monoscript/fileName/JumpButton.cs: 82e6d242617ad477f32ce19b2a5161b4 -> 
  custom:scripting/monoscript/fileName/CinemachineIndependentImpulseListener.cs: 91ae8748b9c36955c333e57505ff90fb -> 
  custom:scripting/monoscript/fileName/CinemachineMixingCameraEditor.cs: 1c122a21d710512fec62cdc7bd351681 -> 
  custom:scripting/monoscript/fileName/CinemachinePostProcessing.cs: bf9b100a1b61fd5383288bc96487c194 -> 
  custom:scripting/monoscript/fileName/CinemachineInputProvider.cs: ecb845de690695f08b3b3bb647cc7006 -> 
  custom:scripting/monoscript/fileName/CinemachineColliderEditor.cs: 859d1abbd669ee84cb713f6d4d0e1c5f -> 
  custom:scripting/monoscript/fileName/CinemachineSameAsFollowTarget.cs: bcfa2d394e1e5460b4ef3dc039214a16 -> 
  custom:scripting/monoscript/fileName/CinemachineExtension.cs: 6968db4afcdc301f6acb1ef4fbadb2f4 -> 
  custom:scripting/monoscript/fileName/CinemachineTargetGroup.cs: 10a09aa736b3a25da6dd9fc3c4dd9d36 -> 
  custom:scripting/monoscript/fileName/CinemachineVirtualCameraBaseEditor.cs: 13ee4931cd85df4b22852d0547b5e690 -> 
  custom:scripting/monoscript/fileName/UpdateTracker.cs: 3dac8a24a32a32e4bbfeb38ed26ef250 -> 
  custom:scripting/monoscript/fileName/CinemachineComposerEditor.cs: dda533b9c6cb2b366292f584704bd904 -> 
  custom:scripting/monoscript/fileName/FloatingJoystick.cs: 516035e2342d093d90fb2bd11ff41e68 -> 
  custom:scripting/monoscript/fileName/Cinemachine3rdPersonFollow.cs: 4600bac2bdf6b37d80e86f9aa5a413c3 -> 
  custom:scripting/monoscript/fileName/EmbeddedAssetHelpers.cs: 90647cc400823b41df847a6cbfc29026 -> 
  custom:scripting/precompiled-assembly-types:Assembly-CSharp: e2d62612d1b4a1d9f29736dbfe0c71cb -> 98724c9a75c5cf593f713ad668a0273b
  custom:scripting/monoscript/fileName/CinemachineBlendListCamera.cs: 66104ac24fef171d9f5d5b93a8cb2f83 -> 
  custom:scripting/monoscript/fileName/CinemachineComponentBase.cs: 5293f153c13e9bd2fc262ec31ff69206 -> 
  custom:scripting/monoscript/fileName/BaseEditor.cs: 90647cc400823b41df847a6cbfc29026 -> 
  custom:container-muxer-webm: aa71ff27fc2769a1b78a27578f13a17b -> 
  custom:scripting/monoscript/fileName/SaveDuringPlay.cs: de39f1962b337699845d3d8a2e8f5bde -> 
========================================================================
Received Prepare
Caller must complete domain reload
Begin MonoManager ReloadAssembly
- Loaded All Assemblies, in  0.991 seconds
Native extension for WindowsStandalone target not found
Native extension for Android target not found
Native extension for WebGL target not found
[Package Manager] Server::EnsureServerProcessIsRunning -- launch failed, reason: Unity was launched with the -noUpm command-line argument
[Package Manager] UpmClient::Send -- Unable to send message (not connected to UPM process).
[Package Manager] Cannot connect to Unity Package Manager local server
Mono: successfully reloaded assembly
- Finished resetting the current domain, in  2.231 seconds
Domain Reload Profiling: 3216ms
	BeginReloadAssembly (367ms)
		ExecutionOrderSort (0ms)
		DisableScriptedObjects (13ms)
		BackupInstance (0ms)
		ReleaseScriptingObjects (0ms)
		CreateAndSetChildDomain (58ms)
	RebuildCommonClasses (93ms)
	RebuildNativeTypeToScriptingClass (25ms)
	initialDomainReloadingComplete (83ms)
	LoadAllAssembliesAndSetupDomain (415ms)
		LoadAssemblies (621ms)
		RebuildTransferFunctionScriptingTraits (0ms)
		AnalyzeDomain (27ms)
			TypeCache.Refresh (10ms)
				TypeCache.ScanAssembly (0ms)
			ScanForSourceGeneratedMonoScriptInfo (0ms)
			ResolveRequiredComponents (14ms)
	FinalizeReload (2232ms)
		ReleaseScriptCaches (0ms)
		RebuildScriptCaches (0ms)
		SetupLoadedEditorAssemblies (1334ms)
			LogAssemblyErrors (0ms)
			InitializePlatformSupportModulesInManaged (67ms)
			SetLoadedEditorAssemblies (10ms)
			RefreshPlugins (0ms)
			BeforeProcessingInitializeOnLoad (130ms)
			ProcessInitializeOnLoadAttributes (1039ms)
			ProcessInitializeOnLoadMethodAttributes (56ms)
			AfterProcessingInitializeOnLoad (31ms)
			EditorAssembliesLoaded (0ms)
		ExecutionOrderSort2 (0ms)
		AwakeInstancesAfterBackupRestoration (16ms)
Refreshing native plugins compatible for Editor in 4.59 ms, found 2 plugins.
Preloading 0 native plugins for Editor in 0.00 ms.
Unloading 1594 Unused Serialized files (Serialized files now loaded: 0)
Unloading 11 unused Assets / (123.8 KB). Loaded Objects now: 2481.
Memory consumption went from 90.5 MB to 90.3 MB.
Total: 6.846900 ms (FindLiveObjects: 0.244700 ms CreateObjectMapping: 0.089700 ms MarkObjects: 6.333300 ms  DeleteObjects: 0.177400 ms)

Prepare: number of updated asset objects reloaded= 0
AssetImportParameters requested are different than current active one (requested -> active):
  custom:scripting/monoscript/fileName/CinemachineGroupComposerEditor.cs: 54a07f36704e77a685a5e7e8c8b2c216 -> 
  custom:scripting/monoscript/fileName/JoystickEditor.cs: 406670d2fe263f5d7c582f8389f2b844 -> 
  custom:video-decoder-webm-vp8: 9c59270c3fd7afecdb556c50c9e8de78 -> 
  custom:scripting/monoscript/fileName/CinemachineConfinerEditor.cs: cc6c898a3390647ab91613c8a96de4b4 -> 
  custom:scripting/monoscript/fileName/CinemachineHardLookAt.cs: 792580aec23d39bcecd7ceea4c27a0ce -> 
  custom:scripting/monoscript/fileName/CinemachineInputAxisDriver.cs: 7e424e54660fed310c58dc98ea41042e -> 
  custom:scripting/monoscript/fileName/CinemachineStoryboardEditor.cs: 2e7ec8bfb72013eaaff4873a27da019c -> 
  custom:scripting/monoscript/fileName/CinemachineBasicMultiChannelPerlin.cs: bd5416e75860cd63657371207eb79058 -> 
  custom:scripting/monoscript/fileName/CinemachineBlendDefinitionPropertyDrawer.cs: 7ae344d19d646b738f3c65294becf216 -> 
  custom:scripting/monoscript/fileName/CinemachineTrackedDollyEditor.cs: b4d6784c58752cea58aafd9a76ca4459 -> 
  custom:scripting/monoscript/fileName/CinemachineImpulseManager.cs: c34be3577a810e26fd0110c580799b88 -> 
  custom:scripting/monoscript/fileName/CinemachineSmoothPath.cs: c28db2688f35d70587b5f943431a010a -> 
  custom:SearchIndexIgnoredProperties: e643bd26f0fe6173181afceb89e7c659 -> 
  custom:scripting/monoscript/fileName/CinemachineStateDrivenCamera.cs: aea2468a7384be4ba6d1b043ccec135d -> 
  custom:container-demuxer-ogg: 62fdf1f143b41e24485cea50d1cbac27 -> 
  custom:scripting/monoscript/fileName/CinemachineBlenderSettings.cs: 9adcb80668a56be4cd8e31c1d3dc60ae -> 
  custom:AudioImporter_EditorPlatform: d09bf68614088b80899f8185d706f6e7 -> 
  custom:scripting/monoscript/fileName/SignalSourceAsset.cs: f7ffd463dece56bad278f5a8d3ed7fc6 -> 
  custom:scripting/monoscript/fileName/CinemachineMixingCamera.cs: 739c5ceb76c01023f431794ec46a0177 -> 
  custom:scripting/monoscript/fileName/CinemachineCore.cs: fe6c3be993819098833de1628bfd76b2 -> 
  custom:scripting/monoscript/fileName/CinemachinePath.cs: b443d3c8837a65ddc3c78741cd58ec71 -> 
  custom:scripting/monoscript/fileName/CinemachineImpulseChannelPropertyDrawer.cs: 4b6390a17916751618e2a45cb8d47a80 -> 
  custom:scripting/monoscript/fileName/JoystickPlayerExample.cs: 2ec96b3abad264f4393a91b76b487cb7 -> 
  custom:scripting/monoscript/fileName/SerializedPropertyHelper.cs: b04ac165255e34bc2935ca9bf180e209 -> 
  custom:scripting/monoscript/fileName/CinemachineFramingTransposer.cs: 7943c9d436748359882d8f978cf86c91 -> 
  custom:scripting/monoscript/fileName/CinemachineImpulseListenerEditor.cs: d5d28e418f87c111bce1c1b98f1f70ba -> 
  custom:scripting/monoscript/fileName/AxisState.cs: 1a494a66d8b9a58f4a6873f89bf5b094 -> 
  custom:scripting/monoscript/fileName/CinemachineDollyCart.cs: bbe9d07f4a2f7ee5ab002e66cb05f922 -> 
  custom:scripting/monoscript/fileName/CinemachineStoryboard.cs: 59a2099f76be9b47af1e12ed7d40f553 -> 
  custom:scripting/monoscript/fileName/CinemachineClearShot.cs: 1da15f5c7903497ce3ae982ee4ee4779 -> 
  custom:scripting/monoscript/fileName/CinemachinePOVEditor.cs: 71db5a9242a182995b4ca15db516f628 -> 
  custom:scripting/monoscript/fileName/JoystickSetterExample.cs: 9ef810522df7cdd512f52a98ae7a04f9 -> 
  custom:scripting/monoscript/fileName/CinemachineMixer.cs: 2e36eb9e732dd7c8a32e8f83daebd6f4 -> 
  custom:scripting/monoscript/fileName/CinemachinePixelPerfect.cs: 2f42bea4517739481ed2553d1616050e -> 
  custom:scripting/monoscript/fileName/CinemachineTrackedDolly.cs: f6a9c21b27ad86d45f62f6b444ccbb49 -> 
  custom:scripting/monoscript/fileName/CinemachineHardLookAtEditor.cs: 15b8f2af6a6d786898ce5dd6b0db26dc -> 
  custom:scripting/monoscript/fileName/CinemachineConfiner.cs: 3813336c17662a5cb6b59ce5f1954254 -> 
  custom:scripting/monoscript/fileName/CinemachineComposer.cs: e399dfd36807c341da7cd182ce299d1e -> 
  custom:scripting/monoscript/fileName/CinemachineTrack.cs: 4b50d47d507c57dc81b82253ec075194 -> 
  custom:scripting/monoscript/fileName/VariableJoystickEditor.cs: fee5e077b31909c4bba3d7329fdefd90 -> 
  custom:scripting/monoscript/fileName/CinemachineSmoothPathEditor.cs: 7555bcba4eb760e012dd21c6730ae562 -> 
  custom:scripting/monoscript/fileName/ScriptableObjectUtility.cs: c529d074f6f57a07e3f410d488963bbc -> 
  custom:scripting/monoscript/fileName/CinemachineBrain.cs: 365b4e0b6319f064062e97b8f8e32c8e -> 
  custom:scripting/monoscript/fileName/GlobalEvents.cs: 67f83bda753ae83eb95a23f3cd97c01c -> 
  custom:scripting/monoscript/fileName/CinemachineImpulseDefinitionPropertyDrawer.cs: 1b2fc77b0a80a7e0e9045e0d44fb761c -> 
  custom:scripting/monoscript/fileName/CinemachineColliderPrefs.cs: 47106451d4685409820905badf49b71f -> 
  custom:scripting/monoscript/fileName/CinemachineFollowZoom.cs: eb74e2e98d3dc4647324e113f34710ca -> 
  custom:scripting/monoscript/fileName/CinemachineDebug.cs: 3077ed3b64725184c652d4c07ac732fd -> 
  custom:scripting/monoscript/fileName/CinemachineLensPresets.cs: 014747fb0ab87178c677520d0bf20bf7 -> 
  custom:video-decoder-ogg-theora: a1e56fd34408186e4bbccfd4996cb3dc -> 
  custom:scripting/monoscript/fileName/CinemachineOrbitalTransposer.cs: 71c52878ba6d43827473a480056a99da -> 
  custom:scripting/monoscript/fileName/Weapon.cs: 0b4d856b429b31aad65662a3c52c642a -> 
  custom:scripting/monoscript/fileName/CinemachineCameraOffset.cs: a6887f67d3eb83cc6393b822d4e65121 -> 
  custom:scripting/monoscript/fileName/ICinemachineCamera.cs: 2faad4f04eaf5d98c2870adbfb06184e -> 
  custom:scripting/monoscript/fileName/CinemachinePathBase.cs: debb99764287c54cae06313e2d6a1fe1 -> 
  custom:scripting/monoscript/fileName/CinemachineImpulseSource.cs: ac073b8453e26c5dd422d5f1a90a7ff2 -> 
  custom:scripting/monoscript/fileName/CinemachineShotPlayable.cs: e346ad1ecb4af45da55274cb9abd9ec0 -> 
  custom:scripting/monoscript/fileName/CinemachineTagFieldPropertyDrawer.cs: e78491a12decd558a49d01cc583bfcfb -> 
  custom:framework-win-MediaFoundation: 216162199b28c13a410421893ffa2e32 -> 
  custom:scripting/monoscript/fileName/CinemachineVolumeSettings.cs: 22782cc3dbf8dfd1cb54e8486f29fe0d -> 
  custom:scripting/monoscript/fileName/CinemachineImpulseEnvelopePropertyDrawer.cs: 07e00c9c84964a5c7e4f3f19e4263ec1 -> 
  custom:scripting/monoscript/fileName/SplineHelpers.cs: 9e5bf4293b3828088291b7871e233a27 -> 
  custom:scripting/monoscript/fileName/CinemachineImpulseSourceEditor.cs: 0ef7804c69c18838aa65e6d5bae5b055 -> 
  custom:scripting/monoscript/fileName/CinemachineExternalCameraEditor.cs: d74df442250b898c9b40669a19100e9d -> 
  custom:scripting/monoscript/fileName/DynamicJoystickEditor.cs: f92673ca2cd03c2f140cf81ccfee7ccb -> 
  custom:scripting/monoscript/fileName/CinemachineSameAsFollowTargetEditor.cs: 6def40fc1e39b3242347b6630fb5127e -> 
  custom:scripting/monoscript/fileName/CinemachineTargetGroupEditor.cs: f70ac85df8c1c9bd0b83a35534bafd1f -> 
  custom:scripting/monoscript/fileName/CinemachineRecomposer.cs: 07354cca81f7d0775b027b5906330569 -> 
  custom:scripting/monoscript/fileName/CinemachineTransposer.cs: aa226dd144b3a977b86ea888b85df5fa -> 
  custom:scripting/monoscript/fileName/CinemachineBlendListCameraEditor.cs: dbc12d2a9f3e2999a067290c411b2aca -> 
  custom:scripting/monoscript/fileName/TargetPositionCache.cs: 49ce97e6930a536b43825141e0c2d3a4 -> 
  custom:scripting/monoscript/fileName/CinemachineShot.cs: 3d4d9d05534db20e82d871d98ea52716 -> 
  custom:scripting/monoscript/fileName/UnityVectorExtensions.cs: 052777772edecdffe26d41a6a989641e -> 
  custom:scripting/monoscript/fileName/CinemachineBasicMultiChannelPerlinEditor.cs: d6749cd6c482efa27bdd41f60394f1b9 -> 
  custom:scripting/monoscript/fileName/CinemachineImpulseChannels.cs: a9a39cc5ecea1f083db0fce154eec19c -> 
  custom:scripting/monoscript/fileName/CinemachineHardLockToTarget.cs: d349308c5b4f600a345055c394206f52 -> 
  custom:scripting/monoscript/fileName/CinemachineConfiner2D.cs: beb10be0db8ff9d3a94bd0a150963b9b -> 
  custom:scripting/monoscript/fileName/LensSettings.cs: 4335e899502c57ee4480b8c9aa915366 -> 
  custom:scripting/monoscript/fileName/CinemachineExternalCamera.cs: d76122377115c288d881064c3f07a3f1 -> 
  custom:scripting/monoscript/fileName/Cinemachine3rdPersonAim.cs: 4bd230d915f070bb3cae23bef6f7ab70 -> 
  custom:scripting/monoscript/fileName/ReflectionHelpers.cs: 60a5d38af3e775d0a421a7ff630d61cc -> 
  custom:scripting/monoscript/fileName/CinemachineVirtualCamera.cs: f16f2dc5bc1261579875c19605c45301 -> 
  custom:scripting/monoscript/fileName/DynamicJoystick.cs: fa6fdbd0de9beec4a70bc764c26bb796 -> 
  custom:scripting/monoscript/fileName/Predictor.cs: d51584936cb5b31b30ee7b444e03385b -> 
  custom:scripting/monoscript/fileName/CinemachineImpulseListener.cs: 6aac146243d38e7a67346170caa40ea1 -> 
  custom:scripting/monoscript/fileName/CinemachineOrbitalTransposerEditor.cs: 5ea2e4bec7ee6c24917bd86647f4bffa -> 
  custom:scripting/monoscript/fileName/CinemachineConfiner2DEditor.cs: 3f4b3d9b17ff5cd560135aa24f822994 -> 
  custom:scripting/monoscript/fileName/RigidbodyVoxelController.cs: d93a52a180fbbe603a59e9aa6da73c83 -> 7ca90fb0e37f14d197d0c5589d1c29f7
  custom:scripting/monoscript/fileName/GroupWeightManipulator.cs: 588749cf3436a8199e762a8e09bc8de7 -> 
  custom:scripting/monoscript/fileName/AxisStatePropertyDrawer.cs: 2d807695a513641e771c78e6c342ff04 -> 
  custom:video-encoder-webm-vp8: eb34c28f22e8b96e1ab97ce403110664 -> 
  custom:scripting/monoscript/fileName/CinemachineScreenComposerGuides.cs: cdc7ea02ccc4c8d1561d98d16760d1ca -> 
  custom:scripting/monoscript/fileName/CinemachinePropertyAttribute.cs: e8158d9725ac3a9129a08e46a4ff7519 -> 
  custom:scripting/monoscript/fileName/CinemachineVirtualCameraEditor.cs: 2e051d0c474634e907fe4123d6e2656e -> 
  custom:scripting/monoscript/fileName/CinemachineMenu.cs: 7b932811d9fa1e44d0d8b2b9ed75adf3 -> 
  custom:scripting/monoscript/fileName/RuntimeUtility.cs: 8c92a9f673836e5d2084dbeb0f10159f -> 
  custom:scripting/monoscript/fileName/CinemachineFreeLook.cs: bebc32b18bc4beddc113bad68624e557 -> 
  custom:scripting/monoscript/fileName/CinemachineSettings.cs: 197f6d5ad32e253546b5afa056a5bba4 -> 
  custom:audio-decoder-ogg-vorbis: bf7c407c2cedff20999df2af8eb42d56 -> 
  custom:scripting/monoscript/fileName/CinemachineGroupComposer.cs: 173a689a80ef321c302f9c045419668f -> 
  custom:scripting/monoscript/fileName/PlayerController.cs: d93a52a180fbbe603a59e9aa6da73c83 -> 
  custom:scripting/monoscript/fileName/CinemachineVirtualCameraBase.cs: c7e60cccdcb14ee2a33da9fd46c1c54f -> 
  custom:scripting/monoscript/fileName/CinemachineFixedSignal.cs: aedcdca7a861da6e456e0ae105b24c41 -> 
  custom:scripting/monoscript/fileName/CinemachineShotClipEditor.cs: 123a48531bf1d1b4f3c8398556caec62 -> 
  custom:scripting/monoscript/fileName/CinemachineNoiseSettingsEditor.cs: 9056e69d9c759ba2504535054fff31c9 -> 
  custom:scripting/monoscript/fileName/CinemachineTouchInputMapper.cs: b9698729a07a7d31c864247e0582b566 -> 
  custom:scripting/monoscript/fileName/CinemachineTriggerAction.cs: cab9c5d02c28af05797c2c3743539bdb -> 
  custom:scripting/monoscript/fileName/InspectorUtility.cs: e13a8546bf784ce9963c508abb88926b -> 
  custom:CustomObjectIndexerAttribute: 9a22284fe3817be447336de3de66b15e -> 
  custom:scripting/monoscript/fileName/CinemachinePOV.cs: e4df06d1994174afa286b103eb06ee7f -> 
  custom:scripting/monoscript/fileName/CinemachineBlenderSettingsEditor.cs: c57aa7de12bc3e7367ca091f4902c67b -> 
  custom:scripting/monoscript/fileName/CinemachineBlend.cs: f33659d50c4d86144d649aa7e8196529 -> 
  custom:scripting/precompiled-assembly-types:Cinemachine: 54c8b091bb91c32bfeada952c9c53e21 -> 
  custom:scripting/monoscript/fileName/CinemachineImpulseDefinition.cs: 3d434086a2bdaf715abf85e79e9f14b4 -> 
  custom:scripting/precompiled-assembly-types:com.unity.cinemachine.editor: e24bde9f61664824443e2ae04112f2bb -> 
  custom:scripting/monoscript/fileName/CinemachineFreeLookEditor.cs: 9641291977c1891a004ac4c4c259e1c8 -> 
  custom:scripting/monoscript/fileName/CinemachineTransposerEditor.cs: 85841a774ddea4fb7232a7a585f716b4 -> 
  custom:scripting/monoscript/fileName/FloatingJoystickEditor.cs: 20a94efd412f2009d4e6722fe16a3051 -> 
  custom:scripting/monoscript/fileName/clipper.cs: 2a50e35a835148907b3c1fa8e187ab2b -> 
  custom:scripting/monoscript/fileName/NoiseSettings.cs: 443d576e0c72ab62870476103c9384ec -> 
  custom:scripting/monoscript/fileName/VariableJoystick.cs: 6a21e483212ef280c767be5522709419 -> 
  custom:scripting/monoscript/fileName/GaussianFilter.cs: 0a3672ebe80edf7c5daca82445c15683 -> 
  custom:scripting/monoscript/fileName/CinemachineSceneTools.cs: d63880a6073ab3335301b115db235b5b -> 
  custom:scripting/monoscript/fileName/Cinemachine3rdPersonFollowEditor.cs: f79aa162534f81c680877e6274b5d6ec -> 
  custom:scripting/monoscript/fileName/EmbeddedAssetPropertyDrawer.cs: fd7ebc18093de04c88d0cfc86fb060f5 -> 
  custom:scripting/monoscript/fileName/FixedJoystick.cs: ceaced0056a716bd82a85e0f3d488361 -> 
  custom:container-demuxer-webm: 4f35f7cbe854078d1ac9338744f61a02 -> 
  custom:scripting/monoscript/fileName/CinemachineTriggerActionEditor.cs: 2309a2ec6192ace4cae8bab5a535978e -> 
  custom:scripting/monoscript/fileName/ConfinerOven.cs: ff23c03e90b61beb34474fc6e4ff668c -> 
  custom:scripting/monoscript/fileName/VcamTargetPropertyDrawer.cs: 9208050b1312b118a226fef2d63e8fa1 -> 
  custom:scripting/monoscript/fileName/CinemachineCollisionImpulseSource.cs: 9aae5e368cb7786be199f98f2122f96d -> 
  custom:scripting/monoscript/fileName/CinemachineClearShotEditor.cs: ca8875b47e775cd361c78158d7923690 -> 
  custom:scripting/monoscript/fileName/WaveformWindow.cs: 01bbc4fc017d41a2bab7fb57c988e8da -> 
  custom:scripting/monoscript/fileName/CinemachinePipeline.cs: 6ca7a5979a0a73ea1d450a8fc9b437ef -> 
  custom:scripting/monoscript/fileName/CinemachineEditorAnalytics.cs: de76cc292d7ecedcf47af6616498c9f9 -> 
  custom:scripting/monoscript/fileName/Joystick.cs: c13c665079b3ba178e3a8ef05c62070b -> 
  custom:scripting/monoscript/fileName/NoiseSettingsPropertyDrawer.cs: 8d3f69ba7eeec63914970bd3136b6ace -> 
  custom:scripting/monoscript/fileName/VcamStageEditor.cs: 84b0eaf932b448975a99972628e556d8 -> 
  custom:scripting/monoscript/fileName/CinemachineBrainEditor.cs: 49621d8b7679c0b5d128fef53d55becd -> 
  custom:scripting/monoscript/fileName/CinemachineFramingTransposerEditor.cs: 1653e1c00b2ca68b1d40f01e5bfb8445 -> 
  custom:scripting/monoscript/fileName/CinemachineShotEditor.cs: 2ba28b209a4ad7f0a791994d2360a9af -> 
  custom:scripting/monoscript/fileName/CinemachineStateDrivenCameraEditor.cs: 77d9f0a97385f936d9b4ffaa686bce39 -> 
  custom:scripting/monoscript/fileName/OrbitalTransposerHeadingPropertyDrawer.cs: 22496b76ce84f35f630c90badc4babd8 -> 
  custom:scripting/monoscript/fileName/CinemachineHardLockToTargetEditor.cs: c65eaafd47115974a2a9379aae467b0e -> 
  custom:scripting/monoscript/fileName/CinemachinePathEditor.cs: ce10985fbf0e018e2dea63fedae131ba -> 
  custom:scripting/monoscript/fileName/CinemachineCollider.cs: 8fa92f525b1c31cd81812685d7f8c288 -> 
  custom:audio-encoder-webm-vorbis: bf7c407c2cedff20999df2af8eb42d56 -> 
  custom:scripting/monoscript/fileName/CameraState.cs: 6ae7088fa20820e052d1e4d86059e90b -> 
  custom:scripting/monoscript/fileName/CinemachineToolbarOverlay.cs: 371b6fc494252d6fda34e207e170cb66 -> 
  custom:scripting/precompiled-assembly-types:Assembly-CSharp-Editor: f7c7739fc303cafe5879da7512dd0656 -> 
  custom:scripting/monoscript/fileName/CinemachineCollisionImpulseSourceEditor.cs: 29f9a522ec6b23375849ba08fd597c8d -> 
  custom:scripting/monoscript/fileName/JumpButton.cs: 82e6d242617ad477f32ce19b2a5161b4 -> 
  custom:scripting/monoscript/fileName/CinemachineIndependentImpulseListener.cs: 91ae8748b9c36955c333e57505ff90fb -> 
  custom:scripting/monoscript/fileName/CinemachineMixingCameraEditor.cs: 1c122a21d710512fec62cdc7bd351681 -> 
  custom:scripting/monoscript/fileName/CinemachinePostProcessing.cs: bf9b100a1b61fd5383288bc96487c194 -> 
  custom:scripting/monoscript/fileName/CinemachineInputProvider.cs: ecb845de690695f08b3b3bb647cc7006 -> 
  custom:scripting/monoscript/fileName/CinemachineColliderEditor.cs: 859d1abbd669ee84cb713f6d4d0e1c5f -> 
  custom:scripting/monoscript/fileName/CinemachineSameAsFollowTarget.cs: bcfa2d394e1e5460b4ef3dc039214a16 -> 
  custom:scripting/monoscript/fileName/CinemachineExtension.cs: 6968db4afcdc301f6acb1ef4fbadb2f4 -> 
  custom:scripting/monoscript/fileName/CinemachineTargetGroup.cs: 10a09aa736b3a25da6dd9fc3c4dd9d36 -> 
  custom:scripting/monoscript/fileName/CinemachineVirtualCameraBaseEditor.cs: 13ee4931cd85df4b22852d0547b5e690 -> 
  custom:scripting/monoscript/fileName/UpdateTracker.cs: 3dac8a24a32a32e4bbfeb38ed26ef250 -> 
  custom:scripting/monoscript/fileName/CinemachineComposerEditor.cs: dda533b9c6cb2b366292f584704bd904 -> 
  custom:scripting/monoscript/fileName/FloatingJoystick.cs: 516035e2342d093d90fb2bd11ff41e68 -> 
  custom:scripting/monoscript/fileName/Cinemachine3rdPersonFollow.cs: 4600bac2bdf6b37d80e86f9aa5a413c3 -> 
  custom:scripting/monoscript/fileName/EmbeddedAssetHelpers.cs: 90647cc400823b41df847a6cbfc29026 -> 
  custom:scripting/precompiled-assembly-types:Assembly-CSharp: e2d62612d1b4a1d9f29736dbfe0c71cb -> 98724c9a75c5cf593f713ad668a0273b
  custom:scripting/monoscript/fileName/CinemachineBlendListCamera.cs: 66104ac24fef171d9f5d5b93a8cb2f83 -> 
  custom:scripting/monoscript/fileName/CinemachineComponentBase.cs: 5293f153c13e9bd2fc262ec31ff69206 -> 
  custom:scripting/monoscript/fileName/BaseEditor.cs: 90647cc400823b41df847a6cbfc29026 -> 
  custom:container-muxer-webm: aa71ff27fc2769a1b78a27578f13a17b -> 
  custom:scripting/monoscript/fileName/SaveDuringPlay.cs: de39f1962b337699845d3d8a2e8f5bde -> 
========================================================================
Received Prepare
Caller must complete domain reload
Begin MonoManager ReloadAssembly
- Loaded All Assemblies, in  1.004 seconds
Native extension for WindowsStandalone target not found
Native extension for Android target not found
Native extension for WebGL target not found
[Package Manager] Server::EnsureServerProcessIsRunning -- launch failed, reason: Unity was launched with the -noUpm command-line argument
[Package Manager] UpmClient::Send -- Unable to send message (not connected to UPM process).
[Package Manager] Cannot connect to Unity Package Manager local server
Mono: successfully reloaded assembly
- Finished resetting the current domain, in  2.857 seconds
Domain Reload Profiling: 3852ms
	BeginReloadAssembly (356ms)
		ExecutionOrderSort (0ms)
		DisableScriptedObjects (11ms)
		BackupInstance (0ms)
		ReleaseScriptingObjects (0ms)
		CreateAndSetChildDomain (59ms)
	RebuildCommonClasses (95ms)
	RebuildNativeTypeToScriptingClass (38ms)
	initialDomainReloadingComplete (78ms)
	LoadAllAssembliesAndSetupDomain (425ms)
		LoadAssemblies (612ms)
		RebuildTransferFunctionScriptingTraits (0ms)
		AnalyzeDomain (30ms)
			TypeCache.Refresh (10ms)
				TypeCache.ScanAssembly (0ms)
			ScanForSourceGeneratedMonoScriptInfo (0ms)
			ResolveRequiredComponents (17ms)
	FinalizeReload (2858ms)
		ReleaseScriptCaches (0ms)
		RebuildScriptCaches (0ms)
		SetupLoadedEditorAssemblies (1803ms)
			LogAssemblyErrors (0ms)
			InitializePlatformSupportModulesInManaged (96ms)
			SetLoadedEditorAssemblies (16ms)
			RefreshPlugins (0ms)
			BeforeProcessingInitializeOnLoad (208ms)
			ProcessInitializeOnLoadAttributes (1412ms)
			ProcessInitializeOnLoadMethodAttributes (49ms)
			AfterProcessingInitializeOnLoad (21ms)
			EditorAssembliesLoaded (0ms)
		ExecutionOrderSort2 (0ms)
		AwakeInstancesAfterBackupRestoration (13ms)
Refreshing native plugins compatible for Editor in 8.79 ms, found 2 plugins.
Preloading 0 native plugins for Editor in 0.00 ms.
Unloading 1594 Unused Serialized files (Serialized files now loaded: 0)
Unloading 11 unused Assets / (123.8 KB). Loaded Objects now: 2496.
Memory consumption went from 90.5 MB to 90.4 MB.
Total: 5.150600 ms (FindLiveObjects: 0.246200 ms CreateObjectMapping: 0.089700 ms MarkObjects: 4.625700 ms  DeleteObjects: 0.186600 ms)

Prepare: number of updated asset objects reloaded= 0
AssetImportParameters requested are different than current active one (requested -> active):
  custom:scripting/monoscript/fileName/CinemachineGroupComposerEditor.cs: 54a07f36704e77a685a5e7e8c8b2c216 -> 
  custom:scripting/monoscript/fileName/JoystickEditor.cs: 406670d2fe263f5d7c582f8389f2b844 -> 
  custom:video-decoder-webm-vp8: 9c59270c3fd7afecdb556c50c9e8de78 -> 
  custom:scripting/monoscript/fileName/CinemachineConfinerEditor.cs: cc6c898a3390647ab91613c8a96de4b4 -> 
  custom:scripting/monoscript/fileName/CinemachineHardLookAt.cs: 792580aec23d39bcecd7ceea4c27a0ce -> 
  custom:scripting/monoscript/fileName/CinemachineInputAxisDriver.cs: 7e424e54660fed310c58dc98ea41042e -> 
  custom:scripting/monoscript/fileName/CinemachineStoryboardEditor.cs: 2e7ec8bfb72013eaaff4873a27da019c -> 
  custom:scripting/monoscript/fileName/CinemachineBasicMultiChannelPerlin.cs: bd5416e75860cd63657371207eb79058 -> 
  custom:scripting/monoscript/fileName/CinemachineBlendDefinitionPropertyDrawer.cs: 7ae344d19d646b738f3c65294becf216 -> 
  custom:scripting/monoscript/fileName/CinemachineTrackedDollyEditor.cs: b4d6784c58752cea58aafd9a76ca4459 -> 
  custom:scripting/monoscript/fileName/CinemachineImpulseManager.cs: c34be3577a810e26fd0110c580799b88 -> 
  custom:scripting/monoscript/fileName/CinemachineSmoothPath.cs: c28db2688f35d70587b5f943431a010a -> 
  custom:SearchIndexIgnoredProperties: e643bd26f0fe6173181afceb89e7c659 -> 
  custom:scripting/monoscript/fileName/CinemachineStateDrivenCamera.cs: aea2468a7384be4ba6d1b043ccec135d -> 
  custom:container-demuxer-ogg: 62fdf1f143b41e24485cea50d1cbac27 -> 
  custom:scripting/monoscript/fileName/CinemachineBlenderSettings.cs: 9adcb80668a56be4cd8e31c1d3dc60ae -> 
  custom:AudioImporter_EditorPlatform: d09bf68614088b80899f8185d706f6e7 -> 
  custom:scripting/monoscript/fileName/SignalSourceAsset.cs: f7ffd463dece56bad278f5a8d3ed7fc6 -> 
  custom:scripting/monoscript/fileName/CinemachineMixingCamera.cs: 739c5ceb76c01023f431794ec46a0177 -> 
  custom:scripting/monoscript/fileName/CinemachineCore.cs: fe6c3be993819098833de1628bfd76b2 -> 
  custom:scripting/monoscript/fileName/CinemachinePath.cs: b443d3c8837a65ddc3c78741cd58ec71 -> 
  custom:scripting/monoscript/fileName/CinemachineImpulseChannelPropertyDrawer.cs: 4b6390a17916751618e2a45cb8d47a80 -> 
  custom:scripting/monoscript/fileName/JoystickPlayerExample.cs: 2ec96b3abad264f4393a91b76b487cb7 -> 
  custom:scripting/monoscript/fileName/SerializedPropertyHelper.cs: b04ac165255e34bc2935ca9bf180e209 -> 
  custom:scripting/monoscript/fileName/CinemachineFramingTransposer.cs: 7943c9d436748359882d8f978cf86c91 -> 
  custom:scripting/monoscript/fileName/CinemachineImpulseListenerEditor.cs: d5d28e418f87c111bce1c1b98f1f70ba -> 
  custom:scripting/monoscript/fileName/AxisState.cs: 1a494a66d8b9a58f4a6873f89bf5b094 -> 
  custom:scripting/monoscript/fileName/CinemachineDollyCart.cs: bbe9d07f4a2f7ee5ab002e66cb05f922 -> 
  custom:scripting/monoscript/fileName/CinemachineStoryboard.cs: 59a2099f76be9b47af1e12ed7d40f553 -> 
  custom:scripting/monoscript/fileName/CinemachineClearShot.cs: 1da15f5c7903497ce3ae982ee4ee4779 -> 
  custom:scripting/monoscript/fileName/CinemachinePOVEditor.cs: 71db5a9242a182995b4ca15db516f628 -> 
  custom:scripting/monoscript/fileName/JoystickSetterExample.cs: 9ef810522df7cdd512f52a98ae7a04f9 -> 
  custom:scripting/monoscript/fileName/CinemachineMixer.cs: 2e36eb9e732dd7c8a32e8f83daebd6f4 -> 
  custom:scripting/monoscript/fileName/CinemachinePixelPerfect.cs: 2f42bea4517739481ed2553d1616050e -> 
  custom:scripting/monoscript/fileName/CinemachineTrackedDolly.cs: f6a9c21b27ad86d45f62f6b444ccbb49 -> 
  custom:scripting/monoscript/fileName/CinemachineHardLookAtEditor.cs: 15b8f2af6a6d786898ce5dd6b0db26dc -> 
  custom:scripting/monoscript/fileName/CinemachineConfiner.cs: 3813336c17662a5cb6b59ce5f1954254 -> 
  custom:scripting/monoscript/fileName/CinemachineComposer.cs: e399dfd36807c341da7cd182ce299d1e -> 
  custom:scripting/monoscript/fileName/CinemachineTrack.cs: 4b50d47d507c57dc81b82253ec075194 -> 
  custom:scripting/monoscript/fileName/VariableJoystickEditor.cs: fee5e077b31909c4bba3d7329fdefd90 -> 
  custom:scripting/monoscript/fileName/CinemachineSmoothPathEditor.cs: 7555bcba4eb760e012dd21c6730ae562 -> 
  custom:scripting/monoscript/fileName/ScriptableObjectUtility.cs: c529d074f6f57a07e3f410d488963bbc -> 
  custom:scripting/monoscript/fileName/CinemachineBrain.cs: 365b4e0b6319f064062e97b8f8e32c8e -> 
  custom:scripting/monoscript/fileName/GlobalEvents.cs: 67f83bda753ae83eb95a23f3cd97c01c -> 
  custom:scripting/monoscript/fileName/CinemachineImpulseDefinitionPropertyDrawer.cs: 1b2fc77b0a80a7e0e9045e0d44fb761c -> 
  custom:scripting/monoscript/fileName/CinemachineColliderPrefs.cs: 47106451d4685409820905badf49b71f -> 
  custom:scripting/monoscript/fileName/CinemachineFollowZoom.cs: eb74e2e98d3dc4647324e113f34710ca -> 
  custom:scripting/monoscript/fileName/CinemachineDebug.cs: 3077ed3b64725184c652d4c07ac732fd -> 
  custom:scripting/monoscript/fileName/CinemachineLensPresets.cs: 014747fb0ab87178c677520d0bf20bf7 -> 
  custom:video-decoder-ogg-theora: a1e56fd34408186e4bbccfd4996cb3dc -> 
  custom:scripting/monoscript/fileName/CinemachineOrbitalTransposer.cs: 71c52878ba6d43827473a480056a99da -> 
  custom:scripting/monoscript/fileName/Weapon.cs: 0b4d856b429b31aad65662a3c52c642a -> 
  custom:scripting/monoscript/fileName/CinemachineCameraOffset.cs: a6887f67d3eb83cc6393b822d4e65121 -> 
  custom:scripting/monoscript/fileName/ICinemachineCamera.cs: 2faad4f04eaf5d98c2870adbfb06184e -> 
  custom:scripting/monoscript/fileName/CinemachinePathBase.cs: debb99764287c54cae06313e2d6a1fe1 -> 
  custom:scripting/monoscript/fileName/CinemachineImpulseSource.cs: ac073b8453e26c5dd422d5f1a90a7ff2 -> 
  custom:scripting/monoscript/fileName/CinemachineShotPlayable.cs: e346ad1ecb4af45da55274cb9abd9ec0 -> 
  custom:scripting/monoscript/fileName/CinemachineTagFieldPropertyDrawer.cs: e78491a12decd558a49d01cc583bfcfb -> 
  custom:framework-win-MediaFoundation: 216162199b28c13a410421893ffa2e32 -> 
  custom:scripting/monoscript/fileName/CinemachineVolumeSettings.cs: 22782cc3dbf8dfd1cb54e8486f29fe0d -> 
  custom:scripting/monoscript/fileName/CinemachineImpulseEnvelopePropertyDrawer.cs: 07e00c9c84964a5c7e4f3f19e4263ec1 -> 
  custom:scripting/monoscript/fileName/SplineHelpers.cs: 9e5bf4293b3828088291b7871e233a27 -> 
  custom:scripting/monoscript/fileName/CinemachineImpulseSourceEditor.cs: 0ef7804c69c18838aa65e6d5bae5b055 -> 
  custom:scripting/monoscript/fileName/CinemachineExternalCameraEditor.cs: d74df442250b898c9b40669a19100e9d -> 
  custom:scripting/monoscript/fileName/DynamicJoystickEditor.cs: f92673ca2cd03c2f140cf81ccfee7ccb -> 
  custom:scripting/monoscript/fileName/CinemachineSameAsFollowTargetEditor.cs: 6def40fc1e39b3242347b6630fb5127e -> 
  custom:scripting/monoscript/fileName/CinemachineTargetGroupEditor.cs: f70ac85df8c1c9bd0b83a35534bafd1f -> 
  custom:scripting/monoscript/fileName/CinemachineRecomposer.cs: 07354cca81f7d0775b027b5906330569 -> 
  custom:scripting/monoscript/fileName/CinemachineTransposer.cs: aa226dd144b3a977b86ea888b85df5fa -> 
  custom:scripting/monoscript/fileName/CinemachineBlendListCameraEditor.cs: dbc12d2a9f3e2999a067290c411b2aca -> 
  custom:scripting/monoscript/fileName/TargetPositionCache.cs: 49ce97e6930a536b43825141e0c2d3a4 -> 
  custom:scripting/monoscript/fileName/CinemachineShot.cs: 3d4d9d05534db20e82d871d98ea52716 -> 
  custom:scripting/monoscript/fileName/UnityVectorExtensions.cs: 052777772edecdffe26d41a6a989641e -> 
  custom:scripting/monoscript/fileName/CinemachineBasicMultiChannelPerlinEditor.cs: d6749cd6c482efa27bdd41f60394f1b9 -> 
  custom:scripting/monoscript/fileName/CinemachineImpulseChannels.cs: a9a39cc5ecea1f083db0fce154eec19c -> 
  custom:scripting/monoscript/fileName/CinemachineHardLockToTarget.cs: d349308c5b4f600a345055c394206f52 -> 
  custom:scripting/monoscript/fileName/CinemachineConfiner2D.cs: beb10be0db8ff9d3a94bd0a150963b9b -> 
  custom:scripting/monoscript/fileName/LensSettings.cs: 4335e899502c57ee4480b8c9aa915366 -> 
  custom:scripting/monoscript/fileName/CinemachineExternalCamera.cs: d76122377115c288d881064c3f07a3f1 -> 
  custom:scripting/monoscript/fileName/Cinemachine3rdPersonAim.cs: 4bd230d915f070bb3cae23bef6f7ab70 -> 
  custom:scripting/monoscript/fileName/ReflectionHelpers.cs: 60a5d38af3e775d0a421a7ff630d61cc -> 
  custom:scripting/monoscript/fileName/CinemachineVirtualCamera.cs: f16f2dc5bc1261579875c19605c45301 -> 
  custom:scripting/monoscript/fileName/DynamicJoystick.cs: fa6fdbd0de9beec4a70bc764c26bb796 -> 
  custom:scripting/monoscript/fileName/Predictor.cs: d51584936cb5b31b30ee7b444e03385b -> 
  custom:scripting/monoscript/fileName/CinemachineImpulseListener.cs: 6aac146243d38e7a67346170caa40ea1 -> 
  custom:scripting/monoscript/fileName/CinemachineOrbitalTransposerEditor.cs: 5ea2e4bec7ee6c24917bd86647f4bffa -> 
  custom:scripting/monoscript/fileName/CinemachineConfiner2DEditor.cs: 3f4b3d9b17ff5cd560135aa24f822994 -> 
  custom:scripting/monoscript/fileName/RigidbodyVoxelController.cs: d93a52a180fbbe603a59e9aa6da73c83 -> 7ca90fb0e37f14d197d0c5589d1c29f7
  custom:scripting/monoscript/fileName/GroupWeightManipulator.cs: 588749cf3436a8199e762a8e09bc8de7 -> 
  custom:scripting/monoscript/fileName/AxisStatePropertyDrawer.cs: 2d807695a513641e771c78e6c342ff04 -> 
  custom:video-encoder-webm-vp8: eb34c28f22e8b96e1ab97ce403110664 -> 
  custom:scripting/monoscript/fileName/CinemachineScreenComposerGuides.cs: cdc7ea02ccc4c8d1561d98d16760d1ca -> 
  custom:scripting/monoscript/fileName/CinemachinePropertyAttribute.cs: e8158d9725ac3a9129a08e46a4ff7519 -> 
  custom:scripting/monoscript/fileName/CinemachineVirtualCameraEditor.cs: 2e051d0c474634e907fe4123d6e2656e -> 
  custom:scripting/monoscript/fileName/CinemachineMenu.cs: 7b932811d9fa1e44d0d8b2b9ed75adf3 -> 
  custom:scripting/monoscript/fileName/RuntimeUtility.cs: 8c92a9f673836e5d2084dbeb0f10159f -> 
  custom:scripting/monoscript/fileName/CinemachineFreeLook.cs: bebc32b18bc4beddc113bad68624e557 -> 
  custom:scripting/monoscript/fileName/CinemachineSettings.cs: 197f6d5ad32e253546b5afa056a5bba4 -> 
  custom:audio-decoder-ogg-vorbis: bf7c407c2cedff20999df2af8eb42d56 -> 
  custom:scripting/monoscript/fileName/CinemachineGroupComposer.cs: 173a689a80ef321c302f9c045419668f -> 
  custom:scripting/monoscript/fileName/PlayerController.cs: d93a52a180fbbe603a59e9aa6da73c83 -> 
  custom:scripting/monoscript/fileName/CinemachineVirtualCameraBase.cs: c7e60cccdcb14ee2a33da9fd46c1c54f -> 
  custom:scripting/monoscript/fileName/CinemachineFixedSignal.cs: aedcdca7a861da6e456e0ae105b24c41 -> 
  custom:scripting/monoscript/fileName/CinemachineShotClipEditor.cs: 123a48531bf1d1b4f3c8398556caec62 -> 
  custom:scripting/monoscript/fileName/CinemachineNoiseSettingsEditor.cs: 9056e69d9c759ba2504535054fff31c9 -> 
  custom:scripting/monoscript/fileName/CinemachineTouchInputMapper.cs: b9698729a07a7d31c864247e0582b566 -> 
  custom:scripting/monoscript/fileName/CinemachineTriggerAction.cs: cab9c5d02c28af05797c2c3743539bdb -> 
  custom:scripting/monoscript/fileName/InspectorUtility.cs: e13a8546bf784ce9963c508abb88926b -> 
  custom:CustomObjectIndexerAttribute: 9a22284fe3817be447336de3de66b15e -> 
  custom:scripting/monoscript/fileName/CinemachinePOV.cs: e4df06d1994174afa286b103eb06ee7f -> 
  custom:scripting/monoscript/fileName/CinemachineBlenderSettingsEditor.cs: c57aa7de12bc3e7367ca091f4902c67b -> 
  custom:scripting/monoscript/fileName/CinemachineBlend.cs: f33659d50c4d86144d649aa7e8196529 -> 
  custom:scripting/precompiled-assembly-types:Cinemachine: 54c8b091bb91c32bfeada952c9c53e21 -> 
  custom:scripting/monoscript/fileName/CinemachineImpulseDefinition.cs: 3d434086a2bdaf715abf85e79e9f14b4 -> 
  custom:scripting/precompiled-assembly-types:com.unity.cinemachine.editor: e24bde9f61664824443e2ae04112f2bb -> 
  custom:scripting/monoscript/fileName/CinemachineFreeLookEditor.cs: 9641291977c1891a004ac4c4c259e1c8 -> 
  custom:scripting/monoscript/fileName/CinemachineTransposerEditor.cs: 85841a774ddea4fb7232a7a585f716b4 -> 
  custom:scripting/monoscript/fileName/FloatingJoystickEditor.cs: 20a94efd412f2009d4e6722fe16a3051 -> 
  custom:scripting/monoscript/fileName/clipper.cs: 2a50e35a835148907b3c1fa8e187ab2b -> 
  custom:scripting/monoscript/fileName/NoiseSettings.cs: 443d576e0c72ab62870476103c9384ec -> 
  custom:scripting/monoscript/fileName/VariableJoystick.cs: 6a21e483212ef280c767be5522709419 -> 
  custom:scripting/monoscript/fileName/GaussianFilter.cs: 0a3672ebe80edf7c5daca82445c15683 -> 
  custom:scripting/monoscript/fileName/CinemachineSceneTools.cs: d63880a6073ab3335301b115db235b5b -> 
  custom:scripting/monoscript/fileName/Cinemachine3rdPersonFollowEditor.cs: f79aa162534f81c680877e6274b5d6ec -> 
  custom:scripting/monoscript/fileName/EmbeddedAssetPropertyDrawer.cs: fd7ebc18093de04c88d0cfc86fb060f5 -> 
  custom:scripting/monoscript/fileName/FixedJoystick.cs: ceaced0056a716bd82a85e0f3d488361 -> 
  custom:container-demuxer-webm: 4f35f7cbe854078d1ac9338744f61a02 -> 
  custom:scripting/monoscript/fileName/CinemachineTriggerActionEditor.cs: 2309a2ec6192ace4cae8bab5a535978e -> 
  custom:scripting/monoscript/fileName/ConfinerOven.cs: ff23c03e90b61beb34474fc6e4ff668c -> 
  custom:scripting/monoscript/fileName/VcamTargetPropertyDrawer.cs: 9208050b1312b118a226fef2d63e8fa1 -> 
  custom:scripting/monoscript/fileName/CinemachineCollisionImpulseSource.cs: 9aae5e368cb7786be199f98f2122f96d -> 
  custom:scripting/monoscript/fileName/CinemachineClearShotEditor.cs: ca8875b47e775cd361c78158d7923690 -> 
  custom:scripting/monoscript/fileName/WaveformWindow.cs: 01bbc4fc017d41a2bab7fb57c988e8da -> 
  custom:scripting/monoscript/fileName/CinemachinePipeline.cs: 6ca7a5979a0a73ea1d450a8fc9b437ef -> 
  custom:scripting/monoscript/fileName/CinemachineEditorAnalytics.cs: de76cc292d7ecedcf47af6616498c9f9 -> 
  custom:scripting/monoscript/fileName/Joystick.cs: c13c665079b3ba178e3a8ef05c62070b -> 
  custom:scripting/monoscript/fileName/NoiseSettingsPropertyDrawer.cs: 8d3f69ba7eeec63914970bd3136b6ace -> 
  custom:scripting/monoscript/fileName/VcamStageEditor.cs: 84b0eaf932b448975a99972628e556d8 -> 
  custom:scripting/monoscript/fileName/CinemachineBrainEditor.cs: 49621d8b7679c0b5d128fef53d55becd -> 
  custom:scripting/monoscript/fileName/CinemachineFramingTransposerEditor.cs: 1653e1c00b2ca68b1d40f01e5bfb8445 -> 
  custom:scripting/monoscript/fileName/CinemachineShotEditor.cs: 2ba28b209a4ad7f0a791994d2360a9af -> 
  custom:scripting/monoscript/fileName/CinemachineStateDrivenCameraEditor.cs: 77d9f0a97385f936d9b4ffaa686bce39 -> 
  custom:scripting/monoscript/fileName/OrbitalTransposerHeadingPropertyDrawer.cs: 22496b76ce84f35f630c90badc4babd8 -> 
  custom:scripting/monoscript/fileName/CinemachineHardLockToTargetEditor.cs: c65eaafd47115974a2a9379aae467b0e -> 
  custom:scripting/monoscript/fileName/CinemachinePathEditor.cs: ce10985fbf0e018e2dea63fedae131ba -> 
  custom:scripting/monoscript/fileName/CinemachineCollider.cs: 8fa92f525b1c31cd81812685d7f8c288 -> 
  custom:audio-encoder-webm-vorbis: bf7c407c2cedff20999df2af8eb42d56 -> 
  custom:scripting/monoscript/fileName/CameraState.cs: 6ae7088fa20820e052d1e4d86059e90b -> 
  custom:scripting/monoscript/fileName/CinemachineToolbarOverlay.cs: 371b6fc494252d6fda34e207e170cb66 -> 
  custom:scripting/precompiled-assembly-types:Assembly-CSharp-Editor: f7c7739fc303cafe5879da7512dd0656 -> 
  custom:scripting/monoscript/fileName/CinemachineCollisionImpulseSourceEditor.cs: 29f9a522ec6b23375849ba08fd597c8d -> 
  custom:scripting/monoscript/fileName/JumpButton.cs: 82e6d242617ad477f32ce19b2a5161b4 -> 
  custom:scripting/monoscript/fileName/CinemachineIndependentImpulseListener.cs: 91ae8748b9c36955c333e57505ff90fb -> 
  custom:scripting/monoscript/fileName/CinemachineMixingCameraEditor.cs: 1c122a21d710512fec62cdc7bd351681 -> 
  custom:scripting/monoscript/fileName/CinemachinePostProcessing.cs: bf9b100a1b61fd5383288bc96487c194 -> 
  custom:scripting/monoscript/fileName/CinemachineInputProvider.cs: ecb845de690695f08b3b3bb647cc7006 -> 
  custom:scripting/monoscript/fileName/CinemachineColliderEditor.cs: 859d1abbd669ee84cb713f6d4d0e1c5f -> 
  custom:scripting/monoscript/fileName/CinemachineSameAsFollowTarget.cs: bcfa2d394e1e5460b4ef3dc039214a16 -> 
  custom:scripting/monoscript/fileName/CinemachineExtension.cs: 6968db4afcdc301f6acb1ef4fbadb2f4 -> 
  custom:scripting/monoscript/fileName/CinemachineTargetGroup.cs: 10a09aa736b3a25da6dd9fc3c4dd9d36 -> 
  custom:scripting/monoscript/fileName/CinemachineVirtualCameraBaseEditor.cs: 13ee4931cd85df4b22852d0547b5e690 -> 
  custom:scripting/monoscript/fileName/UpdateTracker.cs: 3dac8a24a32a32e4bbfeb38ed26ef250 -> 
  custom:scripting/monoscript/fileName/CinemachineComposerEditor.cs: dda533b9c6cb2b366292f584704bd904 -> 
  custom:scripting/monoscript/fileName/FloatingJoystick.cs: 516035e2342d093d90fb2bd11ff41e68 -> 
  custom:scripting/monoscript/fileName/Cinemachine3rdPersonFollow.cs: 4600bac2bdf6b37d80e86f9aa5a413c3 -> 
  custom:scripting/monoscript/fileName/EmbeddedAssetHelpers.cs: 90647cc400823b41df847a6cbfc29026 -> 
  custom:scripting/precompiled-assembly-types:Assembly-CSharp: e2d62612d1b4a1d9f29736dbfe0c71cb -> 98724c9a75c5cf593f713ad668a0273b
  custom:scripting/monoscript/fileName/CinemachineBlendListCamera.cs: 66104ac24fef171d9f5d5b93a8cb2f83 -> 
  custom:scripting/monoscript/fileName/CinemachineComponentBase.cs: 5293f153c13e9bd2fc262ec31ff69206 -> 
  custom:scripting/monoscript/fileName/BaseEditor.cs: 90647cc400823b41df847a6cbfc29026 -> 
  custom:container-muxer-webm: aa71ff27fc2769a1b78a27578f13a17b -> 
  custom:scripting/monoscript/fileName/SaveDuringPlay.cs: de39f1962b337699845d3d8a2e8f5bde -> 
========================================================================
Received Prepare
Caller must complete domain reload
Begin MonoManager ReloadAssembly
- Loaded All Assemblies, in  1.084 seconds
Native extension for WindowsStandalone target not found
Native extension for Android target not found
Native extension for WebGL target not found
[Package Manager] Server::EnsureServerProcessIsRunning -- launch failed, reason: Unity was launched with the -noUpm command-line argument
[Package Manager] UpmClient::Send -- Unable to send message (not connected to UPM process).
[Package Manager] Cannot connect to Unity Package Manager local server
Mono: successfully reloaded assembly
- Finished resetting the current domain, in  2.601 seconds
Domain Reload Profiling: 3678ms
	BeginReloadAssembly (415ms)
		ExecutionOrderSort (0ms)
		DisableScriptedObjects (12ms)
		BackupInstance (0ms)
		ReleaseScriptingObjects (0ms)
		CreateAndSetChildDomain (66ms)
	RebuildCommonClasses (92ms)
	RebuildNativeTypeToScriptingClass (31ms)
	initialDomainReloadingComplete (80ms)
	LoadAllAssembliesAndSetupDomain (459ms)
		LoadAssemblies (686ms)
		RebuildTransferFunctionScriptingTraits (0ms)
		AnalyzeDomain (41ms)
			TypeCache.Refresh (14ms)
				TypeCache.ScanAssembly (1ms)
			ScanForSourceGeneratedMonoScriptInfo (15ms)
			ResolveRequiredComponents (10ms)
	FinalizeReload (2602ms)
		ReleaseScriptCaches (0ms)
		RebuildScriptCaches (0ms)
		SetupLoadedEditorAssemblies (1612ms)
			LogAssemblyErrors (0ms)
			InitializePlatformSupportModulesInManaged (60ms)
			SetLoadedEditorAssemblies (10ms)
			RefreshPlugins (0ms)
			BeforeProcessingInitializeOnLoad (121ms)
			ProcessInitializeOnLoadAttributes (1335ms)
			ProcessInitializeOnLoadMethodAttributes (62ms)
			AfterProcessingInitializeOnLoad (24ms)
			EditorAssembliesLoaded (0ms)
		ExecutionOrderSort2 (0ms)
		AwakeInstancesAfterBackupRestoration (16ms)
Refreshing native plugins compatible for Editor in 6.01 ms, found 2 plugins.
Preloading 0 native plugins for Editor in 0.00 ms.
Unloading 1594 Unused Serialized files (Serialized files now loaded: 0)
Unloading 11 unused Assets / (123.8 KB). Loaded Objects now: 2511.
Memory consumption went from 90.5 MB to 90.4 MB.
Total: 6.704500 ms (FindLiveObjects: 0.280000 ms CreateObjectMapping: 0.210400 ms MarkObjects: 6.029200 ms  DeleteObjects: 0.182700 ms)

Prepare: number of updated asset objects reloaded= 0
AssetImportParameters requested are different than current active one (requested -> active):
  custom:scripting/monoscript/fileName/CinemachineGroupComposerEditor.cs: 54a07f36704e77a685a5e7e8c8b2c216 -> 
  custom:scripting/monoscript/fileName/JoystickEditor.cs: 406670d2fe263f5d7c582f8389f2b844 -> 
  custom:video-decoder-webm-vp8: 9c59270c3fd7afecdb556c50c9e8de78 -> 
  custom:scripting/monoscript/fileName/CinemachineConfinerEditor.cs: cc6c898a3390647ab91613c8a96de4b4 -> 
  custom:scripting/monoscript/fileName/CinemachineHardLookAt.cs: 792580aec23d39bcecd7ceea4c27a0ce -> 
  custom:scripting/monoscript/fileName/CinemachineInputAxisDriver.cs: 7e424e54660fed310c58dc98ea41042e -> 
  custom:scripting/monoscript/fileName/CinemachineStoryboardEditor.cs: 2e7ec8bfb72013eaaff4873a27da019c -> 
  custom:scripting/monoscript/fileName/CinemachineBasicMultiChannelPerlin.cs: bd5416e75860cd63657371207eb79058 -> 
  custom:scripting/monoscript/fileName/CinemachineBlendDefinitionPropertyDrawer.cs: 7ae344d19d646b738f3c65294becf216 -> 
  custom:scripting/monoscript/fileName/CinemachineTrackedDollyEditor.cs: b4d6784c58752cea58aafd9a76ca4459 -> 
  custom:scripting/monoscript/fileName/CinemachineImpulseManager.cs: c34be3577a810e26fd0110c580799b88 -> 
  custom:scripting/monoscript/fileName/CinemachineSmoothPath.cs: c28db2688f35d70587b5f943431a010a -> 
  custom:SearchIndexIgnoredProperties: e643bd26f0fe6173181afceb89e7c659 -> 
  custom:scripting/monoscript/fileName/CinemachineStateDrivenCamera.cs: aea2468a7384be4ba6d1b043ccec135d -> 
  custom:container-demuxer-ogg: 62fdf1f143b41e24485cea50d1cbac27 -> 
  custom:scripting/monoscript/fileName/CinemachineBlenderSettings.cs: 9adcb80668a56be4cd8e31c1d3dc60ae -> 
  custom:AudioImporter_EditorPlatform: d09bf68614088b80899f8185d706f6e7 -> 
  custom:scripting/monoscript/fileName/SignalSourceAsset.cs: f7ffd463dece56bad278f5a8d3ed7fc6 -> 
  custom:scripting/monoscript/fileName/CinemachineMixingCamera.cs: 739c5ceb76c01023f431794ec46a0177 -> 
  custom:scripting/monoscript/fileName/CinemachineCore.cs: fe6c3be993819098833de1628bfd76b2 -> 
  custom:scripting/monoscript/fileName/CinemachinePath.cs: b443d3c8837a65ddc3c78741cd58ec71 -> 
  custom:scripting/monoscript/fileName/CinemachineImpulseChannelPropertyDrawer.cs: 4b6390a17916751618e2a45cb8d47a80 -> 
  custom:scripting/monoscript/fileName/JoystickPlayerExample.cs: 2ec96b3abad264f4393a91b76b487cb7 -> 
  custom:scripting/monoscript/fileName/SerializedPropertyHelper.cs: b04ac165255e34bc2935ca9bf180e209 -> 
  custom:scripting/monoscript/fileName/CinemachineFramingTransposer.cs: 7943c9d436748359882d8f978cf86c91 -> 
  custom:scripting/monoscript/fileName/CinemachineImpulseListenerEditor.cs: d5d28e418f87c111bce1c1b98f1f70ba -> 
  custom:scripting/monoscript/fileName/AxisState.cs: 1a494a66d8b9a58f4a6873f89bf5b094 -> 
  custom:scripting/monoscript/fileName/CinemachineDollyCart.cs: bbe9d07f4a2f7ee5ab002e66cb05f922 -> 
  custom:scripting/monoscript/fileName/CinemachineStoryboard.cs: 59a2099f76be9b47af1e12ed7d40f553 -> 
  custom:scripting/monoscript/fileName/CinemachineClearShot.cs: 1da15f5c7903497ce3ae982ee4ee4779 -> 
  custom:scripting/monoscript/fileName/CinemachinePOVEditor.cs: 71db5a9242a182995b4ca15db516f628 -> 
  custom:scripting/monoscript/fileName/JoystickSetterExample.cs: 9ef810522df7cdd512f52a98ae7a04f9 -> 
  custom:scripting/monoscript/fileName/CinemachineMixer.cs: 2e36eb9e732dd7c8a32e8f83daebd6f4 -> 
  custom:scripting/monoscript/fileName/CinemachinePixelPerfect.cs: 2f42bea4517739481ed2553d1616050e -> 
  custom:scripting/monoscript/fileName/CinemachineTrackedDolly.cs: f6a9c21b27ad86d45f62f6b444ccbb49 -> 
  custom:scripting/monoscript/fileName/CinemachineHardLookAtEditor.cs: 15b8f2af6a6d786898ce5dd6b0db26dc -> 
  custom:scripting/monoscript/fileName/CinemachineConfiner.cs: 3813336c17662a5cb6b59ce5f1954254 -> 
  custom:scripting/monoscript/fileName/CinemachineComposer.cs: e399dfd36807c341da7cd182ce299d1e -> 
  custom:scripting/monoscript/fileName/CinemachineTrack.cs: 4b50d47d507c57dc81b82253ec075194 -> 
  custom:scripting/monoscript/fileName/VariableJoystickEditor.cs: fee5e077b31909c4bba3d7329fdefd90 -> 
  custom:scripting/monoscript/fileName/CinemachineSmoothPathEditor.cs: 7555bcba4eb760e012dd21c6730ae562 -> 
  custom:scripting/monoscript/fileName/ScriptableObjectUtility.cs: c529d074f6f57a07e3f410d488963bbc -> 
  custom:scripting/monoscript/fileName/CinemachineBrain.cs: 365b4e0b6319f064062e97b8f8e32c8e -> 
  custom:scripting/monoscript/fileName/GlobalEvents.cs: 67f83bda753ae83eb95a23f3cd97c01c -> 
  custom:scripting/monoscript/fileName/CinemachineImpulseDefinitionPropertyDrawer.cs: 1b2fc77b0a80a7e0e9045e0d44fb761c -> 
  custom:scripting/monoscript/fileName/CinemachineColliderPrefs.cs: 47106451d4685409820905badf49b71f -> 
  custom:scripting/monoscript/fileName/CinemachineFollowZoom.cs: eb74e2e98d3dc4647324e113f34710ca -> 
  custom:scripting/monoscript/fileName/CinemachineDebug.cs: 3077ed3b64725184c652d4c07ac732fd -> 
  custom:scripting/monoscript/fileName/CinemachineLensPresets.cs: 014747fb0ab87178c677520d0bf20bf7 -> 
  custom:video-decoder-ogg-theora: a1e56fd34408186e4bbccfd4996cb3dc -> 
  custom:scripting/monoscript/fileName/CinemachineOrbitalTransposer.cs: 71c52878ba6d43827473a480056a99da -> 
  custom:scripting/monoscript/fileName/Weapon.cs: 0b4d856b429b31aad65662a3c52c642a -> 
  custom:scripting/monoscript/fileName/CinemachineCameraOffset.cs: a6887f67d3eb83cc6393b822d4e65121 -> 
  custom:scripting/monoscript/fileName/ICinemachineCamera.cs: 2faad4f04eaf5d98c2870adbfb06184e -> 
  custom:scripting/monoscript/fileName/CinemachinePathBase.cs: debb99764287c54cae06313e2d6a1fe1 -> 
  custom:scripting/monoscript/fileName/CinemachineImpulseSource.cs: ac073b8453e26c5dd422d5f1a90a7ff2 -> 
  custom:scripting/monoscript/fileName/CinemachineShotPlayable.cs: e346ad1ecb4af45da55274cb9abd9ec0 -> 
  custom:scripting/monoscript/fileName/CinemachineTagFieldPropertyDrawer.cs: e78491a12decd558a49d01cc583bfcfb -> 
  custom:framework-win-MediaFoundation: 216162199b28c13a410421893ffa2e32 -> 
  custom:scripting/monoscript/fileName/CinemachineVolumeSettings.cs: 22782cc3dbf8dfd1cb54e8486f29fe0d -> 
  custom:scripting/monoscript/fileName/CinemachineImpulseEnvelopePropertyDrawer.cs: 07e00c9c84964a5c7e4f3f19e4263ec1 -> 
  custom:scripting/monoscript/fileName/SplineHelpers.cs: 9e5bf4293b3828088291b7871e233a27 -> 
  custom:scripting/monoscript/fileName/CinemachineImpulseSourceEditor.cs: 0ef7804c69c18838aa65e6d5bae5b055 -> 
  custom:scripting/monoscript/fileName/CinemachineExternalCameraEditor.cs: d74df442250b898c9b40669a19100e9d -> 
  custom:scripting/monoscript/fileName/DynamicJoystickEditor.cs: f92673ca2cd03c2f140cf81ccfee7ccb -> 
  custom:scripting/monoscript/fileName/CinemachineSameAsFollowTargetEditor.cs: 6def40fc1e39b3242347b6630fb5127e -> 
  custom:scripting/monoscript/fileName/CinemachineTargetGroupEditor.cs: f70ac85df8c1c9bd0b83a35534bafd1f -> 
  custom:scripting/monoscript/fileName/CinemachineRecomposer.cs: 07354cca81f7d0775b027b5906330569 -> 
  custom:scripting/monoscript/fileName/CinemachineTransposer.cs: aa226dd144b3a977b86ea888b85df5fa -> 
  custom:scripting/monoscript/fileName/CinemachineBlendListCameraEditor.cs: dbc12d2a9f3e2999a067290c411b2aca -> 
  custom:scripting/monoscript/fileName/TargetPositionCache.cs: 49ce97e6930a536b43825141e0c2d3a4 -> 
  custom:scripting/monoscript/fileName/CinemachineShot.cs: 3d4d9d05534db20e82d871d98ea52716 -> 
  custom:scripting/monoscript/fileName/UnityVectorExtensions.cs: 052777772edecdffe26d41a6a989641e -> 
  custom:scripting/monoscript/fileName/CinemachineBasicMultiChannelPerlinEditor.cs: d6749cd6c482efa27bdd41f60394f1b9 -> 
  custom:scripting/monoscript/fileName/CinemachineImpulseChannels.cs: a9a39cc5ecea1f083db0fce154eec19c -> 
  custom:scripting/monoscript/fileName/CinemachineHardLockToTarget.cs: d349308c5b4f600a345055c394206f52 -> 
  custom:scripting/monoscript/fileName/CinemachineConfiner2D.cs: beb10be0db8ff9d3a94bd0a150963b9b -> 
  custom:scripting/monoscript/fileName/LensSettings.cs: 4335e899502c57ee4480b8c9aa915366 -> 
  custom:scripting/monoscript/fileName/CinemachineExternalCamera.cs: d76122377115c288d881064c3f07a3f1 -> 
  custom:scripting/monoscript/fileName/Cinemachine3rdPersonAim.cs: 4bd230d915f070bb3cae23bef6f7ab70 -> 
  custom:scripting/monoscript/fileName/ReflectionHelpers.cs: 60a5d38af3e775d0a421a7ff630d61cc -> 
  custom:scripting/monoscript/fileName/CinemachineVirtualCamera.cs: f16f2dc5bc1261579875c19605c45301 -> 
  custom:scripting/monoscript/fileName/DynamicJoystick.cs: fa6fdbd0de9beec4a70bc764c26bb796 -> 
  custom:scripting/monoscript/fileName/Predictor.cs: d51584936cb5b31b30ee7b444e03385b -> 
  custom:scripting/monoscript/fileName/CinemachineImpulseListener.cs: 6aac146243d38e7a67346170caa40ea1 -> 
  custom:scripting/monoscript/fileName/CinemachineOrbitalTransposerEditor.cs: 5ea2e4bec7ee6c24917bd86647f4bffa -> 
  custom:scripting/monoscript/fileName/CinemachineConfiner2DEditor.cs: 3f4b3d9b17ff5cd560135aa24f822994 -> 
  custom:scripting/monoscript/fileName/RigidbodyVoxelController.cs: d93a52a180fbbe603a59e9aa6da73c83 -> 7ca90fb0e37f14d197d0c5589d1c29f7
  custom:scripting/monoscript/fileName/GroupWeightManipulator.cs: 588749cf3436a8199e762a8e09bc8de7 -> 
  custom:scripting/monoscript/fileName/AxisStatePropertyDrawer.cs: 2d807695a513641e771c78e6c342ff04 -> 
  custom:video-encoder-webm-vp8: eb34c28f22e8b96e1ab97ce403110664 -> 
  custom:scripting/monoscript/fileName/CinemachineScreenComposerGuides.cs: cdc7ea02ccc4c8d1561d98d16760d1ca -> 
  custom:scripting/monoscript/fileName/CinemachinePropertyAttribute.cs: e8158d9725ac3a9129a08e46a4ff7519 -> 
  custom:scripting/monoscript/fileName/CinemachineVirtualCameraEditor.cs: 2e051d0c474634e907fe4123d6e2656e -> 
  custom:scripting/monoscript/fileName/CinemachineMenu.cs: 7b932811d9fa1e44d0d8b2b9ed75adf3 -> 
  custom:scripting/monoscript/fileName/RuntimeUtility.cs: 8c92a9f673836e5d2084dbeb0f10159f -> 
  custom:scripting/monoscript/fileName/CinemachineFreeLook.cs: bebc32b18bc4beddc113bad68624e557 -> 
  custom:scripting/monoscript/fileName/CinemachineSettings.cs: 197f6d5ad32e253546b5afa056a5bba4 -> 
  custom:audio-decoder-ogg-vorbis: bf7c407c2cedff20999df2af8eb42d56 -> 
  custom:scripting/monoscript/fileName/CinemachineGroupComposer.cs: 173a689a80ef321c302f9c045419668f -> 
  custom:scripting/monoscript/fileName/PlayerController.cs: d93a52a180fbbe603a59e9aa6da73c83 -> 
  custom:scripting/monoscript/fileName/CinemachineVirtualCameraBase.cs: c7e60cccdcb14ee2a33da9fd46c1c54f -> 
  custom:scripting/monoscript/fileName/CinemachineFixedSignal.cs: aedcdca7a861da6e456e0ae105b24c41 -> 
  custom:scripting/monoscript/fileName/CinemachineShotClipEditor.cs: 123a48531bf1d1b4f3c8398556caec62 -> 
  custom:scripting/monoscript/fileName/CinemachineNoiseSettingsEditor.cs: 9056e69d9c759ba2504535054fff31c9 -> 
  custom:scripting/monoscript/fileName/CinemachineTouchInputMapper.cs: b9698729a07a7d31c864247e0582b566 -> 
  custom:scripting/monoscript/fileName/CinemachineTriggerAction.cs: cab9c5d02c28af05797c2c3743539bdb -> 
  custom:scripting/monoscript/fileName/InspectorUtility.cs: e13a8546bf784ce9963c508abb88926b -> 
  custom:CustomObjectIndexerAttribute: 9a22284fe3817be447336de3de66b15e -> 
  custom:scripting/monoscript/fileName/CinemachinePOV.cs: e4df06d1994174afa286b103eb06ee7f -> 
  custom:scripting/monoscript/fileName/CinemachineBlenderSettingsEditor.cs: c57aa7de12bc3e7367ca091f4902c67b -> 
  custom:scripting/monoscript/fileName/CinemachineBlend.cs: f33659d50c4d86144d649aa7e8196529 -> 
  custom:scripting/precompiled-assembly-types:Cinemachine: 54c8b091bb91c32bfeada952c9c53e21 -> 
  custom:scripting/monoscript/fileName/CinemachineImpulseDefinition.cs: 3d434086a2bdaf715abf85e79e9f14b4 -> 
  custom:scripting/precompiled-assembly-types:com.unity.cinemachine.editor: e24bde9f61664824443e2ae04112f2bb -> 
  custom:scripting/monoscript/fileName/CinemachineFreeLookEditor.cs: 9641291977c1891a004ac4c4c259e1c8 -> 
  custom:scripting/monoscript/fileName/CinemachineTransposerEditor.cs: 85841a774ddea4fb7232a7a585f716b4 -> 
  custom:scripting/monoscript/fileName/FloatingJoystickEditor.cs: 20a94efd412f2009d4e6722fe16a3051 -> 
  custom:scripting/monoscript/fileName/clipper.cs: 2a50e35a835148907b3c1fa8e187ab2b -> 
  custom:scripting/monoscript/fileName/NoiseSettings.cs: 443d576e0c72ab62870476103c9384ec -> 
  custom:scripting/monoscript/fileName/VariableJoystick.cs: 6a21e483212ef280c767be5522709419 -> 
  custom:scripting/monoscript/fileName/GaussianFilter.cs: 0a3672ebe80edf7c5daca82445c15683 -> 
  custom:scripting/monoscript/fileName/CinemachineSceneTools.cs: d63880a6073ab3335301b115db235b5b -> 
  custom:scripting/monoscript/fileName/Cinemachine3rdPersonFollowEditor.cs: f79aa162534f81c680877e6274b5d6ec -> 
  custom:scripting/monoscript/fileName/EmbeddedAssetPropertyDrawer.cs: fd7ebc18093de04c88d0cfc86fb060f5 -> 
  custom:scripting/monoscript/fileName/FixedJoystick.cs: ceaced0056a716bd82a85e0f3d488361 -> 
  custom:container-demuxer-webm: 4f35f7cbe854078d1ac9338744f61a02 -> 
  custom:scripting/monoscript/fileName/CinemachineTriggerActionEditor.cs: 2309a2ec6192ace4cae8bab5a535978e -> 
  custom:scripting/monoscript/fileName/ConfinerOven.cs: ff23c03e90b61beb34474fc6e4ff668c -> 
  custom:scripting/monoscript/fileName/VcamTargetPropertyDrawer.cs: 9208050b1312b118a226fef2d63e8fa1 -> 
  custom:scripting/monoscript/fileName/CinemachineCollisionImpulseSource.cs: 9aae5e368cb7786be199f98f2122f96d -> 
  custom:scripting/monoscript/fileName/CinemachineClearShotEditor.cs: ca8875b47e775cd361c78158d7923690 -> 
  custom:scripting/monoscript/fileName/WaveformWindow.cs: 01bbc4fc017d41a2bab7fb57c988e8da -> 
  custom:scripting/monoscript/fileName/CinemachinePipeline.cs: 6ca7a5979a0a73ea1d450a8fc9b437ef -> 
  custom:scripting/monoscript/fileName/CinemachineEditorAnalytics.cs: de76cc292d7ecedcf47af6616498c9f9 -> 
  custom:scripting/monoscript/fileName/Joystick.cs: c13c665079b3ba178e3a8ef05c62070b -> 
  custom:scripting/monoscript/fileName/NoiseSettingsPropertyDrawer.cs: 8d3f69ba7eeec63914970bd3136b6ace -> 
  custom:scripting/monoscript/fileName/VcamStageEditor.cs: 84b0eaf932b448975a99972628e556d8 -> 
  custom:scripting/monoscript/fileName/CinemachineBrainEditor.cs: 49621d8b7679c0b5d128fef53d55becd -> 
  custom:scripting/monoscript/fileName/CinemachineFramingTransposerEditor.cs: 1653e1c00b2ca68b1d40f01e5bfb8445 -> 
  custom:scripting/monoscript/fileName/CinemachineShotEditor.cs: 2ba28b209a4ad7f0a791994d2360a9af -> 
  custom:scripting/monoscript/fileName/CinemachineStateDrivenCameraEditor.cs: 77d9f0a97385f936d9b4ffaa686bce39 -> 
  custom:scripting/monoscript/fileName/OrbitalTransposerHeadingPropertyDrawer.cs: 22496b76ce84f35f630c90badc4babd8 -> 
  custom:scripting/monoscript/fileName/CinemachineHardLockToTargetEditor.cs: c65eaafd47115974a2a9379aae467b0e -> 
  custom:scripting/monoscript/fileName/CinemachinePathEditor.cs: ce10985fbf0e018e2dea63fedae131ba -> 
  custom:scripting/monoscript/fileName/CinemachineCollider.cs: 8fa92f525b1c31cd81812685d7f8c288 -> 
  custom:audio-encoder-webm-vorbis: bf7c407c2cedff20999df2af8eb42d56 -> 
  custom:scripting/monoscript/fileName/CameraState.cs: 6ae7088fa20820e052d1e4d86059e90b -> 
  custom:scripting/monoscript/fileName/CinemachineToolbarOverlay.cs: 371b6fc494252d6fda34e207e170cb66 -> 
  custom:scripting/precompiled-assembly-types:Assembly-CSharp-Editor: f7c7739fc303cafe5879da7512dd0656 -> 
  custom:scripting/monoscript/fileName/CinemachineCollisionImpulseSourceEditor.cs: 29f9a522ec6b23375849ba08fd597c8d -> 
  custom:scripting/monoscript/fileName/JumpButton.cs: 82e6d242617ad477f32ce19b2a5161b4 -> 
  custom:scripting/monoscript/fileName/CinemachineIndependentImpulseListener.cs: 91ae8748b9c36955c333e57505ff90fb -> 
  custom:scripting/monoscript/fileName/CinemachineMixingCameraEditor.cs: 1c122a21d710512fec62cdc7bd351681 -> 
  custom:scripting/monoscript/fileName/CinemachinePostProcessing.cs: bf9b100a1b61fd5383288bc96487c194 -> 
  custom:scripting/monoscript/fileName/CinemachineInputProvider.cs: ecb845de690695f08b3b3bb647cc7006 -> 
  custom:scripting/monoscript/fileName/CinemachineColliderEditor.cs: 859d1abbd669ee84cb713f6d4d0e1c5f -> 
  custom:scripting/monoscript/fileName/CinemachineSameAsFollowTarget.cs: bcfa2d394e1e5460b4ef3dc039214a16 -> 
  custom:scripting/monoscript/fileName/CinemachineExtension.cs: 6968db4afcdc301f6acb1ef4fbadb2f4 -> 
  custom:scripting/monoscript/fileName/CinemachineTargetGroup.cs: 10a09aa736b3a25da6dd9fc3c4dd9d36 -> 
  custom:scripting/monoscript/fileName/CinemachineVirtualCameraBaseEditor.cs: 13ee4931cd85df4b22852d0547b5e690 -> 
  custom:scripting/monoscript/fileName/UpdateTracker.cs: 3dac8a24a32a32e4bbfeb38ed26ef250 -> 
  custom:scripting/monoscript/fileName/CinemachineComposerEditor.cs: dda533b9c6cb2b366292f584704bd904 -> 
  custom:scripting/monoscript/fileName/FloatingJoystick.cs: 516035e2342d093d90fb2bd11ff41e68 -> 
  custom:scripting/monoscript/fileName/Cinemachine3rdPersonFollow.cs: 4600bac2bdf6b37d80e86f9aa5a413c3 -> 
  custom:scripting/monoscript/fileName/EmbeddedAssetHelpers.cs: 90647cc400823b41df847a6cbfc29026 -> 
  custom:scripting/precompiled-assembly-types:Assembly-CSharp: e2d62612d1b4a1d9f29736dbfe0c71cb -> 98724c9a75c5cf593f713ad668a0273b
  custom:scripting/monoscript/fileName/CinemachineBlendListCamera.cs: 66104ac24fef171d9f5d5b93a8cb2f83 -> 
  custom:scripting/monoscript/fileName/CinemachineComponentBase.cs: 5293f153c13e9bd2fc262ec31ff69206 -> 
  custom:scripting/monoscript/fileName/BaseEditor.cs: 90647cc400823b41df847a6cbfc29026 -> 
  custom:container-muxer-webm: aa71ff27fc2769a1b78a27578f13a17b -> 
  custom:scripting/monoscript/fileName/SaveDuringPlay.cs: de39f1962b337699845d3d8a2e8f5bde -> 
========================================================================
Received Prepare
Caller must complete domain reload
Begin MonoManager ReloadAssembly
- Loaded All Assemblies, in  1.035 seconds
Native extension for WindowsStandalone target not found
Native extension for Android target not found
Native extension for WebGL target not found
[Package Manager] Server::EnsureServerProcessIsRunning -- launch failed, reason: Unity was launched with the -noUpm command-line argument
[Package Manager] UpmClient::Send -- Unable to send message (not connected to UPM process).
[Package Manager] Cannot connect to Unity Package Manager local server
Mono: successfully reloaded assembly
- Finished resetting the current domain, in  2.254 seconds
Domain Reload Profiling: 3281ms
	BeginReloadAssembly (410ms)
		ExecutionOrderSort (0ms)
		DisableScriptedObjects (14ms)
		BackupInstance (0ms)
		ReleaseScriptingObjects (0ms)
		CreateAndSetChildDomain (77ms)
	RebuildCommonClasses (93ms)
	RebuildNativeTypeToScriptingClass (25ms)
	initialDomainReloadingComplete (76ms)
	LoadAllAssembliesAndSetupDomain (420ms)
		LoadAssemblies (644ms)
		RebuildTransferFunctionScriptingTraits (0ms)
		AnalyzeDomain (19ms)
			TypeCache.Refresh (7ms)
				TypeCache.ScanAssembly (0ms)
			ScanForSourceGeneratedMonoScriptInfo (0ms)
			ResolveRequiredComponents (10ms)
	FinalizeReload (2257ms)
		ReleaseScriptCaches (0ms)
		RebuildScriptCaches (0ms)
		SetupLoadedEditorAssemblies (1354ms)
			LogAssemblyErrors (0ms)
			InitializePlatformSupportModulesInManaged (62ms)
			SetLoadedEditorAssemblies (15ms)
			RefreshPlugins (0ms)
			BeforeProcessingInitializeOnLoad (140ms)
			ProcessInitializeOnLoadAttributes (1035ms)
			ProcessInitializeOnLoadMethodAttributes (72ms)
			AfterProcessingInitializeOnLoad (28ms)
			EditorAssembliesLoaded (0ms)
		ExecutionOrderSort2 (0ms)
		AwakeInstancesAfterBackupRestoration (20ms)
Refreshing native plugins compatible for Editor in 6.99 ms, found 2 plugins.
Preloading 0 native plugins for Editor in 0.00 ms.
Unloading 1594 Unused Serialized files (Serialized files now loaded: 0)
Unloading 11 unused Assets / (123.8 KB). Loaded Objects now: 2526.
Memory consumption went from 90.5 MB to 90.4 MB.
Total: 8.186200 ms (FindLiveObjects: 0.384900 ms CreateObjectMapping: 0.186100 ms MarkObjects: 7.436300 ms  DeleteObjects: 0.176800 ms)

Prepare: number of updated asset objects reloaded= 0
AssetImportParameters requested are different than current active one (requested -> active):
  custom:scripting/monoscript/fileName/CinemachineGroupComposerEditor.cs: 54a07f36704e77a685a5e7e8c8b2c216 -> 
  custom:scripting/monoscript/fileName/JoystickEditor.cs: 406670d2fe263f5d7c582f8389f2b844 -> 
  custom:video-decoder-webm-vp8: 9c59270c3fd7afecdb556c50c9e8de78 -> 
  custom:scripting/monoscript/fileName/CinemachineConfinerEditor.cs: cc6c898a3390647ab91613c8a96de4b4 -> 
  custom:scripting/monoscript/fileName/CinemachineHardLookAt.cs: 792580aec23d39bcecd7ceea4c27a0ce -> 
  custom:scripting/monoscript/fileName/CinemachineInputAxisDriver.cs: 7e424e54660fed310c58dc98ea41042e -> 
  custom:scripting/monoscript/fileName/CinemachineStoryboardEditor.cs: 2e7ec8bfb72013eaaff4873a27da019c -> 
  custom:scripting/monoscript/fileName/CinemachineBasicMultiChannelPerlin.cs: bd5416e75860cd63657371207eb79058 -> 
  custom:scripting/monoscript/fileName/CinemachineBlendDefinitionPropertyDrawer.cs: 7ae344d19d646b738f3c65294becf216 -> 
  custom:scripting/monoscript/fileName/CinemachineTrackedDollyEditor.cs: b4d6784c58752cea58aafd9a76ca4459 -> 
  custom:scripting/monoscript/fileName/CinemachineImpulseManager.cs: c34be3577a810e26fd0110c580799b88 -> 
  custom:scripting/monoscript/fileName/CinemachineSmoothPath.cs: c28db2688f35d70587b5f943431a010a -> 
  custom:SearchIndexIgnoredProperties: e643bd26f0fe6173181afceb89e7c659 -> 
  custom:scripting/monoscript/fileName/CinemachineStateDrivenCamera.cs: aea2468a7384be4ba6d1b043ccec135d -> 
  custom:container-demuxer-ogg: 62fdf1f143b41e24485cea50d1cbac27 -> 
  custom:scripting/monoscript/fileName/CinemachineBlenderSettings.cs: 9adcb80668a56be4cd8e31c1d3dc60ae -> 
  custom:AudioImporter_EditorPlatform: d09bf68614088b80899f8185d706f6e7 -> 
  custom:scripting/monoscript/fileName/SignalSourceAsset.cs: f7ffd463dece56bad278f5a8d3ed7fc6 -> 
  custom:scripting/monoscript/fileName/CinemachineMixingCamera.cs: 739c5ceb76c01023f431794ec46a0177 -> 
  custom:scripting/monoscript/fileName/CinemachineCore.cs: fe6c3be993819098833de1628bfd76b2 -> 
  custom:scripting/monoscript/fileName/CinemachinePath.cs: b443d3c8837a65ddc3c78741cd58ec71 -> 
  custom:scripting/monoscript/fileName/CinemachineImpulseChannelPropertyDrawer.cs: 4b6390a17916751618e2a45cb8d47a80 -> 
  custom:scripting/monoscript/fileName/JoystickPlayerExample.cs: 2ec96b3abad264f4393a91b76b487cb7 -> 
  custom:scripting/monoscript/fileName/SerializedPropertyHelper.cs: b04ac165255e34bc2935ca9bf180e209 -> 
  custom:scripting/monoscript/fileName/CinemachineFramingTransposer.cs: 7943c9d436748359882d8f978cf86c91 -> 
  custom:scripting/monoscript/fileName/CinemachineImpulseListenerEditor.cs: d5d28e418f87c111bce1c1b98f1f70ba -> 
  custom:scripting/monoscript/fileName/AxisState.cs: 1a494a66d8b9a58f4a6873f89bf5b094 -> 
  custom:scripting/monoscript/fileName/CinemachineDollyCart.cs: bbe9d07f4a2f7ee5ab002e66cb05f922 -> 
  custom:scripting/monoscript/fileName/CinemachineStoryboard.cs: 59a2099f76be9b47af1e12ed7d40f553 -> 
  custom:scripting/monoscript/fileName/CinemachineClearShot.cs: 1da15f5c7903497ce3ae982ee4ee4779 -> 
  custom:scripting/monoscript/fileName/CinemachinePOVEditor.cs: 71db5a9242a182995b4ca15db516f628 -> 
  custom:scripting/monoscript/fileName/JoystickSetterExample.cs: 9ef810522df7cdd512f52a98ae7a04f9 -> 
  custom:scripting/monoscript/fileName/CinemachineMixer.cs: 2e36eb9e732dd7c8a32e8f83daebd6f4 -> 
  custom:scripting/monoscript/fileName/CinemachinePixelPerfect.cs: 2f42bea4517739481ed2553d1616050e -> 
  custom:scripting/monoscript/fileName/CinemachineTrackedDolly.cs: f6a9c21b27ad86d45f62f6b444ccbb49 -> 
  custom:scripting/monoscript/fileName/CinemachineHardLookAtEditor.cs: 15b8f2af6a6d786898ce5dd6b0db26dc -> 
  custom:scripting/monoscript/fileName/CinemachineConfiner.cs: 3813336c17662a5cb6b59ce5f1954254 -> 
  custom:scripting/monoscript/fileName/CinemachineComposer.cs: e399dfd36807c341da7cd182ce299d1e -> 
  custom:scripting/monoscript/fileName/CinemachineTrack.cs: 4b50d47d507c57dc81b82253ec075194 -> 
  custom:scripting/monoscript/fileName/VariableJoystickEditor.cs: fee5e077b31909c4bba3d7329fdefd90 -> 
  custom:scripting/monoscript/fileName/CinemachineSmoothPathEditor.cs: 7555bcba4eb760e012dd21c6730ae562 -> 
  custom:scripting/monoscript/fileName/ScriptableObjectUtility.cs: c529d074f6f57a07e3f410d488963bbc -> 
  custom:scripting/monoscript/fileName/CinemachineBrain.cs: 365b4e0b6319f064062e97b8f8e32c8e -> 
  custom:scripting/monoscript/fileName/GlobalEvents.cs: 67f83bda753ae83eb95a23f3cd97c01c -> 
  custom:scripting/monoscript/fileName/CinemachineImpulseDefinitionPropertyDrawer.cs: 1b2fc77b0a80a7e0e9045e0d44fb761c -> 
  custom:scripting/monoscript/fileName/CinemachineColliderPrefs.cs: 47106451d4685409820905badf49b71f -> 
  custom:scripting/monoscript/fileName/CinemachineFollowZoom.cs: eb74e2e98d3dc4647324e113f34710ca -> 
  custom:scripting/monoscript/fileName/CinemachineDebug.cs: 3077ed3b64725184c652d4c07ac732fd -> 
  custom:scripting/monoscript/fileName/CinemachineLensPresets.cs: 014747fb0ab87178c677520d0bf20bf7 -> 
  custom:video-decoder-ogg-theora: a1e56fd34408186e4bbccfd4996cb3dc -> 
  custom:scripting/monoscript/fileName/CinemachineOrbitalTransposer.cs: 71c52878ba6d43827473a480056a99da -> 
  custom:scripting/monoscript/fileName/Weapon.cs: 0b4d856b429b31aad65662a3c52c642a -> 
  custom:scripting/monoscript/fileName/CinemachineCameraOffset.cs: a6887f67d3eb83cc6393b822d4e65121 -> 
  custom:scripting/monoscript/fileName/ICinemachineCamera.cs: 2faad4f04eaf5d98c2870adbfb06184e -> 
  custom:scripting/monoscript/fileName/CinemachinePathBase.cs: debb99764287c54cae06313e2d6a1fe1 -> 
  custom:scripting/monoscript/fileName/CinemachineImpulseSource.cs: ac073b8453e26c5dd422d5f1a90a7ff2 -> 
  custom:scripting/monoscript/fileName/CinemachineShotPlayable.cs: e346ad1ecb4af45da55274cb9abd9ec0 -> 
  custom:scripting/monoscript/fileName/CinemachineTagFieldPropertyDrawer.cs: e78491a12decd558a49d01cc583bfcfb -> 
  custom:framework-win-MediaFoundation: 216162199b28c13a410421893ffa2e32 -> 
  custom:scripting/monoscript/fileName/CinemachineVolumeSettings.cs: 22782cc3dbf8dfd1cb54e8486f29fe0d -> 
  custom:scripting/monoscript/fileName/CinemachineImpulseEnvelopePropertyDrawer.cs: 07e00c9c84964a5c7e4f3f19e4263ec1 -> 
  custom:scripting/monoscript/fileName/SplineHelpers.cs: 9e5bf4293b3828088291b7871e233a27 -> 
  custom:scripting/monoscript/fileName/CinemachineImpulseSourceEditor.cs: 0ef7804c69c18838aa65e6d5bae5b055 -> 
  custom:scripting/monoscript/fileName/CinemachineExternalCameraEditor.cs: d74df442250b898c9b40669a19100e9d -> 
  custom:scripting/monoscript/fileName/DynamicJoystickEditor.cs: f92673ca2cd03c2f140cf81ccfee7ccb -> 
  custom:scripting/monoscript/fileName/CinemachineSameAsFollowTargetEditor.cs: 6def40fc1e39b3242347b6630fb5127e -> 
  custom:scripting/monoscript/fileName/CinemachineTargetGroupEditor.cs: f70ac85df8c1c9bd0b83a35534bafd1f -> 
  custom:scripting/monoscript/fileName/CinemachineRecomposer.cs: 07354cca81f7d0775b027b5906330569 -> 
  custom:scripting/monoscript/fileName/CinemachineTransposer.cs: aa226dd144b3a977b86ea888b85df5fa -> 
  custom:scripting/monoscript/fileName/CinemachineBlendListCameraEditor.cs: dbc12d2a9f3e2999a067290c411b2aca -> 
  custom:scripting/monoscript/fileName/TargetPositionCache.cs: 49ce97e6930a536b43825141e0c2d3a4 -> 
  custom:scripting/monoscript/fileName/CinemachineShot.cs: 3d4d9d05534db20e82d871d98ea52716 -> 
  custom:scripting/monoscript/fileName/UnityVectorExtensions.cs: 052777772edecdffe26d41a6a989641e -> 
  custom:scripting/monoscript/fileName/CinemachineBasicMultiChannelPerlinEditor.cs: d6749cd6c482efa27bdd41f60394f1b9 -> 
  custom:scripting/monoscript/fileName/CinemachineImpulseChannels.cs: a9a39cc5ecea1f083db0fce154eec19c -> 
  custom:scripting/monoscript/fileName/CinemachineHardLockToTarget.cs: d349308c5b4f600a345055c394206f52 -> 
  custom:scripting/monoscript/fileName/CinemachineConfiner2D.cs: beb10be0db8ff9d3a94bd0a150963b9b -> 
  custom:scripting/monoscript/fileName/LensSettings.cs: 4335e899502c57ee4480b8c9aa915366 -> 
  custom:scripting/monoscript/fileName/CinemachineExternalCamera.cs: d76122377115c288d881064c3f07a3f1 -> 
  custom:scripting/monoscript/fileName/Cinemachine3rdPersonAim.cs: 4bd230d915f070bb3cae23bef6f7ab70 -> 
  custom:scripting/monoscript/fileName/ReflectionHelpers.cs: 60a5d38af3e775d0a421a7ff630d61cc -> 
  custom:scripting/monoscript/fileName/CinemachineVirtualCamera.cs: f16f2dc5bc1261579875c19605c45301 -> 
  custom:scripting/monoscript/fileName/DynamicJoystick.cs: fa6fdbd0de9beec4a70bc764c26bb796 -> 
  custom:scripting/monoscript/fileName/Predictor.cs: d51584936cb5b31b30ee7b444e03385b -> 
  custom:scripting/monoscript/fileName/CinemachineImpulseListener.cs: 6aac146243d38e7a67346170caa40ea1 -> 
  custom:scripting/monoscript/fileName/CinemachineOrbitalTransposerEditor.cs: 5ea2e4bec7ee6c24917bd86647f4bffa -> 
  custom:scripting/monoscript/fileName/CinemachineConfiner2DEditor.cs: 3f4b3d9b17ff5cd560135aa24f822994 -> 
  custom:scripting/monoscript/fileName/RigidbodyVoxelController.cs: d93a52a180fbbe603a59e9aa6da73c83 -> 7ca90fb0e37f14d197d0c5589d1c29f7
  custom:scripting/monoscript/fileName/GroupWeightManipulator.cs: 588749cf3436a8199e762a8e09bc8de7 -> 
  custom:scripting/monoscript/fileName/AxisStatePropertyDrawer.cs: 2d807695a513641e771c78e6c342ff04 -> 
  custom:video-encoder-webm-vp8: eb34c28f22e8b96e1ab97ce403110664 -> 
  custom:scripting/monoscript/fileName/CinemachineScreenComposerGuides.cs: cdc7ea02ccc4c8d1561d98d16760d1ca -> 
  custom:scripting/monoscript/fileName/CinemachinePropertyAttribute.cs: e8158d9725ac3a9129a08e46a4ff7519 -> 
  custom:scripting/monoscript/fileName/CinemachineVirtualCameraEditor.cs: 2e051d0c474634e907fe4123d6e2656e -> 
  custom:scripting/monoscript/fileName/CinemachineMenu.cs: 7b932811d9fa1e44d0d8b2b9ed75adf3 -> 
  custom:scripting/monoscript/fileName/RuntimeUtility.cs: 8c92a9f673836e5d2084dbeb0f10159f -> 
  custom:scripting/monoscript/fileName/CinemachineFreeLook.cs: bebc32b18bc4beddc113bad68624e557 -> 
  custom:scripting/monoscript/fileName/CinemachineSettings.cs: 197f6d5ad32e253546b5afa056a5bba4 -> 
  custom:audio-decoder-ogg-vorbis: bf7c407c2cedff20999df2af8eb42d56 -> 
  custom:scripting/monoscript/fileName/CinemachineGroupComposer.cs: 173a689a80ef321c302f9c045419668f -> 
  custom:scripting/monoscript/fileName/PlayerController.cs: d93a52a180fbbe603a59e9aa6da73c83 -> 
  custom:scripting/monoscript/fileName/CinemachineVirtualCameraBase.cs: c7e60cccdcb14ee2a33da9fd46c1c54f -> 
  custom:scripting/monoscript/fileName/CinemachineFixedSignal.cs: aedcdca7a861da6e456e0ae105b24c41 -> 
  custom:scripting/monoscript/fileName/CinemachineShotClipEditor.cs: 123a48531bf1d1b4f3c8398556caec62 -> 
  custom:scripting/monoscript/fileName/CinemachineNoiseSettingsEditor.cs: 9056e69d9c759ba2504535054fff31c9 -> 
  custom:scripting/monoscript/fileName/CinemachineTouchInputMapper.cs: b9698729a07a7d31c864247e0582b566 -> 
  custom:scripting/monoscript/fileName/CinemachineTriggerAction.cs: cab9c5d02c28af05797c2c3743539bdb -> 
  custom:scripting/monoscript/fileName/InspectorUtility.cs: e13a8546bf784ce9963c508abb88926b -> 
  custom:CustomObjectIndexerAttribute: 9a22284fe3817be447336de3de66b15e -> 
  custom:scripting/monoscript/fileName/CinemachinePOV.cs: e4df06d1994174afa286b103eb06ee7f -> 
  custom:scripting/monoscript/fileName/CinemachineBlenderSettingsEditor.cs: c57aa7de12bc3e7367ca091f4902c67b -> 
  custom:scripting/monoscript/fileName/CinemachineBlend.cs: f33659d50c4d86144d649aa7e8196529 -> 
  custom:scripting/precompiled-assembly-types:Cinemachine: 54c8b091bb91c32bfeada952c9c53e21 -> 
  custom:scripting/monoscript/fileName/CinemachineImpulseDefinition.cs: 3d434086a2bdaf715abf85e79e9f14b4 -> 
  custom:scripting/precompiled-assembly-types:com.unity.cinemachine.editor: e24bde9f61664824443e2ae04112f2bb -> 
  custom:scripting/monoscript/fileName/CinemachineFreeLookEditor.cs: 9641291977c1891a004ac4c4c259e1c8 -> 
  custom:scripting/monoscript/fileName/CinemachineTransposerEditor.cs: 85841a774ddea4fb7232a7a585f716b4 -> 
  custom:scripting/monoscript/fileName/FloatingJoystickEditor.cs: 20a94efd412f2009d4e6722fe16a3051 -> 
  custom:scripting/monoscript/fileName/clipper.cs: 2a50e35a835148907b3c1fa8e187ab2b -> 
  custom:scripting/monoscript/fileName/NoiseSettings.cs: 443d576e0c72ab62870476103c9384ec -> 
  custom:scripting/monoscript/fileName/VariableJoystick.cs: 6a21e483212ef280c767be5522709419 -> 
  custom:scripting/monoscript/fileName/GaussianFilter.cs: 0a3672ebe80edf7c5daca82445c15683 -> 
  custom:scripting/monoscript/fileName/CinemachineSceneTools.cs: d63880a6073ab3335301b115db235b5b -> 
  custom:scripting/monoscript/fileName/Cinemachine3rdPersonFollowEditor.cs: f79aa162534f81c680877e6274b5d6ec -> 
  custom:scripting/monoscript/fileName/EmbeddedAssetPropertyDrawer.cs: fd7ebc18093de04c88d0cfc86fb060f5 -> 
  custom:scripting/monoscript/fileName/FixedJoystick.cs: ceaced0056a716bd82a85e0f3d488361 -> 
  custom:container-demuxer-webm: 4f35f7cbe854078d1ac9338744f61a02 -> 
  custom:scripting/monoscript/fileName/CinemachineTriggerActionEditor.cs: 2309a2ec6192ace4cae8bab5a535978e -> 
  custom:scripting/monoscript/fileName/ConfinerOven.cs: ff23c03e90b61beb34474fc6e4ff668c -> 
  custom:scripting/monoscript/fileName/VcamTargetPropertyDrawer.cs: 9208050b1312b118a226fef2d63e8fa1 -> 
  custom:scripting/monoscript/fileName/CinemachineCollisionImpulseSource.cs: 9aae5e368cb7786be199f98f2122f96d -> 
  custom:scripting/monoscript/fileName/CinemachineClearShotEditor.cs: ca8875b47e775cd361c78158d7923690 -> 
  custom:scripting/monoscript/fileName/WaveformWindow.cs: 01bbc4fc017d41a2bab7fb57c988e8da -> 
  custom:scripting/monoscript/fileName/CinemachinePipeline.cs: 6ca7a5979a0a73ea1d450a8fc9b437ef -> 
  custom:scripting/monoscript/fileName/CinemachineEditorAnalytics.cs: de76cc292d7ecedcf47af6616498c9f9 -> 
  custom:scripting/monoscript/fileName/Joystick.cs: c13c665079b3ba178e3a8ef05c62070b -> 
  custom:scripting/monoscript/fileName/NoiseSettingsPropertyDrawer.cs: 8d3f69ba7eeec63914970bd3136b6ace -> 
  custom:scripting/monoscript/fileName/VcamStageEditor.cs: 84b0eaf932b448975a99972628e556d8 -> 
  custom:scripting/monoscript/fileName/CinemachineBrainEditor.cs: 49621d8b7679c0b5d128fef53d55becd -> 
  custom:scripting/monoscript/fileName/CinemachineFramingTransposerEditor.cs: 1653e1c00b2ca68b1d40f01e5bfb8445 -> 
  custom:scripting/monoscript/fileName/CinemachineShotEditor.cs: 2ba28b209a4ad7f0a791994d2360a9af -> 
  custom:scripting/monoscript/fileName/CinemachineStateDrivenCameraEditor.cs: 77d9f0a97385f936d9b4ffaa686bce39 -> 
  custom:scripting/monoscript/fileName/OrbitalTransposerHeadingPropertyDrawer.cs: 22496b76ce84f35f630c90badc4babd8 -> 
  custom:scripting/monoscript/fileName/CinemachineHardLockToTargetEditor.cs: c65eaafd47115974a2a9379aae467b0e -> 
  custom:scripting/monoscript/fileName/CinemachinePathEditor.cs: ce10985fbf0e018e2dea63fedae131ba -> 
  custom:scripting/monoscript/fileName/CinemachineCollider.cs: 8fa92f525b1c31cd81812685d7f8c288 -> 
  custom:audio-encoder-webm-vorbis: bf7c407c2cedff20999df2af8eb42d56 -> 
  custom:scripting/monoscript/fileName/CameraState.cs: 6ae7088fa20820e052d1e4d86059e90b -> 
  custom:scripting/monoscript/fileName/CinemachineToolbarOverlay.cs: 371b6fc494252d6fda34e207e170cb66 -> 
  custom:scripting/precompiled-assembly-types:Assembly-CSharp-Editor: f7c7739fc303cafe5879da7512dd0656 -> 
  custom:scripting/monoscript/fileName/CinemachineCollisionImpulseSourceEditor.cs: 29f9a522ec6b23375849ba08fd597c8d -> 
  custom:scripting/monoscript/fileName/JumpButton.cs: 82e6d242617ad477f32ce19b2a5161b4 -> 
  custom:scripting/monoscript/fileName/CinemachineIndependentImpulseListener.cs: 91ae8748b9c36955c333e57505ff90fb -> 
  custom:scripting/monoscript/fileName/CinemachineMixingCameraEditor.cs: 1c122a21d710512fec62cdc7bd351681 -> 
  custom:scripting/monoscript/fileName/CinemachinePostProcessing.cs: bf9b100a1b61fd5383288bc96487c194 -> 
  custom:scripting/monoscript/fileName/CinemachineInputProvider.cs: ecb845de690695f08b3b3bb647cc7006 -> 
  custom:scripting/monoscript/fileName/CinemachineColliderEditor.cs: 859d1abbd669ee84cb713f6d4d0e1c5f -> 
  custom:scripting/monoscript/fileName/CinemachineSameAsFollowTarget.cs: bcfa2d394e1e5460b4ef3dc039214a16 -> 
  custom:scripting/monoscript/fileName/CinemachineExtension.cs: 6968db4afcdc301f6acb1ef4fbadb2f4 -> 
  custom:scripting/monoscript/fileName/CinemachineTargetGroup.cs: 10a09aa736b3a25da6dd9fc3c4dd9d36 -> 
  custom:scripting/monoscript/fileName/CinemachineVirtualCameraBaseEditor.cs: 13ee4931cd85df4b22852d0547b5e690 -> 
  custom:scripting/monoscript/fileName/UpdateTracker.cs: 3dac8a24a32a32e4bbfeb38ed26ef250 -> 
  custom:scripting/monoscript/fileName/CinemachineComposerEditor.cs: dda533b9c6cb2b366292f584704bd904 -> 
  custom:scripting/monoscript/fileName/FloatingJoystick.cs: 516035e2342d093d90fb2bd11ff41e68 -> 
  custom:scripting/monoscript/fileName/Cinemachine3rdPersonFollow.cs: 4600bac2bdf6b37d80e86f9aa5a413c3 -> 
  custom:scripting/monoscript/fileName/EmbeddedAssetHelpers.cs: 90647cc400823b41df847a6cbfc29026 -> 
  custom:scripting/precompiled-assembly-types:Assembly-CSharp: e2d62612d1b4a1d9f29736dbfe0c71cb -> 98724c9a75c5cf593f713ad668a0273b
  custom:scripting/monoscript/fileName/CinemachineBlendListCamera.cs: 66104ac24fef171d9f5d5b93a8cb2f83 -> 
  custom:scripting/monoscript/fileName/CinemachineComponentBase.cs: 5293f153c13e9bd2fc262ec31ff69206 -> 
  custom:scripting/monoscript/fileName/BaseEditor.cs: 90647cc400823b41df847a6cbfc29026 -> 
  custom:container-muxer-webm: aa71ff27fc2769a1b78a27578f13a17b -> 
  custom:scripting/monoscript/fileName/SaveDuringPlay.cs: de39f1962b337699845d3d8a2e8f5bde -> 
